AUD_USD,H4,0,0.0288138111708,0.962312481332
AUD_USD,H4,500,6.10512678219e-05,0.908733763034
AUD_USD,H4,1000,3.58450278695e-05,0.902232726182
AUD_USD,H4,1500,2.9397126448e-05,0.900045509331
AUD_USD,H4,2000,2.66396285069e-05,0.899304869858
AUD_USD,H4,2500,2.50452828594e-05,0.899064543257
AUD_USD,H4,3000,2.3982034148e-05,0.898984921655
AUD_USD,H4,3500,2.32203117637e-05,0.898941785254
AUD_USD,H4,4000,2.26494234023e-05,0.898891557614
AUD_USD,H4,4500,2.22066630186e-05,0.898821274636
AUD_USD,H4,5000,2.1853362527e-05,0.898729282854
AUD_USD,H4,5500,2.1564443882e-05,0.8986177171
AUD_USD,H4,6000,2.13230552024e-05,0.898489626412
AUD_USD,H4,6500,2.11175501351e-05,0.898347948118
AUD_USD,H4,7000,2.09396881116e-05,0.89819520566
AUD_USD,H4,7500,2.07835183952e-05,0.898033475862
AUD_USD,H4,8000,2.06446657416e-05,0.897864444218
AUD_USD,H4,8500,2.05198606172e-05,0.897689478477
AUD_USD,H4,9000,2.04066229392e-05,0.897509696165
AUD_USD,H4,9500,2.03030448074e-05,0.897326019543
AUD_USD,H4,10000,2.0207638612e-05,0.897139218087
AUD_USD,H4,10500,2.01192292347e-05,0.896949940569
AUD_USD,H4,11000,2.00368765419e-05,0.896758739106
AUD_USD,H4,11500,1.99598190198e-05,0.896566087229
AUD_USD,H4,12000,1.98874323669e-05,0.896372393584
AUD_USD,H4,12500,1.98191987909e-05,0.89617801245
AUD_USD,H4,13000,1.97546840446e-05,0.895983251963
AUD_USD,H4,13500,1.96935201046e-05,0.895788380659
AUD_USD,H4,14000,1.96353919982e-05,0.895593632773
AUD_USD,H4,14500,1.95800276999e-05,0.895399212622
AUD_USD,H4,15000,1.95271903172e-05,0.895205298274
AUD_USD,H4,15500,1.94766719928e-05,0.895012044678
AUD_USD,H4,16000,1.94282891042e-05,0.89481958635
AUD_USD,H4,16500,1.93818784484e-05,0.894628039719
AUD_USD,H4,17000,1.93372941827e-05,0.894437505173
AUD_USD,H4,17500,1.92944053469e-05,0.894248068867
AUD_USD,H4,18000,1.92530938382e-05,0.894059804322
AUD_USD,H4,18500,1.92132527407e-05,0.89387277384
AUD_USD,H4,19000,1.91747849345e-05,0.893687029766
AUD_USD,H4,19500,1.91376019276e-05,0.893502615614
AUD_USD,H4,20000,1.91016228673e-05,0.893319567062
AUD_USD,H4,20500,1.90667736961e-05,0.89313791285
AUD_USD,H4,21000,1.9032986427e-05,0.892957675575
AUD_USD,H4,21500,1.90001985159e-05,0.892778872399
AUD_USD,H4,22000,1.89683523157e-05,0.892601515684
AUD_USD,H4,22500,1.89373945985e-05,0.892425613559
AUD_USD,H4,23000,1.89072761359e-05,0.892251170418
AUD_USD,H4,23500,1.88779513271e-05,0.892078187378
AUD_USD,H4,24000,1.88493778705e-05,0.891906662671
AUD_USD,H4,24500,1.88215164703e-05,0.891736592007
AUD_USD,H4,25000,1.8794330575e-05,0.891567968886
AUD_USD,H4,25500,1.8767786143e-05,0.891400784887
AUD_USD,H4,26000,1.87418514324e-05,0.891235029915
AUD_USD,H4,26500,1.87164968111e-05,0.891070692429
AUD_USD,H4,27000,1.86916945866e-05,0.890907759641
AUD_USD,H4,27500,1.86674188509e-05,0.890746217691
AUD_USD,H4,28000,1.86436453408e-05,0.890586051809
AUD_USD,H4,28500,1.86203513108e-05,0.890427246453
AUD_USD,H4,29000,1.85975154178e-05,0.890269785435
AUD_USD,H4,29500,1.8575117616e-05,0.890113652033
AUD_USD,H4,30000,1.85531390608e-05,0.889958829088
AUD_USD,H4,30500,1.85315620219e-05,0.88980529909
AUD_USD,H4,31000,1.85103698026e-05,0.889653044263
AUD_USD,H4,31500,1.84895466671e-05,0.889502046624
AUD_USD,H4,32000,1.84690777732e-05,0.889352288052
AUD_USD,H4,32500,1.84489491107e-05,0.889203750337
AUD_USD,H4,33000,1.84291474445e-05,0.889056415232
AUD_USD,H4,33500,1.84096602631e-05,0.888910264491
AUD_USD,H4,34000,1.83904757299e-05,0.888765279909
AUD_USD,H4,34500,1.83715826398e-05,0.888621443353
AUD_USD,H4,35000,1.83529703773e-05,0.888478736791
AUD_USD,H4,35500,1.83346288798e-05,0.888337142319
AUD_USD,H4,36000,1.8316548602e-05,0.888196642179
AUD_USD,H4,36500,1.82987204839e-05,0.888057218781
AUD_USD,H4,37000,1.82811359207e-05,0.887918854719
AUD_USD,H4,37500,1.82637867349e-05,0.887781532785
AUD_USD,H4,38000,1.8246665151e-05,0.887645235979
AUD_USD,H4,38500,1.82297637708e-05,0.887509947524
AUD_USD,H4,39000,1.82130755516e-05,0.887375650868
AUD_USD,H4,39500,1.81965937852e-05,0.887242329699
AUD_USD,H4,40000,1.81803120786e-05,0.887109967943
AUD_USD,H4,40500,1.81642243361e-05,0.886978549775
AUD_USD,H4,41000,1.81483247421e-05,0.886848059618
AUD_USD,H4,41500,1.81326077455e-05,0.88671848215
AUD_USD,H4,42000,1.81170680453e-05,0.8865898023
AUD_USD,H4,42500,1.81017005764e-05,0.886462005255
AUD_USD,H4,43000,1.8086500497e-05,0.886335076459
AUD_USD,H4,43500,1.80714631763e-05,0.886209001611
AUD_USD,H4,44000,1.80565841835e-05,0.886083766663
AUD_USD,H4,44500,1.80418592769e-05,0.885959357825
AUD_USD,H4,45000,1.8027284394e-05,0.885835761557
AUD_USD,H4,45500,1.80128556424e-05,0.885712964572
AUD_USD,H4,46000,1.79985692906e-05,0.885590953829
AUD_USD,H4,46500,1.79844217602e-05,0.885469716536
AUD_USD,H4,47000,1.79704096176e-05,0.885349240142
AUD_USD,H4,47500,1.79565295672e-05,0.885229512339
AUD_USD,H4,48000,1.79427784441e-05,0.885110521054
AUD_USD,H4,48500,1.7929153208e-05,0.88499225445
AUD_USD,H4,49000,1.79156509366e-05,0.884874700921
AUD_USD,H4,49500,1.79022688203e-05,0.884757849087
AUD_USD,H4,50000,1.78890041565e-05,0.884641687793
AUD_USD,H4,50500,1.78758543443e-05,0.884526206105
AUD_USD,H4,51000,1.78628168802e-05,0.884411393303
AUD_USD,H4,51500,1.78498893528e-05,0.884297238882
AUD_USD,H4,52000,1.78370694389e-05,0.884183732545
AUD_USD,H4,52500,1.78243548994e-05,0.884070864201
AUD_USD,H4,53000,1.78117435753e-05,0.883958623961
AUD_USD,H4,53500,1.77992333839e-05,0.883847002131
AUD_USD,H4,54000,1.77868223156e-05,0.883735989214
AUD_USD,H4,54500,1.77745084304e-05,0.883625575901
AUD_USD,H4,55000,1.77622898548e-05,0.883515753071
AUD_USD,H4,55500,1.77501647788e-05,0.883406511783
AUD_USD,H4,56000,1.77381314535e-05,0.883297843278
AUD_USD,H4,56500,1.77261881876e-05,0.88318973897
AUD_USD,H4,57000,1.77143333457e-05,0.883082190445
AUD_USD,H4,57500,1.77025653455e-05,0.882975189458
AUD_USD,H4,58000,1.76908826555e-05,0.882868727928
AUD_USD,H4,58500,1.76792837929e-05,0.882762797934
AUD_USD,H4,59000,1.76677673217e-05,0.882657391713
AUD_USD,H4,59500,1.76563318503e-05,0.882552501658
AUD_USD,H4,60000,1.76449760303e-05,0.88244812031
AUD_USD,H4,60500,1.76336985542e-05,0.882344240359
AUD_USD,H4,61000,1.76224981536e-05,0.882240854638
AUD_USD,H4,61500,1.76113735984e-05,0.882137956123
AUD_USD,H4,62000,1.76003236942e-05,0.882035537927
AUD_USD,H4,62500,1.75893472818e-05,0.881933593298
AUD_USD,H4,63000,1.75784432351e-05,0.881832115615
AUD_USD,H4,63500,1.75676104604e-05,0.881731098386
AUD_USD,H4,64000,1.75568478944e-05,0.881630535248
AUD_USD,H4,64500,1.75461545039e-05,0.881530419957
AUD_USD,H4,65000,1.75355292837e-05,0.881430746392
AUD_USD,H4,65500,1.75249712563e-05,0.88133150855
AUD_USD,H4,66000,1.75144794704e-05,0.881232700541
AUD_USD,H4,66500,1.75040530002e-05,0.881134316588
AUD_USD,H4,67000,1.7493690944e-05,0.881036351027
AUD_USD,H4,67500,1.74833924239e-05,0.880938798297
AUD_USD,H4,68000,1.74731565843e-05,0.880841652944
AUD_USD,H4,68500,1.74629825917e-05,0.880744909617
AUD_USD,H4,69000,1.74528696335e-05,0.880648563065
AUD_USD,H4,69500,1.74428169171e-05,0.880552608134
AUD_USD,H4,70000,1.74328236697e-05,0.880457039767
AUD_USD,H4,70500,1.74228891373e-05,0.880361853
AUD_USD,H4,71000,1.74130125838e-05,0.88026704296
AUD_USD,H4,71500,1.7403193291e-05,0.880172604863
AUD_USD,H4,72000,1.73934305572e-05,0.880078534015
AUD_USD,H4,72500,1.73837236974e-05,0.879984825803
AUD_USD,H4,73000,1.73740720422e-05,0.879891475702
AUD_USD,H4,73500,1.73644749374e-05,0.879798479265
AUD_USD,H4,74000,1.73549317435e-05,0.879705832127
AUD_USD,H4,74500,1.73454418355e-05,0.879613529998
AUD_USD,H4,75000,1.73360046019e-05,0.879521568667
AUD_USD,H4,75500,1.73266194445e-05,0.879429943996
AUD_USD,H4,76000,1.73172857782e-05,0.87933865192
AUD_USD,H4,76500,1.73080030302e-05,0.879247688445
AUD_USD,H4,77000,1.72987706398e-05,0.879157049645
AUD_USD,H4,77500,1.7289588058e-05,0.879066731665
AUD_USD,H4,78000,1.72804547471e-05,0.878976730715
AUD_USD,H4,78500,1.72713701803e-05,0.878887043067
AUD_USD,H4,79000,1.72623338416e-05,0.878797665062
AUD_USD,H4,79500,1.7253345225e-05,0.878708593098
AUD_USD,H4,80000,1.72444038349e-05,0.878619823636
AUD_USD,H4,80500,1.72355091851e-05,0.878531353196
AUD_USD,H4,81000,1.72266607987e-05,0.878443178357
AUD_USD,H4,81500,1.72178582081e-05,0.878355295752
AUD_USD,H4,82000,1.72091009546e-05,0.878267702072
AUD_USD,H4,82500,1.72003885879e-05,0.878180394062
AUD_USD,H4,83000,1.71917206661e-05,0.878093368519
AUD_USD,H4,83500,1.71830967555e-05,0.878006622293
AUD_USD,H4,84000,1.71745164301e-05,0.877920152283
AUD_USD,H4,84500,1.71659792718e-05,0.87783395544
AUD_USD,H4,85000,1.71574848696e-05,0.877748028762
AUD_USD,H4,85500,1.71490328199e-05,0.877662369295
AUD_USD,H4,86000,1.71406227262e-05,0.877576974132
AUD_USD,H4,86500,1.71322541988e-05,0.877491840412
AUD_USD,H4,87000,1.71239268545e-05,0.877406965317
AUD_USD,H4,87500,1.71156403167e-05,0.877322346074
AUD_USD,H4,88000,1.71073942152e-05,0.877237979951
AUD_USD,H4,88500,1.70991881857e-05,0.877153864261
AUD_USD,H4,89000,1.70910218701e-05,0.877069996354
AUD_USD,H4,89500,1.70828949159e-05,0.876986373624
AUD_USD,H4,90000,1.70748069765e-05,0.876902993502
AUD_USD,H4,90500,1.70667577107e-05,0.876819853457
AUD_USD,H4,91000,1.70587467827e-05,0.876736950997
AUD_USD,H4,91500,1.70507738619e-05,0.876654283667
AUD_USD,H4,92000,1.7042838623e-05,0.876571849047
AUD_USD,H4,92500,1.70349407455e-05,0.876489644752
AUD_USD,H4,93000,1.7027079914e-05,0.876407668435
AUD_USD,H4,93500,1.70192558175e-05,0.876325917779
AUD_USD,H4,94000,1.701146815e-05,0.876244390502
AUD_USD,H4,94500,1.70037166099e-05,0.876163084355
AUD_USD,H4,95000,1.69960009e-05,0.87608199712
AUD_USD,H4,95500,1.69883207274e-05,0.876001126612
AUD_USD,H4,96000,1.69806758036e-05,0.875920470675
AUD_USD,H4,96500,1.69730658441e-05,0.875840027183
AUD_USD,H4,97000,1.69654905683e-05,0.875759794043
AUD_USD,H4,97500,1.69579496999e-05,0.875679769185
AUD_USD,H4,98000,1.6950442966e-05,0.875599950574
AUD_USD,H4,98500,1.69429700979e-05,0.875520336197
AUD_USD,H4,99000,1.69355308304e-05,0.875440924072
AUD_USD,H4,99500,1.69281249018e-05,0.875361712244
AUD_USD,H4,100000,1.69207520541e-05,0.875282698781
AUD_USD,H4,100500,1.69134120326e-05,0.875203881781
AUD_USD,H4,101000,1.69061045863e-05,0.875125259364
AUD_USD,H4,101500,1.68988294671e-05,0.875046829676
AUD_USD,H4,102000,1.68915864303e-05,0.874968590889
AUD_USD,H4,102500,1.68843752346e-05,0.874890541197
AUD_USD,H4,103000,1.68771956414e-05,0.874812678817
AUD_USD,H4,103500,1.68700474155e-05,0.874735001991
AUD_USD,H4,104000,1.68629303245e-05,0.874657508984
AUD_USD,H4,104500,1.68558441389e-05,0.87458019808
AUD_USD,H4,105000,1.68487886323e-05,0.874503067588
AUD_USD,H4,105500,1.68417635808e-05,0.874426115838
AUD_USD,H4,106000,1.68347687634e-05,0.874349341181
AUD_USD,H4,106500,1.68278039619e-05,0.874272741986
AUD_USD,H4,107000,1.68208689606e-05,0.874196316647
AUD_USD,H4,107500,1.68139635465e-05,0.874120063576
AUD_USD,H4,108000,1.68070875091e-05,0.874043981202
AUD_USD,H4,108500,1.68002406403e-05,0.873968067978
AUD_USD,H4,109000,1.67934227347e-05,0.873892322373
AUD_USD,H4,109500,1.67866335892e-05,0.873816742876
AUD_USD,H4,110000,1.67798730029e-05,0.873741327993
AUD_USD,H4,110500,1.67731407776e-05,0.873666076249
AUD_USD,H4,111000,1.67664367169e-05,0.873590986188
AUD_USD,H4,111500,1.67597606271e-05,0.873516056368
AUD_USD,H4,112000,1.67531123164e-05,0.873441285369
AUD_USD,H4,112500,1.67464915953e-05,0.873366671783
AUD_USD,H4,113000,1.67398982765e-05,0.873292214222
AUD_USD,H4,113500,1.67333321745e-05,0.873217911313
AUD_USD,H4,114000,1.67267931061e-05,0.8731437617
AUD_USD,H4,114500,1.67202808901e-05,0.873069764041
AUD_USD,H4,115000,1.67137953472e-05,0.872995917012
AUD_USD,H4,115500,1.67073363002e-05,0.872922219303
AUD_USD,H4,116000,1.67009035735e-05,0.872848669619
AUD_USD,H4,116500,1.66944969938e-05,0.87277526668
AUD_USD,H4,117000,1.66881163894e-05,0.872702009221
AUD_USD,H4,117500,1.66817615904e-05,0.872628895992
AUD_USD,H4,118000,1.66754324288e-05,0.872555925755
AUD_USD,H4,118500,1.66691287384e-05,0.872483097289
AUD_USD,H4,119000,1.66628503547e-05,0.872410409384
AUD_USD,H4,119500,1.66565971148e-05,0.872337860846
AUD_USD,H4,120000,1.66503688576e-05,0.872265450493
AUD_USD,H4,120500,1.66441654236e-05,0.872193177155
AUD_USD,H4,121000,1.66379866551e-05,0.872121039678
AUD_USD,H4,121500,1.66318323958e-05,0.872049036919
AUD_USD,H4,122000,1.6625702491e-05,0.871977167746
AUD_USD,H4,122500,1.66195967876e-05,0.871905431044
AUD_USD,H4,123000,1.66135151342e-05,0.871833825705
AUD_USD,H4,123500,1.66074573807e-05,0.871762350637
AUD_USD,H4,124000,1.66014233785e-05,0.871691004757
AUD_USD,H4,124500,1.65954129805e-05,0.871619786997
AUD_USD,H4,125000,1.65894260411e-05,0.871548696298
AUD_USD,H4,125500,1.65834624161e-05,0.871477731613
AUD_USD,H4,126000,1.65775219627e-05,0.871406891906
AUD_USD,H4,126500,1.65716045394e-05,0.871336176154
AUD_USD,H4,127000,1.65657100062e-05,0.871265583341
AUD_USD,H4,127500,1.65598382244e-05,0.871195112467
AUD_USD,H4,128000,1.65539890565e-05,0.871124762539
AUD_USD,H4,128500,1.65481623665e-05,0.871054532575
AUD_USD,H4,129000,1.65423580196e-05,0.870984421603
AUD_USD,H4,129500,1.65365758823e-05,0.870914428665
AUD_USD,H4,130000,1.65308158222e-05,0.870844552807
AUD_USD,H4,130500,1.65250777083e-05,0.87077479309
AUD_USD,H4,131000,1.65193614108e-05,0.870705148583
AUD_USD,H4,131500,1.65136668011e-05,0.870635618363
AUD_USD,H4,132000,1.65079937518e-05,0.870566201521
AUD_USD,H4,132500,1.65023421365e-05,0.870496897153
AUD_USD,H4,133000,1.64967118301e-05,0.870427704366
AUD_USD,H4,133500,1.64911027087e-05,0.870358622277
AUD_USD,H4,134000,1.64855146494e-05,0.870289650012
AUD_USD,H4,134500,1.64799475305e-05,0.870220786704
AUD_USD,H4,135000,1.64744012313e-05,0.870152031498
AUD_USD,H4,135500,1.64688756322e-05,0.870083383545
AUD_USD,H4,136000,1.64633706147e-05,0.870014842006
AUD_USD,H4,136500,1.64578860614e-05,0.869946406051
AUD_USD,H4,137000,1.64524218559e-05,0.869878074857
AUD_USD,H4,137500,1.64469778827e-05,0.869809847611
AUD_USD,H4,138000,1.64415540275e-05,0.869741723507
AUD_USD,H4,138500,1.64361501769e-05,0.869673701747
AUD_USD,H4,139000,1.64307662185e-05,0.869605781543
AUD_USD,H4,139500,1.64254020408e-05,0.869537962113
AUD_USD,H4,140000,1.64200575335e-05,0.869470242683
AUD_USD,H4,140500,1.6414732587e-05,0.869402622488
AUD_USD,H4,141000,1.64094270927e-05,0.86933510077
AUD_USD,H4,141500,1.6404140943e-05,0.869267676778
AUD_USD,H4,142000,1.63988740311e-05,0.869200349769
AUD_USD,H4,142500,1.63936262513e-05,0.869133119009
AUD_USD,H4,143000,1.63883974987e-05,0.869065983768
AUD_USD,H4,143500,1.63831876691e-05,0.868998943326
AUD_USD,H4,144000,1.63779966593e-05,0.868931996969
AUD_USD,H4,144500,1.63728243672e-05,0.86886514399
AUD_USD,H4,145000,1.63676706912e-05,0.868798383691
AUD_USD,H4,145500,1.63625355306e-05,0.868731715377
AUD_USD,H4,146000,1.63574187858e-05,0.868665138364
AUD_USD,H4,146500,1.63523203578e-05,0.868598651972
AUD_USD,H4,147000,1.63472401483e-05,0.868532255528
AUD_USD,H4,147500,1.63421780601e-05,0.868465948368
AUD_USD,H4,148000,1.63371339965e-05,0.868399729831
AUD_USD,H4,148500,1.63321078619e-05,0.868333599266
AUD_USD,H4,149000,1.63270995612e-05,0.868267556025
AUD_USD,H4,149500,1.63221090002e-05,0.868201599469
AUD_USD,H4,150000,1.63171360854e-05,0.868135728964
AUD_USD,H4,150500,1.63121807241e-05,0.868069943883
AUD_USD,H4,151000,1.63072428243e-05,0.868004243605
AUD_USD,H4,151500,1.63023222948e-05,0.867938627513
AUD_USD,H4,152000,1.6297419045e-05,0.867873094999
AUD_USD,H4,152500,1.62925329851e-05,0.867807645459
AUD_USD,H4,153000,1.62876640261e-05,0.867742278296
AUD_USD,H4,153500,1.62828120795e-05,0.867676992919
AUD_USD,H4,154000,1.62779770576e-05,0.867611788741
AUD_USD,H4,154500,1.62731588735e-05,0.867546665182
AUD_USD,H4,155000,1.62683574406e-05,0.867481621668
AUD_USD,H4,155500,1.62635726735e-05,0.86741665763
AUD_USD,H4,156000,1.6258804487e-05,0.867351772504
AUD_USD,H4,156500,1.62540527969e-05,0.867286965732
AUD_USD,H4,157000,1.62493175193e-05,0.867222236761
AUD_USD,H4,157500,1.62445985713e-05,0.867157585046
AUD_USD,H4,158000,1.62398958704e-05,0.867093010042
AUD_USD,H4,158500,1.62352093349e-05,0.867028511215
AUD_USD,H4,159000,1.62305388834e-05,0.866964088031
AUD_USD,H4,159500,1.62258844356e-05,0.866899739965
AUD_USD,H4,160000,1.62212459113e-05,0.866835466496
AUD_USD,H4,160500,1.62166232313e-05,0.866771267107
AUD_USD,H4,161000,1.62120163168e-05,0.866707141287
AUD_USD,H4,161500,1.62074250896e-05,0.866643088529
AUD_USD,H4,162000,1.62028494722e-05,0.866579108332
AUD_USD,H4,162500,1.61982893875e-05,0.8665152002
AUD_USD,H4,163000,1.61937447591e-05,0.86645136364
AUD_USD,H4,163500,1.61892155111e-05,0.866387598165
AUD_USD,H4,164000,1.61847015682e-05,0.866323903293
AUD_USD,H4,164500,1.61802028557e-05,0.866260278545
AUD_USD,H4,165000,1.61757192993e-05,0.86619672345
AUD_USD,H4,165500,1.61712508255e-05,0.866133237537
AUD_USD,H4,166000,1.61667973609e-05,0.866069820342
AUD_USD,H4,166500,1.61623588331e-05,0.866006471407
AUD_USD,H4,167000,1.615793517e-05,0.865943190275
AUD_USD,H4,167500,1.61535263e-05,0.865879976496
AUD_USD,H4,168000,1.61491321522e-05,0.865816829622
AUD_USD,H4,168500,1.61447526559e-05,0.865753749212
AUD_USD,H4,169000,1.61403877411e-05,0.865690734828
AUD_USD,H4,169500,1.61360373384e-05,0.865627786034
AUD_USD,H4,170000,1.61317013787e-05,0.865564902403
AUD_USD,H4,170500,1.61273797935e-05,0.865502083507
AUD_USD,H4,171000,1.61230725147e-05,0.865439328926
AUD_USD,H4,171500,1.61187794749e-05,0.865376638242
AUD_USD,H4,172000,1.61145006068e-05,0.865314011041
AUD_USD,H4,172500,1.61102358439e-05,0.865251446913
AUD_USD,H4,173000,1.610598512e-05,0.865188945454
AUD_USD,H4,173500,1.61017483696e-05,0.865126506261
AUD_USD,H4,174000,1.60975255272e-05,0.865064128937
AUD_USD,H4,174500,1.60933165282e-05,0.865001813086
AUD_USD,H4,175000,1.60891213082e-05,0.86493955832
AUD_USD,H4,175500,1.60849398034e-05,0.86487736425
AUD_USD,H4,176000,1.60807719503e-05,0.864815230495
AUD_USD,H4,176500,1.6076617686e-05,0.864753156675
AUD_USD,H4,177000,1.60724769478e-05,0.864691142414
AUD_USD,H4,177500,1.60683496737e-05,0.864629187341
AUD_USD,H4,178000,1.60642358018e-05,0.864567291087
AUD_USD,H4,178500,1.6060135271e-05,0.864505453287
AUD_USD,H4,179000,1.60560480204e-05,0.864443673579
AUD_USD,H4,179500,1.60519739895e-05,0.864381951605
AUD_USD,H4,180000,1.60479131182e-05,0.864320287012
AUD_USD,H4,180500,1.60438653469e-05,0.864258679448
AUD_USD,H4,181000,1.60398306163e-05,0.864197128564
AUD_USD,H4,181500,1.60358088677e-05,0.864135634017
AUD_USD,H4,182000,1.60318000425e-05,0.864074195466
AUD_USD,H4,182500,1.60278040827e-05,0.864012812572
AUD_USD,H4,183000,1.60238209307e-05,0.863951485
AUD_USD,H4,183500,1.6019850529e-05,0.86389021242
AUD_USD,H4,184000,1.60158928209e-05,0.863828994503
AUD_USD,H4,184500,1.60119477497e-05,0.863767830924
AUD_USD,H4,185000,1.60080152593e-05,0.863706721361
AUD_USD,H4,185500,1.6004095294e-05,0.863645665494
AUD_USD,H4,186000,1.60001877982e-05,0.863584663009
AUD_USD,H4,186500,1.5996292717e-05,0.863523713592
AUD_USD,H4,187000,1.59924099956e-05,0.863462816933
AUD_USD,H4,187500,1.59885395796e-05,0.863401972726
AUD_USD,H4,188000,1.59846814151e-05,0.863341180666
AUD_USD,H4,188500,1.59808354485e-05,0.863280440453
AUD_USD,H4,189000,1.59770016264e-05,0.863219751788
AUD_USD,H4,189500,1.59731798958e-05,0.863159114376
AUD_USD,H4,190000,1.59693702043e-05,0.863098527925
AUD_USD,H4,190500,1.59655724994e-05,0.863037992144
AUD_USD,H4,191000,1.59617867292e-05,0.862977506749
AUD_USD,H4,191500,1.59580128422e-05,0.862917071453
AUD_USD,H4,192000,1.59542507871e-05,0.862856685976
AUD_USD,H4,192500,1.59505005128e-05,0.862796350039
AUD_USD,H4,193000,1.59467619688e-05,0.862736063367
AUD_USD,H4,193500,1.59430351048e-05,0.862675825685
AUD_USD,H4,194000,1.59393198708e-05,0.862615636724
AUD_USD,H4,194500,1.5935616217e-05,0.862555496215
AUD_USD,H4,195000,1.59319240942e-05,0.862495403893
AUD_USD,H4,195500,1.59282434533e-05,0.862435359494
AUD_USD,H4,196000,1.59245742454e-05,0.862375362759
AUD_USD,H4,196500,1.59209164223e-05,0.862315413429
AUD_USD,H4,197000,1.59172699357e-05,0.86225551125
AUD_USD,H4,197500,1.59136347377e-05,0.862195655967
AUD_USD,H4,198000,1.5910010781e-05,0.862135847332
AUD_USD,H4,198500,1.59063980181e-05,0.862076085095
AUD_USD,H4,199000,1.59027964021e-05,0.862016369011
AUD_USD,H4,199500,1.58992058864e-05,0.861956698837
AUD_USD,H4,200000,1.58956264245e-05,0.861897074332
AUD_USD,H4,200500,1.58920579704e-05,0.861837495256
AUD_USD,H4,201000,1.58885004783e-05,0.861777961375
AUD_USD,H4,201500,1.58849539025e-05,0.861718472454
AUD_USD,H4,202000,1.58814181979e-05,0.86165902826
AUD_USD,H4,202500,1.58778933195e-05,0.861599628566
AUD_USD,H4,203000,1.58743792224e-05,0.861540273143
AUD_USD,H4,203500,1.58708758624e-05,0.861480961766
AUD_USD,H4,204000,1.58673831951e-05,0.861421694212
AUD_USD,H4,204500,1.58639011767e-05,0.861362470261
AUD_USD,H4,205000,1.58604297636e-05,0.861303289694
AUD_USD,H4,205500,1.58569689123e-05,0.861244152295
AUD_USD,H4,206000,1.58535185798e-05,0.861185057849
AUD_USD,H4,206500,1.5850078723e-05,0.861126006145
AUD_USD,H4,207000,1.58466492995e-05,0.861066996971
AUD_USD,H4,207500,1.58432302669e-05,0.861008030119
AUD_USD,H4,208000,1.5839821583e-05,0.860949105385
AUD_USD,H4,208500,1.5836423206e-05,0.860890222563
AUD_USD,H4,209000,1.58330350943e-05,0.860831381451
AUD_USD,H4,209500,1.58296572064e-05,0.860772581849
AUD_USD,H4,210000,1.58262895013e-05,0.860713823559
AUD_USD,H4,210500,1.58229319381e-05,0.860655106385
AUD_USD,H4,211000,1.58195844761e-05,0.860596430132
AUD_USD,H4,211500,1.58162470749e-05,0.860537794609
AUD_USD,H4,212000,1.58129196943e-05,0.860479199623
AUD_USD,H4,212500,1.58096022943e-05,0.860420644987
AUD_USD,H4,213000,1.58062948354e-05,0.860362130514
AUD_USD,H4,213500,1.58029972779e-05,0.860303656019
AUD_USD,H4,214000,1.57997095826e-05,0.860245221319
AUD_USD,H4,214500,1.57964317105e-05,0.860186826231
AUD_USD,H4,215000,1.57931636228e-05,0.860128470577
AUD_USD,H4,215500,1.57899052808e-05,0.860070154179
AUD_USD,H4,216000,1.57866566463e-05,0.86001187686
AUD_USD,H4,216500,1.5783417681e-05,0.859953638446
AUD_USD,H4,217000,1.57801883471e-05,0.859895438765
AUD_USD,H4,217500,1.57769686068e-05,0.859837277645
AUD_USD,H4,218000,1.57737584226e-05,0.859779154918
AUD_USD,H4,218500,1.57705577572e-05,0.859721070415
AUD_USD,H4,219000,1.57673665736e-05,0.85966302397
AUD_USD,H4,219500,1.57641848349e-05,0.85960501542
AUD_USD,H4,220000,1.57610125044e-05,0.859547044602
AUD_USD,H4,220500,1.57578495456e-05,0.859489111354
AUD_USD,H4,221000,1.57546959224e-05,0.859431215517
AUD_USD,H4,221500,1.57515515986e-05,0.859373356933
AUD_USD,H4,222000,1.57484165384e-05,0.859315535446
AUD_USD,H4,222500,1.57452907062e-05,0.859257750901
AUD_USD,H4,223000,1.57421740664e-05,0.859200003144
AUD_USD,H4,223500,1.57390665839e-05,0.859142292024
AUD_USD,H4,224000,1.57359682235e-05,0.859084617391
AUD_USD,H4,224500,1.57328789505e-05,0.859026979096
AUD_USD,H4,225000,1.57297987301e-05,0.858969376991
AUD_USD,H4,225500,1.57267275278e-05,0.858911810931
AUD_USD,H4,226000,1.57236653093e-05,0.858854280771
AUD_USD,H4,226500,1.57206120405e-05,0.858796786369
AUD_USD,H4,227000,1.57175676876e-05,0.858739327583
AUD_USD,H4,227500,1.57145322166e-05,0.858681904272
AUD_USD,H4,228000,1.57115055942e-05,0.858624516299
AUD_USD,H4,228500,1.57084877869e-05,0.858567163526
AUD_USD,H4,229000,1.57054787615e-05,0.858509845816
AUD_USD,H4,229500,1.57024784849e-05,0.858452563036
AUD_USD,H4,230000,1.56994869245e-05,0.858395315052
AUD_USD,H4,230500,1.56965040474e-05,0.858338101733
AUD_USD,H4,231000,1.56935298212e-05,0.858280922947
AUD_USD,H4,231500,1.56905642136e-05,0.858223778566
AUD_USD,H4,232000,1.56876071924e-05,0.858166668461
AUD_USD,H4,232500,1.56846587257e-05,0.858109592506
AUD_USD,H4,233000,1.56817187816e-05,0.858052550575
AUD_USD,H4,233500,1.56787873286e-05,0.857995542545
AUD_USD,H4,234000,1.56758643352e-05,0.857938568292
AUD_USD,H4,234500,1.567294977e-05,0.857881627695
AUD_USD,H4,235000,1.56700436019e-05,0.857824720633
AUD_USD,H4,235500,1.56671458e-05,0.857767846988
AUD_USD,H4,236000,1.56642563335e-05,0.857711006641
AUD_USD,H4,236500,1.56613751716e-05,0.857654199475
AUD_USD,H4,237000,1.5658502284e-05,0.857597425375
AUD_USD,H4,237500,1.56556376402e-05,0.857540684226
AUD_USD,H4,238000,1.56527812102e-05,0.857483975915
AUD_USD,H4,238500,1.56499329638e-05,0.857427300331
AUD_USD,H4,239000,1.56470928713e-05,0.857370657361
AUD_USD,H4,239500,1.5644260903e-05,0.857314046896
AUD_USD,H4,240000,1.56414370292e-05,0.857257468828
AUD_USD,H4,240500,1.56386212207e-05,0.857200923049
AUD_USD,H4,241000,1.5635813448e-05,0.857144409451
AUD_USD,H4,241500,1.56330136823e-05,0.857087927931
AUD_USD,H4,242000,1.56302218944e-05,0.857031478382
AUD_USD,H4,242500,1.56274380556e-05,0.856975060703
AUD_USD,H4,243000,1.56246621373e-05,0.856918674791
AUD_USD,H4,243500,1.56218941109e-05,0.856862320545
AUD_USD,H4,244000,1.56191339482e-05,0.856805997863
AUD_USD,H4,244500,1.56163816207e-05,0.856749706649
AUD_USD,H4,245000,1.56136371006e-05,0.856693446802
AUD_USD,H4,245500,1.56109003598e-05,0.856637218227
AUD_USD,H4,246000,1.56081713706e-05,0.856581020827
AUD_USD,H4,246500,1.56054501053e-05,0.856524854507
AUD_USD,H4,247000,1.56027365363e-05,0.856468719172
AUD_USD,H4,247500,1.56000306364e-05,0.85641261473
AUD_USD,H4,248000,1.55973323783e-05,0.856356541089
AUD_USD,H4,248500,1.55946417349e-05,0.856300498157
AUD_USD,H4,249000,1.55919586791e-05,0.856244485844
AUD_USD,H4,249500,1.55892831843e-05,0.856188504061
AUD_USD,H4,250000,1.55866152236e-05,0.856132552719
AUD_USD,H4,250500,1.55839547705e-05,0.85607663173
AUD_USD,H4,251000,1.55813017986e-05,0.856020741009
AUD_USD,H4,251500,1.55786562815e-05,0.855964880469
AUD_USD,H4,252000,1.55760181931e-05,0.855909050026
AUD_USD,H4,252500,1.55733875074e-05,0.855853249595
AUD_USD,H4,253000,1.55707641983e-05,0.855797479094
AUD_USD,H4,253500,1.55681482402e-05,0.855741738441
AUD_USD,H4,254000,1.55655396073e-05,0.855686027554
AUD_USD,H4,254500,1.55629382741e-05,0.855630346352
AUD_USD,H4,255000,1.55603442152e-05,0.855574694757
AUD_USD,H4,255500,1.55577574053e-05,0.855519072689
AUD_USD,H4,256000,1.55551778192e-05,0.85546348007
AUD_USD,H4,256500,1.55526054318e-05,0.855407916824
AUD_USD,H4,257000,1.55500402183e-05,0.855352382874
AUD_USD,H4,257500,1.55474821538e-05,0.855296878144
AUD_USD,H4,258000,1.55449312136e-05,0.855241402561
AUD_USD,H4,258500,1.55423873732e-05,0.855185956049
AUD_USD,H4,259000,1.5539850608e-05,0.855130538536
AUD_USD,H4,259500,1.55373208939e-05,0.855075149949
AUD_USD,H4,260000,1.55347982064e-05,0.855019790217
AUD_USD,H4,260500,1.55322825216e-05,0.854964459269
AUD_USD,H4,261000,1.55297738154e-05,0.854909157035
AUD_USD,H4,261500,1.5527272064e-05,0.854853883446
AUD_USD,H4,262000,1.55247772436e-05,0.854798638433
AUD_USD,H4,262500,1.55222893305e-05,0.854743421928
AUD_USD,H4,263000,1.55198083012e-05,0.854688233865
AUD_USD,H4,263500,1.55173341323e-05,0.854633074176
AUD_USD,H4,264000,1.55148668004e-05,0.854577942796
AUD_USD,H4,264500,1.55124062824e-05,0.85452283966
AUD_USD,H4,265000,1.55099525551e-05,0.854467764704
AUD_USD,H4,265500,1.55075055955e-05,0.854412717864
AUD_USD,H4,266000,1.55050653808e-05,0.854357699078
AUD_USD,H4,266500,1.55026318881e-05,0.854302708282
AUD_USD,H4,267000,1.55002050949e-05,0.854247745417
AUD_USD,H4,267500,1.54977849784e-05,0.85419281042
AUD_USD,H4,268000,1.54953715164e-05,0.854137903231
AUD_USD,H4,268500,1.54929646863e-05,0.854083023792
AUD_USD,H4,269000,1.54905644659e-05,0.854028172042
AUD_USD,H4,269500,1.54881708331e-05,0.853973347924
AUD_USD,H4,270000,1.54857837659e-05,0.853918551381
AUD_USD,H4,270500,1.54834032422e-05,0.853863782354
AUD_USD,H4,271000,1.54810292402e-05,0.853809040788
AUD_USD,H4,271500,1.54786617382e-05,0.853754326628
AUD_USD,H4,272000,1.54763007146e-05,0.853699639817
AUD_USD,H4,272500,1.54739461476e-05,0.853644980301
AUD_USD,H4,273000,1.5471598016e-05,0.853590348027
AUD_USD,H4,273500,1.54692562983e-05,0.853535742941
AUD_USD,H4,274000,1.54669209733e-05,0.85348116499
AUD_USD,H4,274500,1.54645920198e-05,0.853426614123
AUD_USD,H4,275000,1.54622694167e-05,0.853372090287
AUD_USD,H4,275500,1.54599531431e-05,0.853317593431
AUD_USD,H4,276000,1.54576431781e-05,0.853263123506
AUD_USD,H4,276500,1.54553395008e-05,0.85320868046
AUD_USD,H4,277000,1.54530420906e-05,0.853154264246
AUD_USD,H4,277500,1.5450750927e-05,0.853099874814
AUD_USD,H4,278000,1.54484659893e-05,0.853045512116
AUD_USD,H4,278500,1.54461872571e-05,0.852991176104
AUD_USD,H4,279000,1.54439147102e-05,0.852936866731
AUD_USD,H4,279500,1.54416483283e-05,0.85288258395
AUD_USD,H4,280000,1.54393880912e-05,0.852828327716
AUD_USD,H4,280500,1.54371339789e-05,0.852774097983
AUD_USD,H4,281000,1.54348859714e-05,0.852719894705
AUD_USD,H4,281500,1.54326440488e-05,0.852665717839
AUD_USD,H4,282000,1.54304081913e-05,0.85261156734
AUD_USD,H4,282500,1.54281783792e-05,0.852557443164
AUD_USD,H4,283000,1.5425954593e-05,0.852503345269
AUD_USD,H4,283500,1.54237368129e-05,0.852449273612
AUD_USD,H4,284000,1.54215250197e-05,0.852395228151
AUD_USD,H4,284500,1.54193191939e-05,0.852341208844
AUD_USD,H4,285000,1.54171193163e-05,0.852287215651
AUD_USD,H4,285500,1.54149253676e-05,0.85223324853
AUD_USD,H4,286000,1.54127373288e-05,0.852179307442
AUD_USD,H4,286500,1.54105551807e-05,0.852125392347
AUD_USD,H4,287000,1.54083789045e-05,0.852071503205
AUD_USD,H4,287500,1.54062084813e-05,0.852017639978
AUD_USD,H4,288000,1.54040438923e-05,0.851963802628
AUD_USD,H4,288500,1.54018851187e-05,0.851909991116
AUD_USD,H4,289000,1.5399732142e-05,0.851856205405
AUD_USD,H4,289500,1.53975849436e-05,0.851802445459
AUD_USD,H4,290000,1.53954435051e-05,0.85174871124
AUD_USD,H4,290500,1.5393307808e-05,0.851695002713
AUD_USD,H4,291000,1.5391177834e-05,0.851641319841
AUD_USD,H4,291500,1.5389053565e-05,0.85158766259
AUD_USD,H4,292000,1.53869349827e-05,0.851534030925
AUD_USD,H4,292500,1.53848220691e-05,0.85148042481
AUD_USD,H4,293000,1.53827148061e-05,0.851426844213
AUD_USD,H4,293500,1.53806131759e-05,0.851373289099
AUD_USD,H4,294000,1.53785171606e-05,0.851319759435
AUD_USD,H4,294500,1.53764267424e-05,0.851266255189
AUD_USD,H4,295000,1.53743419036e-05,0.851212776328
AUD_USD,H4,295500,1.53722626266e-05,0.85115932282
AUD_USD,H4,296000,1.53701888938e-05,0.851105894632
AUD_USD,H4,296500,1.53681206878e-05,0.851052491735
AUD_USD,H4,297000,1.53660579911e-05,0.850999114097
AUD_USD,H4,297500,1.53640007865e-05,0.850945761687
AUD_USD,H4,298000,1.53619490566e-05,0.850892434475
AUD_USD,H4,298500,1.53599027843e-05,0.850839132432
AUD_USD,H4,299000,1.53578619524e-05,0.850785855528
AUD_USD,H4,299500,1.53558265439e-05,0.850732603734
AUD_USD,H4,300000,1.53537965419e-05,0.850679377021
AUD_USD,H4,300500,1.53517719293e-05,0.850626175361
AUD_USD,H4,301000,1.53497526895e-05,0.850572998726
AUD_USD,H4,301500,1.53477388055e-05,0.850519847088
AUD_USD,H4,302000,1.53457302607e-05,0.85046672042
AUD_USD,H4,302500,1.53437270386e-05,0.850413618695
AUD_USD,H4,303000,1.53417291224e-05,0.850360541886
AUD_USD,H4,303500,1.53397364957e-05,0.850307489967
AUD_USD,H4,304000,1.53377491422e-05,0.850254462912
AUD_USD,H4,304500,1.53357670453e-05,0.850201460696
AUD_USD,H4,305000,1.53337901889e-05,0.850148483292
AUD_USD,H4,305500,1.53318185567e-05,0.850095530677
AUD_USD,H4,306000,1.53298521325e-05,0.850042602825
AUD_USD,H4,306500,1.53278909003e-05,0.849989699711
AUD_USD,H4,307000,1.5325934844e-05,0.849936821313
AUD_USD,H4,307500,1.53239839476e-05,0.849883967605
AUD_USD,H4,308000,1.53220381953e-05,0.849831138565
AUD_USD,H4,308500,1.53200975711e-05,0.84977833417
AUD_USD,H4,309000,1.53181620594e-05,0.849725554396
AUD_USD,H4,309500,1.53162316444e-05,0.849672799221
AUD_USD,H4,310000,1.53143063104e-05,0.849620068623
AUD_USD,H4,310500,1.53123860419e-05,0.84956736258
AUD_USD,H4,311000,1.53104708234e-05,0.84951468107
AUD_USD,H4,311500,1.53085606393e-05,0.849462024071
AUD_USD,H4,312000,1.53066554743e-05,0.849409391563
AUD_USD,H4,312500,1.53047553131e-05,0.849356783525
AUD_USD,H4,313000,1.53028601403e-05,0.849304199936
AUD_USD,H4,313500,1.53009699407e-05,0.849251640776
AUD_USD,H4,314000,1.52990846992e-05,0.849199106025
AUD_USD,H4,314500,1.52972044007e-05,0.849146595663
AUD_USD,H4,315000,1.52953290301e-05,0.84909410967
AUD_USD,H4,315500,1.52934585725e-05,0.849041648028
AUD_USD,H4,316000,1.52915930129e-05,0.848989210717
AUD_USD,H4,316500,1.52897323365e-05,0.848936797719
AUD_USD,H4,317000,1.52878765284e-05,0.848884409015
AUD_USD,H4,317500,1.5286025574e-05,0.848832044587
AUD_USD,H4,318000,1.52841794584e-05,0.848779704417
AUD_USD,H4,318500,1.52823381672e-05,0.848727388488
AUD_USD,H4,319000,1.52805016856e-05,0.848675096781
AUD_USD,H4,319500,1.52786699993e-05,0.84862282928
AUD_USD,H4,320000,1.52768430937e-05,0.848570585968
AUD_USD,H4,320500,1.52750209544e-05,0.848518366827
AUD_USD,H4,321000,1.5273203567e-05,0.848466171842
AUD_USD,H4,321500,1.52713909174e-05,0.848414000996
AUD_USD,H4,322000,1.52695829911e-05,0.848361854274
AUD_USD,H4,322500,1.52677797742e-05,0.848309731658
AUD_USD,H4,323000,1.52659812523e-05,0.848257633134
AUD_USD,H4,323500,1.52641874114e-05,0.848205558687
AUD_USD,H4,324000,1.52623982376e-05,0.8481535083
AUD_USD,H4,324500,1.52606137168e-05,0.84810148196
AUD_USD,H4,325000,1.52588338351e-05,0.848049479651
AUD_USD,H4,325500,1.52570585787e-05,0.847997501359
AUD_USD,H4,326000,1.52552879337e-05,0.84794554707
AUD_USD,H4,326500,1.52535218864e-05,0.84789361677
AUD_USD,H4,327000,1.52517604231e-05,0.847841710444
AUD_USD,H4,327500,1.52500035301e-05,0.847789828079
AUD_USD,H4,328000,1.52482511938e-05,0.847737969662
AUD_USD,H4,328500,1.52465034007e-05,0.847686135179
AUD_USD,H4,329000,1.52447601372e-05,0.847634324618
AUD_USD,H4,329500,1.524302139e-05,0.847582537964
AUD_USD,H4,330000,1.52412871456e-05,0.847530775207
AUD_USD,H4,330500,1.52395573907e-05,0.847479036333
AUD_USD,H4,331000,1.52378321119e-05,0.847427321329
AUD_USD,H4,331500,1.52361112961e-05,0.847375630185
AUD_USD,H4,332000,1.523439493e-05,0.847323962887
AUD_USD,H4,332500,1.52326830005e-05,0.847272319424
AUD_USD,H4,333000,1.52309754944e-05,0.847220699786
AUD_USD,H4,333500,1.52292723988e-05,0.847169103959
AUD_USD,H4,334000,1.52275737006e-05,0.847117531934
AUD_USD,H4,334500,1.52258793869e-05,0.847065983698
AUD_USD,H4,335000,1.52241894447e-05,0.847014459242
AUD_USD,H4,335500,1.52225038612e-05,0.846962958554
AUD_USD,H4,336000,1.52208226236e-05,0.846911481625
AUD_USD,H4,336500,1.52191457192e-05,0.846860028443
AUD_USD,H4,337000,1.52174731351e-05,0.846808598999
AUD_USD,H4,337500,1.52158048588e-05,0.846757193282
AUD_USD,H4,338000,1.52141408776e-05,0.846705811284
AUD_USD,H4,338500,1.52124811789e-05,0.846654452993
AUD_USD,H4,339000,1.52108257502e-05,0.846603118401
AUD_USD,H4,339500,1.52091745791e-05,0.846551807498
AUD_USD,H4,340000,1.5207527653e-05,0.846500520276
AUD_USD,H4,340500,1.52058849596e-05,0.846449256725
AUD_USD,H4,341000,1.52042464865e-05,0.846398016835
AUD_USD,H4,341500,1.52026122215e-05,0.8463468006
AUD_USD,H4,342000,1.52009821523e-05,0.846295608009
AUD_USD,H4,342500,1.51993562666e-05,0.846244439055
AUD_USD,H4,343000,1.51977345523e-05,0.846193293729
AUD_USD,H4,343500,1.51961169973e-05,0.846142172024
AUD_USD,H4,344000,1.51945035894e-05,0.84609107393
AUD_USD,H4,344500,1.51928943167e-05,0.846039999441
AUD_USD,H4,345000,1.51912891671e-05,0.845988948549
AUD_USD,H4,345500,1.51896881287e-05,0.845937921245
AUD_USD,H4,346000,1.51880911896e-05,0.845886917524
AUD_USD,H4,346500,1.5186498338e-05,0.845835937376
AUD_USD,H4,347000,1.51849095619e-05,0.845784980796
AUD_USD,H4,347500,1.51833248496e-05,0.845734047776
AUD_USD,H4,348000,1.51817441894e-05,0.84568313831
AUD_USD,H4,348500,1.51801675696e-05,0.84563225239
AUD_USD,H4,349000,1.51785949785e-05,0.845581390011
AUD_USD,H4,349500,1.51770264045e-05,0.845530551164
AUD_USD,H4,350000,1.51754618361e-05,0.845479735845
AUD_USD,H4,350500,1.51739012617e-05,0.845428944047
AUD_USD,H4,351000,1.51723446697e-05,0.845378175764
AUD_USD,H4,351500,1.51707920489e-05,0.845327430989
AUD_USD,H4,352000,1.51692433877e-05,0.845276709718
AUD_USD,H4,352500,1.51676986748e-05,0.845226011944
AUD_USD,H4,353000,1.51661578988e-05,0.845175337661
AUD_USD,H4,353500,1.51646210486e-05,0.845124686864
AUD_USD,H4,354000,1.51630881127e-05,0.845074059548
AUD_USD,H4,354500,1.51615590801e-05,0.845023455708
AUD_USD,H4,355000,1.51600339395e-05,0.844972875337
AUD_USD,H4,355500,1.51585126798e-05,0.844922318432
AUD_USD,H4,356000,1.51569952899e-05,0.844871784987
AUD_USD,H4,356500,1.51554817589e-05,0.844821274998
AUD_USD,H4,357000,1.51539720755e-05,0.844770788459
AUD_USD,H4,357500,1.5152466229e-05,0.844720325366
AUD_USD,H4,358000,1.51509642083e-05,0.844669885714
AUD_USD,H4,358500,1.51494660025e-05,0.8446194695
AUD_USD,H4,359000,1.51479716009e-05,0.844569076718
AUD_USD,H4,359500,1.51464809925e-05,0.844518707365
AUD_USD,H4,360000,1.51449941666e-05,0.844468361437
AUD_USD,H4,360500,1.51435111124e-05,0.844418038928
AUD_USD,H4,361000,1.51420318192e-05,0.844367739837
AUD_USD,H4,361500,1.51405562764e-05,0.844317464158
AUD_USD,H4,362000,1.51390844732e-05,0.844267211888
AUD_USD,H4,362500,1.51376163992e-05,0.844216983023
AUD_USD,H4,363000,1.51361520438e-05,0.844166777561
AUD_USD,H4,363500,1.51346913963e-05,0.844116595496
AUD_USD,H4,364000,1.51332344464e-05,0.844066436827
AUD_USD,H4,364500,1.51317811835e-05,0.844016301549
AUD_USD,H4,365000,1.51303315973e-05,0.843966189661
AUD_USD,H4,365500,1.51288856774e-05,0.843916101157
AUD_USD,H4,366000,1.51274434134e-05,0.843866036037
AUD_USD,H4,366500,1.5126004795e-05,0.843815994296
AUD_USD,H4,367000,1.51245698119e-05,0.843765975931
AUD_USD,H4,367500,1.51231384539e-05,0.843715980941
AUD_USD,H4,368000,1.51217107108e-05,0.843666009323
AUD_USD,H4,368500,1.51202865724e-05,0.843616061073
AUD_USD,H4,369000,1.51188660285e-05,0.84356613619
AUD_USD,H4,369500,1.51174490692e-05,0.84351623467
AUD_USD,H4,370000,1.51160356842e-05,0.843466356513
AUD_USD,H4,370500,1.51146258636e-05,0.843416501715
AUD_USD,H4,371000,1.51132195974e-05,0.843366670274
AUD_USD,H4,371500,1.51118168755e-05,0.843316862188
AUD_USD,H4,372000,1.51104176881e-05,0.843267077455
AUD_USD,H4,372500,1.51090220253e-05,0.843217316073
AUD_USD,H4,373000,1.51076298771e-05,0.843167578041
AUD_USD,H4,373500,1.51062412339e-05,0.843117863356
AUD_USD,H4,374000,1.51048560856e-05,0.843068172017
AUD_USD,H4,374500,1.51034744227e-05,0.843018504022
AUD_USD,H4,375000,1.51020962353e-05,0.84296885937
AUD_USD,H4,375500,1.51007215138e-05,0.842919238058
AUD_USD,H4,376000,1.50993502484e-05,0.842869640086
AUD_USD,H4,376500,1.50979824296e-05,0.842820065452
AUD_USD,H4,377000,1.50966180478e-05,0.842770514155
AUD_USD,H4,377500,1.50952570933e-05,0.842720986194
AUD_USD,H4,378000,1.50938995566e-05,0.842671481567
AUD_USD,H4,378500,1.50925454282e-05,0.842622000273
AUD_USD,H4,379000,1.50911946987e-05,0.842572542311
AUD_USD,H4,379500,1.50898473585e-05,0.84252310768
AUD_USD,H4,380000,1.50885033984e-05,0.84247369638
AUD_USD,H4,380500,1.50871628088e-05,0.842424308409
AUD_USD,H4,381000,1.50858255804e-05,0.842374943766
AUD_USD,H4,381500,1.5084491704e-05,0.842325602451
AUD_USD,H4,382000,1.50831611702e-05,0.842276284463
AUD_USD,H4,382500,1.50818339697e-05,0.842226989802
AUD_USD,H4,383000,1.50805100934e-05,0.842177718466
AUD_USD,H4,383500,1.5079189532e-05,0.842128470456
AUD_USD,H4,384000,1.50778722763e-05,0.84207924577
AUD_USD,H4,384500,1.50765583173e-05,0.842030044409
AUD_USD,H4,385000,1.50752476458e-05,0.841980866371
AUD_USD,H4,385500,1.50739402527e-05,0.841931711657
AUD_USD,H4,386000,1.5072636129e-05,0.841882580267
AUD_USD,H4,386500,1.50713352656e-05,0.841833472199
AUD_USD,H4,387000,1.50700376537e-05,0.841784387455
AUD_USD,H4,387500,1.50687432841e-05,0.841735326033
AUD_USD,H4,388000,1.5067452148e-05,0.841686287934
AUD_USD,H4,388500,1.50661642364e-05,0.841637273158
AUD_USD,H4,389000,1.50648795406e-05,0.841588281704
AUD_USD,H4,389500,1.50635980516e-05,0.841539313573
AUD_USD,H4,390000,1.50623197607e-05,0.841490368765
AUD_USD,H4,390500,1.5061044659e-05,0.841441447281
AUD_USD,H4,391000,1.50597727377e-05,0.841392549119
AUD_USD,H4,391500,1.50585039883e-05,0.841343674281
AUD_USD,H4,392000,1.50572384018e-05,0.841294822767
AUD_USD,H4,392500,1.50559759698e-05,0.841245994577
AUD_USD,H4,393000,1.50547166835e-05,0.841197189711
AUD_USD,H4,393500,1.50534605343e-05,0.84114840817
AUD_USD,H4,394000,1.50522075136e-05,0.841099649955
AUD_USD,H4,394500,1.50509576128e-05,0.841050915065
AUD_USD,H4,395000,1.50497108235e-05,0.841002203502
AUD_USD,H4,395500,1.50484671371e-05,0.840953515266
AUD_USD,H4,396000,1.50472265451e-05,0.840904850357
AUD_USD,H4,396500,1.50459890391e-05,0.840856208777
AUD_USD,H4,397000,1.50447546106e-05,0.840807590525
AUD_USD,H4,397500,1.50435232513e-05,0.840758995603
AUD_USD,H4,398000,1.50422949528e-05,0.840710424012
AUD_USD,H4,398500,1.50410697066e-05,0.840661875751
AUD_USD,H4,399000,1.50398475046e-05,0.840613350823
AUD_USD,H4,399500,1.50386283384e-05,0.840564849227
AUD_USD,H4,400000,1.50374121997e-05,0.840516370966
AUD_USD,H4,400500,1.50361990803e-05,0.840467916038
AUD_USD,H4,401000,1.50349889721e-05,0.840419484447
AUD_USD,H4,401500,1.50337818667e-05,0.840371076192
AUD_USD,H4,402000,1.5032577756e-05,0.840322691275
AUD_USD,H4,402500,1.5031376632e-05,0.840274329696
AUD_USD,H4,403000,1.50301784864e-05,0.840225991458
AUD_USD,H4,403500,1.50289833113e-05,0.84017767656
AUD_USD,H4,404000,1.50277910984e-05,0.840129385004
AUD_USD,H4,404500,1.50266018399e-05,0.840081116791
AUD_USD,H4,405000,1.50254155277e-05,0.840032871923
AUD_USD,H4,405500,1.50242321538e-05,0.839984650401
AUD_USD,H4,406000,1.50230517103e-05,0.839936452225
AUD_USD,H4,406500,1.50218741892e-05,0.839888277397
AUD_USD,H4,407000,1.50206995826e-05,0.839840125919
AUD_USD,H4,407500,1.50195278826e-05,0.839791997792
AUD_USD,H4,408000,1.50183590814e-05,0.839743893016
AUD_USD,H4,408500,1.50171931711e-05,0.839695811595
AUD_USD,H4,409000,1.5016030144e-05,0.839647753528
AUD_USD,H4,409500,1.50148699922e-05,0.839599718817
AUD_USD,H4,410000,1.5013712708e-05,0.839551707464
AUD_USD,H4,410500,1.50125582836e-05,0.839503719471
AUD_USD,H4,411000,1.50114067114e-05,0.839455754838
AUD_USD,H4,411500,1.50102579836e-05,0.839407813568
AUD_USD,H4,412000,1.50091120926e-05,0.839359895661
AUD_USD,H4,412500,1.50079690307e-05,0.839312001119
AUD_USD,H4,413000,1.50068287903e-05,0.839264129945
AUD_USD,H4,413500,1.50056913639e-05,0.839216282139
AUD_USD,H4,414000,1.50045567438e-05,0.839168457703
AUD_USD,H4,414500,1.50034249225e-05,0.839120656639
AUD_USD,H4,415000,1.50022958925e-05,0.839072878948
AUD_USD,H4,415500,1.50011696463e-05,0.839025124632
AUD_USD,H4,416000,1.50000461764e-05,0.838977393694
AUD_USD,H4,416500,1.49989254753e-05,0.838929686133
AUD_USD,H4,417000,1.49978075357e-05,0.838882001953
AUD_USD,H4,417500,1.49966923501e-05,0.838834341154
AUD_USD,H4,418000,1.49955799111e-05,0.83878670374
AUD_USD,H4,418500,1.49944702114e-05,0.83873908971
AUD_USD,H4,419000,1.49933632436e-05,0.838691499068
AUD_USD,H4,419500,1.49922590005e-05,0.838643931815
AUD_USD,H4,420000,1.49911574746e-05,0.838596387953
AUD_USD,H4,420500,1.49900586588e-05,0.838548867484
AUD_USD,H4,421000,1.49889625458e-05,0.838501370408
AUD_USD,H4,421500,1.49878691284e-05,0.83845389673
AUD_USD,H4,422000,1.49867783994e-05,0.838406446449
AUD_USD,H4,422500,1.49856903515e-05,0.838359019569
AUD_USD,H4,423000,1.49846049776e-05,0.83831161609
AUD_USD,H4,423500,1.49835222706e-05,0.838264236015
AUD_USD,H4,424000,1.49824422234e-05,0.838216879347
AUD_USD,H4,424500,1.49813648289e-05,0.838169546085
AUD_USD,H4,425000,1.49802900799e-05,0.838122236234
AUD_USD,H4,425500,1.49792179695e-05,0.838074949794
AUD_USD,H4,426000,1.49781484906e-05,0.838027686767
AUD_USD,H4,426500,1.49770816362e-05,0.837980447156
AUD_USD,H4,427000,1.49760173993e-05,0.837933230963
AUD_USD,H4,427500,1.4974955773e-05,0.837886038189
AUD_USD,H4,428000,1.49738967502e-05,0.837838868836
AUD_USD,H4,428500,1.49728403241e-05,0.837791722907
AUD_USD,H4,429000,1.49717864878e-05,0.837744600403
AUD_USD,H4,429500,1.49707352344e-05,0.837697501327
AUD_USD,H4,430000,1.4969686557e-05,0.83765042568
AUD_USD,H4,430500,1.49686404488e-05,0.837603373464
AUD_USD,H4,431000,1.49675969029e-05,0.837556344682
AUD_USD,H4,431500,1.49665559126e-05,0.837509339336
AUD_USD,H4,432000,1.49655174711e-05,0.837462357427
AUD_USD,H4,432500,1.49644815716e-05,0.837415398957
AUD_USD,H4,433000,1.49634482074e-05,0.83736846393
AUD_USD,H4,433500,1.49624173717e-05,0.837321552346
AUD_USD,H4,434000,1.49613890579e-05,0.837274664208
AUD_USD,H4,434500,1.49603632593e-05,0.837227799518
AUD_USD,H4,435000,1.49593399692e-05,0.837180958278
AUD_USD,H4,435500,1.4958319181e-05,0.837134140489
AUD_USD,H4,436000,1.49573008881e-05,0.837087346155
AUD_USD,H4,436500,1.49562850838e-05,0.837040575277
AUD_USD,H4,437000,1.49552717616e-05,0.836993827858
AUD_USD,H4,437500,1.4954260915e-05,0.836947103898
AUD_USD,H4,438000,1.49532525373e-05,0.836900403401
AUD_USD,H4,438500,1.49522466222e-05,0.836853726369
AUD_USD,H4,439000,1.4951243163e-05,0.836807072803
AUD_USD,H4,439500,1.49502421532e-05,0.836760442706
AUD_USD,H4,440000,1.49492435865e-05,0.83671383608
AUD_USD,H4,440500,1.49482474564e-05,0.836667252926
AUD_USD,H4,441000,1.49472537565e-05,0.836620693248
AUD_USD,H4,441500,1.49462624803e-05,0.836574157047
AUD_USD,H4,442000,1.49452736214e-05,0.836527644324
AUD_USD,H4,442500,1.49442871736e-05,0.836481155084
AUD_USD,H4,443000,1.49433031304e-05,0.836434689326
AUD_USD,H4,443500,1.49423214856e-05,0.836388247054
AUD_USD,H4,444000,1.49413422327e-05,0.836341828269
AUD_USD,H4,444500,1.49403653656e-05,0.836295432974
AUD_USD,H4,445000,1.4939390878e-05,0.836249061171
AUD_USD,H4,445500,1.49384187635e-05,0.836202712862
AUD_USD,H4,446000,1.4937449016e-05,0.836156388049
AUD_USD,H4,446500,1.49364816292e-05,0.836110086733
AUD_USD,H4,447000,1.4935516597e-05,0.836063808918
AUD_USD,H4,447500,1.49345539131e-05,0.836017554605
AUD_USD,H4,448000,1.49335935715e-05,0.835971323796
AUD_USD,H4,448500,1.49326355658e-05,0.835925116493
AUD_USD,H4,449000,1.49316798902e-05,0.835878932699
AUD_USD,H4,449500,1.49307265383e-05,0.835832772415
AUD_USD,H4,450000,1.49297755042e-05,0.835786635643
AUD_USD,H4,450500,1.49288267817e-05,0.835740522387
AUD_USD,H4,451000,1.49278803648e-05,0.835694432647
AUD_USD,H4,451500,1.49269362475e-05,0.835648366425
AUD_USD,H4,452000,1.49259944238e-05,0.835602323724
AUD_USD,H4,452500,1.49250548875e-05,0.835556304546
AUD_USD,H4,453000,1.49241176329e-05,0.835510308893
AUD_USD,H4,453500,1.49231826538e-05,0.835464336767
AUD_USD,H4,454000,1.49222499444e-05,0.835418388169
AUD_USD,H4,454500,1.49213194987e-05,0.835372463102
AUD_USD,H4,455000,1.49203913107e-05,0.835326561569
AUD_USD,H4,455500,1.49194653747e-05,0.83528068357
AUD_USD,H4,456000,1.49185416847e-05,0.835234829108
AUD_USD,H4,456500,1.49176202349e-05,0.835188998185
AUD_USD,H4,457000,1.49167010193e-05,0.835143190802
AUD_USD,H4,457500,1.49157840323e-05,0.835097406963
AUD_USD,H4,458000,1.49148692679e-05,0.835051646668
AUD_USD,H4,458500,1.49139567204e-05,0.83500590992
AUD_USD,H4,459000,1.4913046384e-05,0.834960196721
AUD_USD,H4,459500,1.49121382529e-05,0.834914507073
AUD_USD,H4,460000,1.49112323214e-05,0.834868840977
AUD_USD,H4,460500,1.49103285838e-05,0.834823198436
AUD_USD,H4,461000,1.49094270343e-05,0.834777579451
AUD_USD,H4,461500,1.49085276673e-05,0.834731984025
AUD_USD,H4,462000,1.49076304771e-05,0.834686412159
AUD_USD,H4,462500,1.49067354579e-05,0.834640863856
AUD_USD,H4,463000,1.49058426043e-05,0.834595339116
AUD_USD,H4,463500,1.49049519105e-05,0.834549837943
AUD_USD,H4,464000,1.49040633709e-05,0.834504360337
AUD_USD,H4,464500,1.49031769799e-05,0.834458906301
AUD_USD,H4,465000,1.4902292732e-05,0.834413475837
AUD_USD,H4,465500,1.49014106216e-05,0.834368068946
AUD_USD,H4,466000,1.49005306431e-05,0.834322685631
AUD_USD,H4,466500,1.4899652791e-05,0.834277325892
AUD_USD,H4,467000,1.48987770598e-05,0.834231989733
AUD_USD,H4,467500,1.4897903444e-05,0.834186677154
AUD_USD,H4,468000,1.4897031938e-05,0.834141388158
AUD_USD,H4,468500,1.48961625365e-05,0.834096122746
AUD_USD,H4,469000,1.4895295234e-05,0.834050880921
AUD_USD,H4,469500,1.48944300251e-05,0.834005662683
AUD_USD,H4,470000,1.48935669042e-05,0.833960468035
AUD_USD,H4,470500,1.4892705866e-05,0.833915296978
AUD_USD,H4,471000,1.48918469052e-05,0.833870149514
AUD_USD,H4,471500,1.48909900163e-05,0.833825025645
AUD_USD,H4,472000,1.4890135194e-05,0.833779925373
AUD_USD,H4,472500,1.48892824329e-05,0.833734848698
AUD_USD,H4,473000,1.48884317278e-05,0.833689795624
AUD_USD,H4,473500,1.48875830732e-05,0.833644766151
AUD_USD,H4,474000,1.48867364639e-05,0.833599760282
AUD_USD,H4,474500,1.48858918946e-05,0.833554778017
AUD_USD,H4,475000,1.488504936e-05,0.833509819359
AUD_USD,H4,475500,1.4884208855e-05,0.833464884309
AUD_USD,H4,476000,1.48833703741e-05,0.833419972869
AUD_USD,H4,476500,1.48825339123e-05,0.83337508504
AUD_USD,H4,477000,1.48816994643e-05,0.833330220824
AUD_USD,H4,477500,1.48808670249e-05,0.833285380223
AUD_USD,H4,478000,1.4880036589e-05,0.833240563237
AUD_USD,H4,478500,1.48792081513e-05,0.83319576987
AUD_USD,H4,479000,1.48783817067e-05,0.833151000121
AUD_USD,H4,479500,1.48775572501e-05,0.833106253993
AUD_USD,H4,480000,1.48767347764e-05,0.833061531487
AUD_USD,H4,480500,1.48759142804e-05,0.833016832605
AUD_USD,H4,481000,1.48750957571e-05,0.832972157348
AUD_USD,H4,481500,1.48742792013e-05,0.832927505717
AUD_USD,H4,482000,1.48734646081e-05,0.832882877715
AUD_USD,H4,482500,1.48726519723e-05,0.832838273342
AUD_USD,H4,483000,1.4871841289e-05,0.832793692599
AUD_USD,H4,483500,1.48710325531e-05,0.83274913549
AUD_USD,H4,484000,1.48702257595e-05,0.832704602013
AUD_USD,H4,484500,1.48694209034e-05,0.832660092172
AUD_USD,H4,485000,1.48686179797e-05,0.832615605967
AUD_USD,H4,485500,1.48678169835e-05,0.832571143401
AUD_USD,H4,486000,1.48670179098e-05,0.832526704473
AUD_USD,H4,486500,1.48662207537e-05,0.832482289185
AUD_USD,H4,487000,1.48654255102e-05,0.83243789754
AUD_USD,H4,487500,1.48646321745e-05,0.832393529537
AUD_USD,H4,488000,1.48638407416e-05,0.832349185178
AUD_USD,H4,488500,1.48630512067e-05,0.832304864465
AUD_USD,H4,489000,1.48622635649e-05,0.832260567399
AUD_USD,H4,489500,1.48614778113e-05,0.832216293981
AUD_USD,H4,490000,1.48606939411e-05,0.832172044212
AUD_USD,H4,490500,1.48599119496e-05,0.832127818094
AUD_USD,H4,491000,1.48591318318e-05,0.832083615627
AUD_USD,H4,491500,1.48583535829e-05,0.832039436812
AUD_USD,H4,492000,1.48575771982e-05,0.831995281652
AUD_USD,H4,492500,1.4856802673e-05,0.831951150146
AUD_USD,H4,493000,1.48560300024e-05,0.831907042297
AUD_USD,H4,493500,1.48552591816e-05,0.831862958105
AUD_USD,H4,494000,1.48544902061e-05,0.831818897571
AUD_USD,H4,494500,1.4853723071e-05,0.831774860697
AUD_USD,H4,495000,1.48529577716e-05,0.831730847483
AUD_USD,H4,495500,1.48521943033e-05,0.83168685793
AUD_USD,H4,496000,1.48514326613e-05,0.83164289204
AUD_USD,H4,496500,1.48506728411e-05,0.831598949813
AUD_USD,H4,497000,1.48499148379e-05,0.831555031251
AUD_USD,H4,497500,1.48491586471e-05,0.831511136354
AUD_USD,H4,498000,1.4848404264e-05,0.831467265124
AUD_USD,H4,498500,1.48476516841e-05,0.83142341756
AUD_USD,H4,499000,1.48469009028e-05,0.831379593665
AUD_USD,H4,499500,1.48461519154e-05,0.831335793439
AUD_USD,H4,500000,1.48454047174e-05,0.831292016883
AUD_USD,H4,500500,1.48446593043e-05,0.831248263998
AUD_USD,H4,501000,1.48439156714e-05,0.831204534784
AUD_USD,H4,501500,1.48431738142e-05,0.831160829243
AUD_USD,H4,502000,1.48424337282e-05,0.831117147375
AUD_USD,H4,502500,1.4841695409e-05,0.831073489181
AUD_USD,H4,503000,1.48409588519e-05,0.831029854662
AUD_USD,H4,503500,1.48402240525e-05,0.830986243819
AUD_USD,H4,504000,1.48394910063e-05,0.830942656652
AUD_USD,H4,504500,1.48387597089e-05,0.830899093161
AUD_USD,H4,505000,1.48380301558e-05,0.830855553349
AUD_USD,H4,505500,1.48373023425e-05,0.830812037215
AUD_USD,H4,506000,1.48365762647e-05,0.83076854476
AUD_USD,H4,506500,1.48358519179e-05,0.830725075985
AUD_USD,H4,507000,1.48351292977e-05,0.830681630891
AUD_USD,H4,507500,1.48344083998e-05,0.830638209477
AUD_USD,H4,508000,1.48336892197e-05,0.830594811745
AUD_USD,H4,508500,1.4832971753e-05,0.830551437694
AUD_USD,H4,509000,1.48322559955e-05,0.830508087327
AUD_USD,H4,509500,1.48315419428e-05,0.830464760643
AUD_USD,H4,510000,1.48308295905e-05,0.830421457642
AUD_USD,H4,510500,1.48301189344e-05,0.830378178326
AUD_USD,H4,511000,1.48294099701e-05,0.830334922695
AUD_USD,H4,511500,1.48287026933e-05,0.830291690748
AUD_USD,H4,512000,1.48279970998e-05,0.830248482488
AUD_USD,H4,512500,1.48272931852e-05,0.830205297913
AUD_USD,H4,513000,1.48265909454e-05,0.830162137025
AUD_USD,H4,513500,1.4825890376e-05,0.830118999823
AUD_USD,H4,514000,1.48251914729e-05,0.830075886309
AUD_USD,H4,514500,1.48244942317e-05,0.830032796482
AUD_USD,H4,515000,1.48237986484e-05,0.829989730343
AUD_USD,H4,515500,1.48231047186e-05,0.829946687893
AUD_USD,H4,516000,1.48224124383e-05,0.82990366913
AUD_USD,H4,516500,1.48217218031e-05,0.829860674057
AUD_USD,H4,517000,1.48210328091e-05,0.829817702672
AUD_USD,H4,517500,1.48203454519e-05,0.829774754977
AUD_USD,H4,518000,1.48196597274e-05,0.829731830971
AUD_USD,H4,518500,1.48189756316e-05,0.829688930655
AUD_USD,H4,519000,1.48182931603e-05,0.829646054029
AUD_USD,H4,519500,1.48176123094e-05,0.829603201092
AUD_USD,H4,520000,1.48169330748e-05,0.829560371846
AUD_USD,H4,520500,1.48162554523e-05,0.82951756629
AUD_USD,H4,521000,1.4815579438e-05,0.829474784424
AUD_USD,H4,521500,1.48149050277e-05,0.829432026248
AUD_USD,H4,522000,1.48142322175e-05,0.829389291763
AUD_USD,H4,522500,1.48135610032e-05,0.829346580968
AUD_USD,H4,523000,1.48128913808e-05,0.829303893864
AUD_USD,H4,523500,1.48122233463e-05,0.829261230451
AUD_USD,H4,524000,1.48115568957e-05,0.829218590727
AUD_USD,H4,524500,1.4810892025e-05,0.829175974695
AUD_USD,H4,525000,1.48102287302e-05,0.829133382352
AUD_USD,H4,525500,1.48095670074e-05,0.8290908137
AUD_USD,H4,526000,1.48089068524e-05,0.829048268738
AUD_USD,H4,526500,1.48082482615e-05,0.829005747466
AUD_USD,H4,527000,1.48075912307e-05,0.828963249884
AUD_USD,H4,527500,1.48069357559e-05,0.828920775992
AUD_USD,H4,528000,1.48062818334e-05,0.828878325789
AUD_USD,H4,528500,1.48056294591e-05,0.828835899275
AUD_USD,H4,529000,1.48049786292e-05,0.828793496451
AUD_USD,H4,529500,1.48043293398e-05,0.828751117316
AUD_USD,H4,530000,1.48036815869e-05,0.828708761869
AUD_USD,H4,530500,1.48030353669e-05,0.828666430111
AUD_USD,H4,531000,1.48023906756e-05,0.82862412204
AUD_USD,H4,531500,1.48017475094e-05,0.828581837658
AUD_USD,H4,532000,1.48011058644e-05,0.828539576962
AUD_USD,H4,532500,1.48004657367e-05,0.828497339954
AUD_USD,H4,533000,1.47998271226e-05,0.828455126633
AUD_USD,H4,533500,1.47991900181e-05,0.828412936997
AUD_USD,H4,534000,1.47985544196e-05,0.828370771048
AUD_USD,H4,534500,1.47979203232e-05,0.828328628783
AUD_USD,H4,535000,1.47972877252e-05,0.828286510204
AUD_USD,H4,535500,1.47966566218e-05,0.828244415309
AUD_USD,H4,536000,1.47960270091e-05,0.828202344098
AUD_USD,H4,536500,1.47953988836e-05,0.82816029657
AUD_USD,H4,537000,1.47947722414e-05,0.828118272726
AUD_USD,H4,537500,1.47941470788e-05,0.828076272563
AUD_USD,H4,538000,1.4793523392e-05,0.828034296082
AUD_USD,H4,538500,1.47929011775e-05,0.827992343282
AUD_USD,H4,539000,1.47922804315e-05,0.827950414163
AUD_USD,H4,539500,1.47916611502e-05,0.827908508723
AUD_USD,H4,540000,1.47910433301e-05,0.827866626963
AUD_USD,H4,540500,1.47904269675e-05,0.827824768881
AUD_USD,H4,541000,1.47898120586e-05,0.827782934477
AUD_USD,H4,541500,1.47891985999e-05,0.827741123749
AUD_USD,H4,542000,1.47885865876e-05,0.827699336698
AUD_USD,H4,542500,1.47879760183e-05,0.827657573323
AUD_USD,H4,543000,1.47873668882e-05,0.827615833622
AUD_USD,H4,543500,1.47867591938e-05,0.827574117595
AUD_USD,H4,544000,1.47861529314e-05,0.82753242524
AUD_USD,H4,544500,1.47855480975e-05,0.827490756558
AUD_USD,H4,545000,1.47849446885e-05,0.827449111548
AUD_USD,H4,545500,1.47843427008e-05,0.827407490208
AUD_USD,H4,546000,1.47837421308e-05,0.827365892537
AUD_USD,H4,546500,1.4783142975e-05,0.827324318534
AUD_USD,H4,547000,1.47825452299e-05,0.8272827682
AUD_USD,H4,547500,1.47819488919e-05,0.827241241532
AUD_USD,H4,548000,1.47813539575e-05,0.827199738529
AUD_USD,H4,548500,1.47807604231e-05,0.827158259191
AUD_USD,H4,549000,1.47801682854e-05,0.827116803517
AUD_USD,H4,549500,1.47795775407e-05,0.827075371505
AUD_USD,H4,550000,1.47789881857e-05,0.827033963154
AUD_USD,H4,550500,1.47784002167e-05,0.826992578464
AUD_USD,H4,551000,1.47778136304e-05,0.826951217433
AUD_USD,H4,551500,1.47772284234e-05,0.82690988006
AUD_USD,H4,552000,1.4776644592e-05,0.826868566344
AUD_USD,H4,552500,1.4776062133e-05,0.826827276283
AUD_USD,H4,553000,1.47754810428e-05,0.826786009877
AUD_USD,H4,553500,1.47749013182e-05,0.826744767124
AUD_USD,H4,554000,1.47743229555e-05,0.826703548023
AUD_USD,H4,554500,1.47737459515e-05,0.826662352572
AUD_USD,H4,555000,1.47731703028e-05,0.826621180771
AUD_USD,H4,555500,1.47725960059e-05,0.826580032619
AUD_USD,H4,556000,1.47720230575e-05,0.826538908113
AUD_USD,H4,556500,1.47714514542e-05,0.826497807252
AUD_USD,H4,557000,1.47708811926e-05,0.826456730035
AUD_USD,H4,557500,1.47703122695e-05,0.826415676461
AUD_USD,H4,558000,1.47697446815e-05,0.826374646529
AUD_USD,H4,558500,1.47691784252e-05,0.826333640235
AUD_USD,H4,559000,1.47686134973e-05,0.826292657581
AUD_USD,H4,559500,1.47680498946e-05,0.826251698563
AUD_USD,H4,560000,1.47674876136e-05,0.82621076318
AUD_USD,H4,560500,1.47669266512e-05,0.826169851432
AUD_USD,H4,561000,1.47663670039e-05,0.826128963315
AUD_USD,H4,561500,1.47658086686e-05,0.82608809883
AUD_USD,H4,562000,1.4765251642e-05,0.826047257973
AUD_USD,H4,562500,1.47646959208e-05,0.826006440744
AUD_USD,H4,563000,1.47641415017e-05,0.825965647141
AUD_USD,H4,563500,1.47635883816e-05,0.825924877162
AUD_USD,H4,564000,1.47630365571e-05,0.825884130806
AUD_USD,H4,564500,1.47624860251e-05,0.82584340807
AUD_USD,H4,565000,1.47619367823e-05,0.825802708954
AUD_USD,H4,565500,1.47613888255e-05,0.825762033455
AUD_USD,H4,566000,1.47608421515e-05,0.825721381572
AUD_USD,H4,566500,1.47602967572e-05,0.825680753303
AUD_USD,H4,567000,1.47597526393e-05,0.825640148646
AUD_USD,H4,567500,1.47592097947e-05,0.8255995676
AUD_USD,H4,568000,1.47586682202e-05,0.825559010161
AUD_USD,H4,568500,1.47581279127e-05,0.82551847633
AUD_USD,H4,569000,1.47575888689e-05,0.825477966103
AUD_USD,H4,569500,1.47570510858e-05,0.82543747948
AUD_USD,H4,570000,1.47565145601e-05,0.825397016457
AUD_USD,H4,570500,1.47559792889e-05,0.825356577033
AUD_USD,H4,571000,1.4755445269e-05,0.825316161206
AUD_USD,H4,571500,1.47549124972e-05,0.825275768975
AUD_USD,H4,572000,1.47543809704e-05,0.825235400336
AUD_USD,H4,572500,1.47538506856e-05,0.825195055289
AUD_USD,H4,573000,1.47533216398e-05,0.82515473383
AUD_USD,H4,573500,1.47527938297e-05,0.825114435959
AUD_USD,H4,574000,1.47522672523e-05,0.825074161672
AUD_USD,H4,574500,1.47517419047e-05,0.825033910968
AUD_USD,H4,575000,1.47512177836e-05,0.824993683845
AUD_USD,H4,575500,1.47506948861e-05,0.824953480301
AUD_USD,H4,576000,1.47501732092e-05,0.824913300332
AUD_USD,H4,576500,1.47496527498e-05,0.824873143938
AUD_USD,H4,577000,1.47491335049e-05,0.824833011116
AUD_USD,H4,577500,1.47486154714e-05,0.824792901864
AUD_USD,H4,578000,1.47480986464e-05,0.824752816179
AUD_USD,H4,578500,1.4747583027e-05,0.824712754059
AUD_USD,H4,579000,1.474706861e-05,0.824672715503
AUD_USD,H4,579500,1.47465553925e-05,0.824632700507
AUD_USD,H4,580000,1.47460433715e-05,0.824592709069
AUD_USD,H4,580500,1.47455325441e-05,0.824552741187
AUD_USD,H4,581000,1.47450229073e-05,0.824512796859
AUD_USD,H4,581500,1.47445144582e-05,0.824472876082
AUD_USD,H4,582000,1.47440071938e-05,0.824432978853
AUD_USD,H4,582500,1.47435011112e-05,0.824393105171
AUD_USD,H4,583000,1.47429962075e-05,0.824353255033
AUD_USD,H4,583500,1.47424924796e-05,0.824313428437
AUD_USD,H4,584000,1.47419899249e-05,0.824273625379
AUD_USD,H4,584500,1.47414885402e-05,0.824233845858
AUD_USD,H4,585000,1.47409883228e-05,0.82419408987
AUD_USD,H4,585500,1.47404892697e-05,0.824154357414
AUD_USD,H4,586000,1.4739991378e-05,0.824114648487
AUD_USD,H4,586500,1.4739494645e-05,0.824074963085
AUD_USD,H4,587000,1.47389990676e-05,0.824035301208
AUD_USD,H4,587500,1.47385046431e-05,0.823995662851
AUD_USD,H4,588000,1.47380113687e-05,0.823956048012
AUD_USD,H4,588500,1.47375192413e-05,0.823916456689
AUD_USD,H4,589000,1.47370282584e-05,0.823876888879
AUD_USD,H4,589500,1.47365384169e-05,0.823837344579
AUD_USD,H4,590000,1.47360497141e-05,0.823797823787
AUD_USD,H4,590500,1.47355621471e-05,0.823758326499
AUD_USD,H4,591000,1.47350757132e-05,0.823718852713
