EUR_USD,H1,742000,0.000131581695196,1.16065008196
EUR_USD,H1,742500,7.47144516574e-05,1.16888018455
EUR_USD,H1,743000,5.55532991163e-05,1.17546693691
EUR_USD,H1,743500,4.48071237371e-05,1.18023303023
EUR_USD,H1,744000,3.80243486254e-05,1.18370675429
EUR_USD,H1,744500,3.34733487955e-05,1.1862760135
EUR_USD,H1,745000,3.02624210294e-05,1.18820203883
EUR_USD,H1,745500,2.78927629673e-05,1.18966408253
EUR_USD,H1,746000,2.60737719431e-05,1.19078765367
EUR_USD,H1,746500,2.46303863126e-05,1.19166183539
EUR_USD,H1,747000,2.34536113404e-05,1.19235044488
EUR_USD,H1,747500,2.24732496306e-05,1.19289952304
EUR_USD,H1,748000,2.16424950112e-05,1.19334248807
EUR_USD,H1,748500,2.09290299045e-05,1.19370373511
EUR_USD,H1,749000,2.03097666152e-05,1.19400117482
EUR_USD,H1,749500,1.97676718119e-05,1.19424803638
EUR_USD,H1,750000,1.92898050553e-05,1.19445415507
EUR_USD,H1,750500,1.88660782994e-05,1.19462689624
EUR_USD,H1,751000,1.84884517103e-05,1.19477182115
EUR_USD,H1,751500,1.81503986872e-05,1.19489316851
EUR_USD,H1,752000,1.78465403434e-05,1.19499420408
EUR_USD,H1,752500,1.75723889343e-05,1.19507747504
EUR_USD,H1,753000,1.73241628956e-05,1.19514499579
EUR_USD,H1,753500,1.70986500547e-05,1.19519838389
EUR_USD,H1,754000,1.68931040354e-05,1.19523895972
EUR_USD,H1,754500,1.67051640927e-05,1.19526781977
EUR_USD,H1,755000,1.65327918918e-05,1.19528589059
EUR_USD,H1,755500,1.63742208244e-05,1.19529396863
EUR_USD,H1,756000,1.62279148075e-05,1.1952927496
EUR_USD,H1,756500,1.60925343973e-05,1.19528285035
EUR_USD,H1,757000,1.59669086478e-05,1.19526482498
EUR_USD,H1,757500,1.58500115506e-05,1.19523917697
EUR_USD,H1,758000,1.5740942178e-05,1.19520636818
EUR_USD,H1,758500,1.56389078544e-05,1.19516682562
EUR_USD,H1,759000,1.55432098268e-05,1.1951209466
EUR_USD,H1,759500,1.54532310151e-05,1.19506910266
EUR_USD,H1,760000,1.53684255056e-05,1.19501164259
EUR_USD,H1,760500,1.52883095126e-05,1.1949488948
EUR_USD,H1,761000,1.52124535829e-05,1.19488116918
EUR_USD,H1,761500,1.51404758585e-05,1.19480875865
EUR_USD,H1,762000,1.50720362397e-05,1.19473194043
EUR_USD,H1,762500,1.50068313206e-05,1.19465097705
EUR_USD,H1,763000,1.49445899866e-05,1.1945661173
EUR_USD,H1,763500,1.48850695815e-05,1.19447759705
EUR_USD,H1,764000,1.48280525643e-05,1.19438563991
EUR_USD,H1,764500,1.47733435913e-05,1.19429045794
EUR_USD,H1,765000,1.4720766963e-05,1.19419225223
EUR_USD,H1,765500,1.46701643896e-05,1.19409121345
EUR_USD,H1,766000,1.46213930316e-05,1.1939875224
EUR_USD,H1,766500,1.45743237792e-05,1.19388135048
EUR_USD,H1,767000,1.45288397407e-05,1.19377286018
EUR_USD,H1,767500,1.44848349115e-05,1.19366220552
EUR_USD,H1,768000,1.44422130018e-05,1.19354953248
EUR_USD,H1,768500,1.44008864019e-05,1.19343497941
EUR_USD,H1,769000,1.43607752689e-05,1.19331867739
EUR_USD,H1,769500,1.43218067183e-05,1.19320075064
EUR_USD,H1,770000,1.42839141087e-05,1.19308131684
EUR_USD,H1,770500,1.42470364076e-05,1.1929604875
EUR_USD,H1,771000,1.42111176284e-05,1.19283836823
EUR_USD,H1,771500,1.41761063303e-05,1.1927150591
EUR_USD,H1,772000,1.41419551734e-05,1.19259065489
EUR_USD,H1,772500,1.41086205219e-05,1.19246524538
EUR_USD,H1,773000,1.4076062091e-05,1.1923389156
EUR_USD,H1,773500,1.40442426312e-05,1.19221174612
EUR_USD,H1,774000,1.40131276459e-05,1.19208381321
EUR_USD,H1,774500,1.39826851392e-05,1.19195518915
EUR_USD,H1,775000,1.39528853891e-05,1.19182594237
EUR_USD,H1,775500,1.39237007451e-05,1.19169613769
EUR_USD,H1,776000,1.38951054451e-05,1.1915658365
EUR_USD,H1,776500,1.38670754519e-05,1.19143509694
EUR_USD,H1,777000,1.38395883052e-05,1.19130397408
EUR_USD,H1,777500,1.38126229888e-05,1.19117252004
EUR_USD,H1,778000,1.37861598098e-05,1.19104078422
EUR_USD,H1,778500,1.37601802907e-05,1.19090881335
EUR_USD,H1,779000,1.37346670706e-05,1.1907766517
EUR_USD,H1,779500,1.37096038164e-05,1.19064434119
EUR_USD,H1,780000,1.36849751422e-05,1.19051192149
EUR_USD,H1,780500,1.36607665358e-05,1.19037943015
EUR_USD,H1,781000,1.36369642922e-05,1.19024690273
EUR_USD,H1,781500,1.36135554531e-05,1.19011437284
EUR_USD,H1,782000,1.35905277513e-05,1.18998187234
EUR_USD,H1,782500,1.35678695608e-05,1.18984943132
EUR_USD,H1,783000,1.35455698504e-05,1.18971707827
EUR_USD,H1,783500,1.35236181419e-05,1.18958484012
EUR_USD,H1,784000,1.35020044715e-05,1.18945274235
EUR_USD,H1,784500,1.34807193546e-05,1.18932080901
EUR_USD,H1,785000,1.34597537533e-05,1.18918906286
EUR_USD,H1,785500,1.34390990471e-05,1.1890575254
EUR_USD,H1,786000,1.3418747005e-05,1.1889262169
EUR_USD,H1,786500,1.33986897611e-05,1.18879515653
EUR_USD,H1,787000,1.33789197907e-05,1.18866436237
EUR_USD,H1,787500,1.33594298897e-05,1.18853385148
EUR_USD,H1,788000,1.33402131545e-05,1.18840363992
EUR_USD,H1,788500,1.33212629638e-05,1.18827374285
EUR_USD,H1,789000,1.33025729621e-05,1.18814417454
EUR_USD,H1,789500,1.32841370436e-05,1.18801494842
EUR_USD,H1,790000,1.32659493385e-05,1.18788607712
EUR_USD,H1,790500,1.32480041988e-05,1.18775757252
EUR_USD,H1,791000,1.32302961867e-05,1.18762944577
EUR_USD,H1,791500,1.32128200623e-05,1.18750170733
EUR_USD,H1,792000,1.31955707734e-05,1.18737436703
EUR_USD,H1,792500,1.31785434454e-05,1.18724743404
EUR_USD,H1,793000,1.31617333717e-05,1.18712091697
EUR_USD,H1,793500,1.31451360055e-05,1.18699482386
EUR_USD,H1,794000,1.31287469511e-05,1.18686916221
EUR_USD,H1,794500,1.31125619569e-05,1.18674393899
EUR_USD,H1,795000,1.3096576908e-05,1.18661916073
EUR_USD,H1,795500,1.30807878198e-05,1.18649483345
EUR_USD,H1,796000,1.30651908313e-05,1.18637096275
EUR_USD,H1,796500,1.30497822001e-05,1.18624755383
EUR_USD,H1,797000,1.30345582961e-05,1.18612461145
EUR_USD,H1,797500,1.30195155969e-05,1.18600214002
EUR_USD,H1,798000,1.30046506829e-05,1.18588014357
EUR_USD,H1,798500,1.29899602327e-05,1.18575862581
EUR_USD,H1,799000,1.29754410189e-05,1.18563759008
EUR_USD,H1,799500,1.2961089904e-05,1.18551703945
EUR_USD,H1,800000,1.29469038368e-05,1.18539697666
EUR_USD,H1,800500,1.29328798485e-05,1.18527740419
EUR_USD,H1,801000,1.29190150499e-05,1.18515832423
EUR_USD,H1,801500,1.29053066276e-05,1.18503973873
EUR_USD,H1,802000,1.28917518414e-05,1.18492164939
EUR_USD,H1,802500,1.28783480214e-05,1.18480405766
EUR_USD,H1,803000,1.28650925652e-05,1.1846869648
EUR_USD,H1,803500,1.28519829354e-05,1.18457037182
EUR_USD,H1,804000,1.28390166573e-05,1.18445427957
EUR_USD,H1,804500,1.28261913164e-05,1.18433868868
EUR_USD,H1,805000,1.28135045564e-05,1.1842235996
EUR_USD,H1,805500,1.28009540771e-05,1.18410901263
EUR_USD,H1,806000,1.27885376324e-05,1.18399492787
EUR_USD,H1,806500,1.27762530284e-05,1.18388134529
EUR_USD,H1,807000,1.27640981219e-05,1.1837682647
EUR_USD,H1,807500,1.27520708183e-05,1.18365568577
EUR_USD,H1,808000,1.27401690701e-05,1.18354360805
EUR_USD,H1,808500,1.27283908757e-05,1.18343203093
EUR_USD,H1,809000,1.27167342775e-05,1.18332095372
EUR_USD,H1,809500,1.27051973609e-05,1.18321037556
EUR_USD,H1,810000,1.26937782524e-05,1.18310029555
EUR_USD,H1,810500,1.2682475119e-05,1.18299071262
EUR_USD,H1,811000,1.26712861666e-05,1.18288162564
EUR_USD,H1,811500,1.26602096387e-05,1.18277303338
EUR_USD,H1,812000,1.26492438157e-05,1.18266493451
EUR_USD,H1,812500,1.26383870134e-05,1.18255732763
EUR_USD,H1,813000,1.26276375823e-05,1.18245021126
EUR_USD,H1,813500,1.26169939065e-05,1.18234358384
EUR_USD,H1,814000,1.26064544027e-05,1.18223744373
EUR_USD,H1,814500,1.25960175192e-05,1.18213178923
EUR_USD,H1,815000,1.25856817353e-05,1.18202661859
EUR_USD,H1,815500,1.25754455604e-05,1.18192192998
EUR_USD,H1,816000,1.25653075329e-05,1.18181772153
EUR_USD,H1,816500,1.25552662199e-05,1.18171399131
EUR_USD,H1,817000,1.25453202159e-05,1.18161073732
EUR_USD,H1,817500,1.25354681425e-05,1.18150795756
EUR_USD,H1,818000,1.25257086476e-05,1.18140564993
EUR_USD,H1,818500,1.25160404048e-05,1.18130381234
EUR_USD,H1,819000,1.25064621125e-05,1.18120244262
EUR_USD,H1,819500,1.24969724935e-05,1.1811015386
EUR_USD,H1,820000,1.24875702943e-05,1.18100109803
EUR_USD,H1,820500,1.24782542847e-05,1.18090111868
EUR_USD,H1,821000,1.24690232569e-05,1.18080159825
EUR_USD,H1,821500,1.24598760253e-05,1.18070253444
EUR_USD,H1,822000,1.24508114259e-05,1.18060392491
EUR_USD,H1,822500,1.24418283155e-05,1.18050576729
EUR_USD,H1,823000,1.24329255716e-05,1.18040805921
EUR_USD,H1,823500,1.24241020918e-05,1.18031079826
EUR_USD,H1,824000,1.24153567931e-05,1.18021398202
EUR_USD,H1,824500,1.24066886118e-05,1.18011760806
EUR_USD,H1,825000,1.23980965029e-05,1.18002167392
EUR_USD,H1,825500,1.23895794398e-05,1.17992617714
EUR_USD,H1,826000,1.23811364136e-05,1.17983111523
EUR_USD,H1,826500,1.2372766433e-05,1.17973648571
EUR_USD,H1,827000,1.23644685239e-05,1.17964228608
EUR_USD,H1,827500,1.23562417287e-05,1.17954851383
EUR_USD,H1,828000,1.23480851064e-05,1.17945516645
EUR_USD,H1,828500,1.23399977321e-05,1.17936224142
EUR_USD,H1,829000,1.23319786963e-05,1.17926973621
EUR_USD,H1,829500,1.2324027105e-05,1.17917764828
EUR_USD,H1,830000,1.23161420794e-05,1.17908597511
EUR_USD,H1,830500,1.23083227552e-05,1.17899471416
EUR_USD,H1,831000,1.23005682825e-05,1.17890386289
EUR_USD,H1,831500,1.22928778258e-05,1.17881341877
EUR_USD,H1,832000,1.22852505631e-05,1.17872337925
EUR_USD,H1,832500,1.2277685686e-05,1.17863374181
EUR_USD,H1,833000,1.22701823997e-05,1.1785445039
EUR_USD,H1,833500,1.22627399219e-05,1.17845566299
EUR_USD,H1,834000,1.22553574835e-05,1.17836721656
EUR_USD,H1,834500,1.22480343276e-05,1.17827916208
EUR_USD,H1,835000,1.22407697096e-05,1.17819149703
EUR_USD,H1,835500,1.22335628969e-05,1.17810421889
EUR_USD,H1,836000,1.22264131688e-05,1.17801732515
EUR_USD,H1,836500,1.2219319816e-05,1.17793081331
EUR_USD,H1,837000,1.22122821404e-05,1.17784468087
EUR_USD,H1,837500,1.22052994553e-05,1.17775892534
EUR_USD,H1,838000,1.21983710846e-05,1.17767354423
EUR_USD,H1,838500,1.2191496363e-05,1.17758853507
EUR_USD,H1,839000,1.21846746356e-05,1.17750389539
EUR_USD,H1,839500,1.21779052578e-05,1.17741962274
EUR_USD,H1,840000,1.2171187595e-05,1.17733571465
EUR_USD,H1,840500,1.21645210227e-05,1.17725216869
EUR_USD,H1,841000,1.21579049258e-05,1.17716898244
EUR_USD,H1,841500,1.21513386989e-05,1.17708615346
EUR_USD,H1,842000,1.21448217458e-05,1.17700367935
EUR_USD,H1,842500,1.21383534797e-05,1.1769215577
EUR_USD,H1,843000,1.21319333226e-05,1.17683978613
EUR_USD,H1,843500,1.21255607053e-05,1.17675836225
EUR_USD,H1,844000,1.21192350673e-05,1.17667728371
EUR_USD,H1,844500,1.21129558567e-05,1.17659654813
EUR_USD,H1,845000,1.21067225299e-05,1.17651615319
EUR_USD,H1,845500,1.21005345515e-05,1.17643609653
EUR_USD,H1,846000,1.20943913942e-05,1.17635637586
EUR_USD,H1,846500,1.20882925384e-05,1.17627698884
EUR_USD,H1,847000,1.20822374724e-05,1.1761979332
EUR_USD,H1,847500,1.20762256923e-05,1.17611920664
EUR_USD,H1,848000,1.20702567015e-05,1.17604080689
EUR_USD,H1,848500,1.20643300107e-05,1.17596273169
EUR_USD,H1,849000,1.2058445138e-05,1.1758849788
EUR_USD,H1,849500,1.20526016084e-05,1.17580754598
EUR_USD,H1,850000,1.20467989541e-05,1.17573043102
EUR_USD,H1,850500,1.20410367139e-05,1.1756536317
EUR_USD,H1,851000,1.20353144336e-05,1.17557714584
EUR_USD,H1,851500,1.20296316654e-05,1.17550097125
EUR_USD,H1,852000,1.20239879681e-05,1.17542510576
EUR_USD,H1,852500,1.20183829069e-05,1.17534954721
EUR_USD,H1,853000,1.20128160531e-05,1.17527429348
EUR_USD,H1,853500,1.20072869845e-05,1.17519934243
EUR_USD,H1,854000,1.20017952845e-05,1.17512469195
EUR_USD,H1,854500,1.1996340543e-05,1.17505033993
EUR_USD,H1,855000,1.19909223553e-05,1.17497628429
EUR_USD,H1,855500,1.19855403227e-05,1.17490252296
EUR_USD,H1,856000,1.1980194052e-05,1.17482905388
EUR_USD,H1,856500,1.19748831558e-05,1.174755875
EUR_USD,H1,857000,1.19696072519e-05,1.17468298428
EUR_USD,H1,857500,1.19643659635e-05,1.17461037972
EUR_USD,H1,858000,1.19591589194e-05,1.1745380593
EUR_USD,H1,858500,1.19539857532e-05,1.17446602103
EUR_USD,H1,859000,1.19488461038e-05,1.17439426293
EUR_USD,H1,859500,1.19437396151e-05,1.17432278305
EUR_USD,H1,860000,1.1938665936e-05,1.17425157942
EUR_USD,H1,860500,1.19336247202e-05,1.17418065011
EUR_USD,H1,861000,1.19286156261e-05,1.1741099932
EUR_USD,H1,861500,1.19236383169e-05,1.17403960677
EUR_USD,H1,862000,1.19186924604e-05,1.17396948893
EUR_USD,H1,862500,1.19137777289e-05,1.1738996378
EUR_USD,H1,863000,1.19088937993e-05,1.17383005149
EUR_USD,H1,863500,1.19040403528e-05,1.17376072817
EUR_USD,H1,864000,1.18992170749e-05,1.17369166598
EUR_USD,H1,864500,1.18944236554e-05,1.17362286309
EUR_USD,H1,865000,1.18896597882e-05,1.17355431768
EUR_USD,H1,865500,1.18849251715e-05,1.17348602795
EUR_USD,H1,866000,1.18802195074e-05,1.17341799211
EUR_USD,H1,866500,1.18755425021e-05,1.17335020839
EUR_USD,H1,867000,1.18708938655e-05,1.173282675
EUR_USD,H1,867500,1.18662733117e-05,1.17321539021
EUR_USD,H1,868000,1.18616805584e-05,1.17314835228
EUR_USD,H1,868500,1.18571153269e-05,1.17308155947
EUR_USD,H1,869000,1.18525773425e-05,1.17301501007
EUR_USD,H1,869500,1.18480663338e-05,1.17294870238
EUR_USD,H1,870000,1.18435820333e-05,1.17288263472
EUR_USD,H1,870500,1.18391241767e-05,1.17281680541
EUR_USD,H1,871000,1.18346925033e-05,1.17275121278
EUR_USD,H1,871500,1.18302867558e-05,1.17268585518
EUR_USD,H1,872000,1.18259066802e-05,1.17262073098
EUR_USD,H1,872500,1.18215520258e-05,1.17255583854
EUR_USD,H1,873000,1.18172225452e-05,1.17249117626
EUR_USD,H1,873500,1.18129179941e-05,1.17242674253
EUR_USD,H1,874000,1.18086381313e-05,1.17236253576
EUR_USD,H1,874500,1.18043827189e-05,1.17229855438
EUR_USD,H1,875000,1.18001515218e-05,1.17223479682
EUR_USD,H1,875500,1.17959443082e-05,1.17217126152
EUR_USD,H1,876000,1.17917608488e-05,1.17210794694
EUR_USD,H1,876500,1.17876009177e-05,1.17204485156
EUR_USD,H1,877000,1.17834642915e-05,1.17198197385
EUR_USD,H1,877500,1.17793507498e-05,1.17191931231
EUR_USD,H1,878000,1.17752600749e-05,1.17185686544
EUR_USD,H1,878500,1.17711920518e-05,1.17179463176
EUR_USD,H1,879000,1.17671464684e-05,1.17173260979
EUR_USD,H1,879500,1.17631231149e-05,1.17167079807
EUR_USD,H1,880000,1.17591217845e-05,1.17160919516
EUR_USD,H1,880500,1.17551422727e-05,1.17154779961
EUR_USD,H1,881000,1.17511843775e-05,1.17148661
EUR_USD,H1,881500,1.17472478996e-05,1.17142562491
EUR_USD,H1,882000,1.17433326422e-05,1.17136484293
EUR_USD,H1,882500,1.17394384105e-05,1.17130426267
EUR_USD,H1,883000,1.17355650126e-05,1.17124388275
EUR_USD,H1,883500,1.17317122585e-05,1.17118370179
EUR_USD,H1,884000,1.17278799609e-05,1.17112371842
EUR_USD,H1,884500,1.17240679346e-05,1.1710639313
EUR_USD,H1,885000,1.17202759966e-05,1.17100433908
EUR_USD,H1,885500,1.17165039662e-05,1.17094494044
EUR_USD,H1,886000,1.17127516648e-05,1.17088573404
EUR_USD,H1,886500,1.1709018916e-05,1.17082671859
EUR_USD,H1,887000,1.17053055456e-05,1.17076789277
EUR_USD,H1,887500,1.17016113813e-05,1.1707092553
EUR_USD,H1,888000,1.16979362531e-05,1.1706508049
EUR_USD,H1,888500,1.16942799927e-05,1.1705925403
EUR_USD,H1,889000,1.16906424341e-05,1.17053446024
EUR_USD,H1,889500,1.16870234131e-05,1.17047656346
EUR_USD,H1,890000,1.16834227675e-05,1.17041884872
EUR_USD,H1,890500,1.16798403371e-05,1.1703613148
EUR_USD,H1,891000,1.16762759633e-05,1.17030396047
EUR_USD,H1,891500,1.16727294897e-05,1.17024678452
EUR_USD,H1,892000,1.16692007615e-05,1.17018978574
EUR_USD,H1,892500,1.16656896258e-05,1.17013296295
EUR_USD,H1,893000,1.16621959314e-05,1.17007631495
EUR_USD,H1,893500,1.1658719529e-05,1.17001984057
EUR_USD,H1,894000,1.1655260271e-05,1.16996353866
EUR_USD,H1,894500,1.16518180113e-05,1.16990740804
EUR_USD,H1,895000,1.16483926056e-05,1.16985144758
EUR_USD,H1,895500,1.16449839115e-05,1.16979565613
EUR_USD,H1,896000,1.16415917878e-05,1.16974003256
EUR_USD,H1,896500,1.16382160953e-05,1.16968457576
EUR_USD,H1,897000,1.16348566961e-05,1.1696292846
EUR_USD,H1,897500,1.1631513454e-05,1.169574158
EUR_USD,H1,898000,1.16281862344e-05,1.16951919484
EUR_USD,H1,898500,1.16248749041e-05,1.16946439405
EUR_USD,H1,899000,1.16215793314e-05,1.16940975455
EUR_USD,H1,899500,1.16182993863e-05,1.16935527526
EUR_USD,H1,900000,1.16150349399e-05,1.16930095513
EUR_USD,H1,900500,1.16117858651e-05,1.1692467931
EUR_USD,H1,901000,1.16085520359e-05,1.16919278813
EUR_USD,H1,901500,1.16053333281e-05,1.16913893918
EUR_USD,H1,902000,1.16021296184e-05,1.16908524523
EUR_USD,H1,902500,1.15989407852e-05,1.16903170524
EUR_USD,H1,903000,1.15957667081e-05,1.16897831822
EUR_USD,H1,903500,1.15926072682e-05,1.16892508315
EUR_USD,H1,904000,1.15894623477e-05,1.16887199904
EUR_USD,H1,904500,1.15863318302e-05,1.1688190649
EUR_USD,H1,905000,1.15832156006e-05,1.16876627974
EUR_USD,H1,905500,1.15801135449e-05,1.1687136426
EUR_USD,H1,906000,1.15770255506e-05,1.1686611525
EUR_USD,H1,906500,1.15739515061e-05,1.16860880849
EUR_USD,H1,907000,1.15708913013e-05,1.16855660962
EUR_USD,H1,907500,1.15678448271e-05,1.16850455494
EUR_USD,H1,908000,1.15648119757e-05,1.16845264352
EUR_USD,H1,908500,1.15617926405e-05,1.16840087442
EUR_USD,H1,909000,1.15587867157e-05,1.16834924673
EUR_USD,H1,909500,1.15557940971e-05,1.16829775953
EUR_USD,H1,910000,1.15528146813e-05,1.16824641191
EUR_USD,H1,910500,1.15498483661e-05,1.16819520297
EUR_USD,H1,911000,1.15468950503e-05,1.16814413181
EUR_USD,H1,911500,1.15439546341e-05,1.16809319756
EUR_USD,H1,912000,1.15410270182e-05,1.16804239932
EUR_USD,H1,912500,1.15381121048e-05,1.16799173624
EUR_USD,H1,913000,1.15352097971e-05,1.16794120743
EUR_USD,H1,913500,1.15323199989e-05,1.16789081204
EUR_USD,H1,914000,1.15294426156e-05,1.16784054922
EUR_USD,H1,914500,1.1526577553e-05,1.16779041811
EUR_USD,H1,915000,1.15237247184e-05,1.16774041789
EUR_USD,H1,915500,1.15208840197e-05,1.16769054772
EUR_USD,H1,916000,1.1518055366e-05,1.16764080676
EUR_USD,H1,916500,1.15152386671e-05,1.1675911942
EUR_USD,H1,917000,1.15124338339e-05,1.16754170922
EUR_USD,H1,917500,1.15096407782e-05,1.16749235102
EUR_USD,H1,918000,1.15068594126e-05,1.1674431188
EUR_USD,H1,918500,1.15040896507e-05,1.16739401175
EUR_USD,H1,919000,1.15013314069e-05,1.16734502908
EUR_USD,H1,919500,1.14985845966e-05,1.16729617003
EUR_USD,H1,920000,1.1495849136e-05,1.1672474338
EUR_USD,H1,920500,1.1493124942e-05,1.16719881962
EUR_USD,H1,921000,1.14904119326e-05,1.16715032673
EUR_USD,H1,921500,1.14877100264e-05,1.16710195437
EUR_USD,H1,922000,1.14850191429e-05,1.16705370179
EUR_USD,H1,922500,1.14823392025e-05,1.16700556823
EUR_USD,H1,923000,1.14796701262e-05,1.16695755296
EUR_USD,H1,923500,1.1477011836e-05,1.16690965523
EUR_USD,H1,924000,1.14743642545e-05,1.16686187432
EUR_USD,H1,924500,1.14717273053e-05,1.1668142095
EUR_USD,H1,925000,1.14691009124e-05,1.16676666004
EUR_USD,H1,925500,1.14664850009e-05,1.16671922525
EUR_USD,H1,926000,1.14638794964e-05,1.1666719044
EUR_USD,H1,926500,1.14612843254e-05,1.16662469679
EUR_USD,H1,927000,1.1458699415e-05,1.16657760172
EUR_USD,H1,927500,1.14561246931e-05,1.16653061851
EUR_USD,H1,928000,1.14535600882e-05,1.16648374646
EUR_USD,H1,928500,1.14510055296e-05,1.16643698488
EUR_USD,H1,929000,1.14484609473e-05,1.16639033311
EUR_USD,H1,929500,1.14459262718e-05,1.16634379047
EUR_USD,H1,930000,1.14434014345e-05,1.16629735629
EUR_USD,H1,930500,1.14408863673e-05,1.16625102992
EUR_USD,H1,931000,1.14383810028e-05,1.16620481068
EUR_USD,H1,931500,1.14358852744e-05,1.16615869794
EUR_USD,H1,932000,1.14333991158e-05,1.16611269104
EUR_USD,H1,932500,1.14309224616e-05,1.16606678934
EUR_USD,H1,933000,1.14284552471e-05,1.16602099221
EUR_USD,H1,933500,1.14259974079e-05,1.16597529901
EUR_USD,H1,934000,1.14235488804e-05,1.16592970911
EUR_USD,H1,934500,1.14211096016e-05,1.16588422189
EUR_USD,H1,935000,1.14186795091e-05,1.16583883673
EUR_USD,H1,935500,1.14162585411e-05,1.16579355302
EUR_USD,H1,936000,1.14138466363e-05,1.16574837015
EUR_USD,H1,936500,1.14114437339e-05,1.16570328751
EUR_USD,H1,937000,1.1409049774e-05,1.16565830451
EUR_USD,H1,937500,1.1406664697e-05,1.16561342054
EUR_USD,H1,938000,1.14042884438e-05,1.16556863502
EUR_USD,H1,938500,1.1401920956e-05,1.16552394736
EUR_USD,H1,939000,1.13995621757e-05,1.16547935698
EUR_USD,H1,939500,1.13972120455e-05,1.1654348633
EUR_USD,H1,940000,1.13948705086e-05,1.16539046575
EUR_USD,H1,940500,1.13925375087e-05,1.16534616375
EUR_USD,H1,941000,1.13902129899e-05,1.16530195674
EUR_USD,H1,941500,1.13878968969e-05,1.16525784417
EUR_USD,H1,942000,1.1385589175e-05,1.16521382547
EUR_USD,H1,942500,1.13832897699e-05,1.16516990009
EUR_USD,H1,943000,1.13809986277e-05,1.16512606748
EUR_USD,H1,943500,1.13787156951e-05,1.1650823271
EUR_USD,H1,944000,1.13764409194e-05,1.16503867841
EUR_USD,H1,944500,1.13741742482e-05,1.16499512088
EUR_USD,H1,945000,1.13719156295e-05,1.16495165396
EUR_USD,H1,945500,1.13696650121e-05,1.16490827714
EUR_USD,H1,946000,1.13674223448e-05,1.16486498988
EUR_USD,H1,946500,1.13651875772e-05,1.16482179167
EUR_USD,H1,947000,1.13629606594e-05,1.16477868199
EUR_USD,H1,947500,1.13607415415e-05,1.16473566032
EUR_USD,H1,948000,1.13585301746e-05,1.16469272617
EUR_USD,H1,948500,1.13563265099e-05,1.16464987902
EUR_USD,H1,949000,1.1354130499e-05,1.16460711837
EUR_USD,H1,949500,1.13519420941e-05,1.16456444372
EUR_USD,H1,950000,1.13497612477e-05,1.16452185458
EUR_USD,H1,950500,1.13475879129e-05,1.16447935046
EUR_USD,H1,951000,1.1345422043e-05,1.16443693087
EUR_USD,H1,951500,1.13432635917e-05,1.16439459533
EUR_USD,H1,952000,1.13411125132e-05,1.16435234336
EUR_USD,H1,952500,1.13389687622e-05,1.16431017448
EUR_USD,H1,953000,1.13368322936e-05,1.16426808822
EUR_USD,H1,953500,1.13347030628e-05,1.16422608411
EUR_USD,H1,954000,1.13325810256e-05,1.16418416169
EUR_USD,H1,954500,1.13304661379e-05,1.16414232048
EUR_USD,H1,955000,1.13283583565e-05,1.16410056004
EUR_USD,H1,955500,1.13262576381e-05,1.16405887991
EUR_USD,H1,956000,1.132416394e-05,1.16401727963
EUR_USD,H1,956500,1.13220772199e-05,1.16397575876
EUR_USD,H1,957000,1.13199974356e-05,1.16393431685
EUR_USD,H1,957500,1.13179245455e-05,1.16389295345
EUR_USD,H1,958000,1.13158585084e-05,1.16385166813
EUR_USD,H1,958500,1.13137992832e-05,1.16381046046
EUR_USD,H1,959000,1.13117468294e-05,1.16376932999
EUR_USD,H1,959500,1.13097011066e-05,1.1637282763
EUR_USD,H1,960000,1.13076620749e-05,1.16368729897
EUR_USD,H1,960500,1.13056296947e-05,1.16364639756
EUR_USD,H1,961000,1.13036039268e-05,1.16360557166
EUR_USD,H1,961500,1.13015847322e-05,1.16356482085
EUR_USD,H1,962000,1.12995720722e-05,1.16352414472
EUR_USD,H1,962500,1.12975659085e-05,1.16348354286
EUR_USD,H1,963000,1.12955662033e-05,1.16344301485
EUR_USD,H1,963500,1.12935729188e-05,1.16340256029
EUR_USD,H1,964000,1.12915860176e-05,1.16336217878
EUR_USD,H1,964500,1.12896054627e-05,1.16332186992
EUR_USD,H1,965000,1.12876312173e-05,1.16328163331
EUR_USD,H1,965500,1.1285663245e-05,1.16324146856
EUR_USD,H1,966000,1.12837015097e-05,1.16320137528
EUR_USD,H1,966500,1.12817459755e-05,1.16316135307
EUR_USD,H1,967000,1.12797966068e-05,1.16312140156
EUR_USD,H1,967500,1.12778533683e-05,1.16308152036
EUR_USD,H1,968000,1.12759162251e-05,1.16304170909
EUR_USD,H1,968500,1.12739851424e-05,1.16300196738
EUR_USD,H1,969000,1.12720600859e-05,1.16296229484
EUR_USD,H1,969500,1.12701410213e-05,1.16292269111
EUR_USD,H1,970000,1.12682279148e-05,1.16288315582
EUR_USD,H1,970500,1.12663207328e-05,1.1628436886
EUR_USD,H1,971000,1.1264419442e-05,1.16280428909
EUR_USD,H1,971500,1.12625240092e-05,1.16276495692
EUR_USD,H1,972000,1.12606344017e-05,1.16272569175
EUR_USD,H1,972500,1.12587505869e-05,1.1626864932
EUR_USD,H1,973000,1.12568725325e-05,1.16264736093
EUR_USD,H1,973500,1.12550002065e-05,1.16260829459
EUR_USD,H1,974000,1.12531335771e-05,1.16256929383
EUR_USD,H1,974500,1.12512726128e-05,1.16253035829
EUR_USD,H1,975000,1.12494172823e-05,1.16249148765
EUR_USD,H1,975500,1.12475675545e-05,1.16245268155
EUR_USD,H1,976000,1.12457233987e-05,1.16241393966
EUR_USD,H1,976500,1.12438847842e-05,1.16237526165
EUR_USD,H1,977000,1.12420516808e-05,1.16233664717
EUR_USD,H1,977500,1.12402240584e-05,1.1622980959
EUR_USD,H1,978000,1.12384018871e-05,1.1622596075
EUR_USD,H1,978500,1.12365851374e-05,1.16222118165
EUR_USD,H1,979000,1.12347737797e-05,1.16218281803
EUR_USD,H1,979500,1.12329677849e-05,1.16214451632
EUR_USD,H1,980000,1.12311671242e-05,1.16210627618
EUR_USD,H1,980500,1.12293717687e-05,1.16206809731
EUR_USD,H1,981000,1.12275816901e-05,1.16202997939
EUR_USD,H1,981500,1.12257968598e-05,1.16199192211
EUR_USD,H1,982000,1.12240172501e-05,1.16195392515
EUR_USD,H1,982500,1.12222428328e-05,1.1619159882
EUR_USD,H1,983000,1.12204735805e-05,1.16187811097
EUR_USD,H1,983500,1.12187094657e-05,1.16184029314
EUR_USD,H1,984000,1.12169504611e-05,1.16180253441
EUR_USD,H1,984500,1.12151965397e-05,1.16176483448
EUR_USD,H1,985000,1.12134476747e-05,1.16172719305
EUR_USD,H1,985500,1.12117038395e-05,1.16168960984
EUR_USD,H1,986000,1.12099650077e-05,1.16165208453
EUR_USD,H1,986500,1.12082311529e-05,1.16161461685
EUR_USD,H1,987000,1.12065022493e-05,1.16157720649
EUR_USD,H1,987500,1.1204778271e-05,1.16153985318
EUR_USD,H1,988000,1.12030591922e-05,1.16150255662
EUR_USD,H1,988500,1.12013449876e-05,1.16146531654
EUR_USD,H1,989000,1.1199635632e-05,1.16142813265
EUR_USD,H1,989500,1.11979311001e-05,1.16139100467
EUR_USD,H1,990000,1.11962313671e-05,1.16135393232
EUR_USD,H1,990500,1.11945364084e-05,1.16131691532
EUR_USD,H1,991000,1.11928461993e-05,1.16127995341
EUR_USD,H1,991500,1.11911607156e-05,1.16124304631
EUR_USD,H1,992000,1.1189479933e-05,1.16120619374
EUR_USD,H1,992500,1.11878038275e-05,1.16116939545
EUR_USD,H1,993000,1.11861323753e-05,1.16113265116
EUR_USD,H1,993500,1.11844655528e-05,1.1610959606
EUR_USD,H1,994000,1.11828033365e-05,1.16105932353
EUR_USD,H1,994500,1.11811457031e-05,1.16102273966
EUR_USD,H1,995000,1.11794926293e-05,1.16098620876
EUR_USD,H1,995500,1.11778440923e-05,1.16094973054
EUR_USD,H1,996000,1.11762000693e-05,1.16091330477
EUR_USD,H1,996500,1.11745605375e-05,1.16087693119
EUR_USD,H1,997000,1.11729254745e-05,1.16084060954
EUR_USD,H1,997500,1.11712948579e-05,1.16080433957
EUR_USD,H1,998000,1.11696686656e-05,1.16076812104
EUR_USD,H1,998500,1.11680468756e-05,1.1607319537
EUR_USD,H1,999000,1.11664294661e-05,1.1606958373
EUR_USD,H1,999500,1.11648164152e-05,1.1606597716
EUR_USD,H1,1000000,1.11632077015e-05,1.16062375635
EUR_USD,H1,1000500,0.000397037004162,1.14623894696
EUR_USD,H1,1001000,8.88938955498e-05,1.15263428273
EUR_USD,H1,1001500,5.7090037705e-05,1.15915487159
EUR_USD,H1,1002000,4.32578518827e-05,1.16420989811
EUR_USD,H1,1002500,3.54787072664e-05,1.1679933629
EUR_USD,H1,1003000,3.05888707722e-05,1.17085440094
EUR_USD,H1,1003500,2.72843924934e-05,1.17304756938
EUR_USD,H1,1004000,2.49210866947e-05,1.1747491842
EUR_USD,H1,1004500,2.3149549562e-05,1.17608370696
EUR_USD,H1,1005000,2.17689062543e-05,1.17714081949
EUR_USD,H1,1005500,2.06584471054e-05,1.17798611767
EUR_USD,H1,1006000,1.97427394007e-05,1.1786681054
EUR_USD,H1,1006500,1.89728354811e-05,1.17922295632
EUR_USD,H1,1007000,1.83157670035e-05,1.17967784749
EUR_USD,H1,1007500,1.77484980936e-05,1.18005333659
EUR_USD,H1,1008000,1.72543552193e-05,1.18036507854
EUR_USD,H1,1008500,1.68208679198e-05,1.18062507632
EUR_USD,H1,1009000,1.6438431084e-05,1.18084259861
EUR_USD,H1,1009500,1.60994555116e-05,1.18102485676
EUR_USD,H1,1010000,1.57978145305e-05,1.18117750654
EUR_USD,H1,1010500,1.55284737528e-05,1.18130502169
EUR_USD,H1,1011000,1.52872364763e-05,1.18141097304
EUR_USD,H1,1011500,1.50705636956e-05,1.18149823799
EUR_USD,H1,1012000,1.48754433433e-05,1.18156915824
EUR_USD,H1,1012500,1.46992927888e-05,1.18162565911
EUR_USD,H1,1013000,1.45398843584e-05,1.18166934009
EUR_USD,H1,1013500,1.43952871898e-05,1.18170154391
EUR_USD,H1,1014000,1.42638209655e-05,1.18172340941
EUR_USD,H1,1014500,1.41440184907e-05,1.18173591225
EUR_USD,H1,1015000,1.40345950043e-05,1.18173989635
EUR_USD,H1,1015500,1.39344227205e-05,1.18173609837
EUR_USD,H1,1016000,1.38425095067e-05,1.18172516679
EUR_USD,H1,1016500,1.37579808853e-05,1.18170767692
EUR_USD,H1,1017000,1.36800647396e-05,1.18168414287
EUR_USD,H1,1017500,1.36080782479e-05,1.18165502692
EUR_USD,H1,1018000,1.3541416669e-05,1.1816207472
EUR_USD,H1,1018500,1.34795436789e-05,1.18158168379
EUR_USD,H1,1019000,1.34219830162e-05,1.18153818374
EUR_USD,H1,1019500,1.33683112375e-05,1.18149056518
EUR_USD,H1,1020000,1.33181514194e-05,1.18143912074
EUR_USD,H1,1020500,1.32711676704e-05,1.18138412037
EUR_USD,H1,1021000,1.32270603384e-05,1.18132581379
EUR_USD,H1,1021500,1.31855618186e-05,1.18126443248
EUR_USD,H1,1022000,1.31464328791e-05,1.18120019144
EUR_USD,H1,1022500,1.31094594361e-05,1.18113329074
EUR_USD,H1,1023000,1.30744497189e-05,1.1810639168
EUR_USD,H1,1023500,1.30412317747e-05,1.18099224355
EUR_USD,H1,1024000,1.30096512689e-05,1.18091843348
EUR_USD,H1,1024500,1.29795695445e-05,1.18084263852
EUR_USD,H1,1025000,1.29508619073e-05,1.18076500085
EUR_USD,H1,1025500,1.29234161097e-05,1.18068565365
EUR_USD,H1,1026000,1.28971310079e-05,1.18060472174
EUR_USD,H1,1026500,1.28719153729e-05,1.1805223222
EUR_USD,H1,1027000,1.28476868349e-05,1.18043856489
EUR_USD,H1,1027500,1.2824370947e-05,1.18035355296
EUR_USD,H1,1028000,1.28019003531e-05,1.18026738331
EUR_USD,H1,1028500,1.27802140477e-05,1.180180147
EUR_USD,H1,1029000,1.27592567179e-05,1.18009192962
EUR_USD,H1,1029500,1.27389781568e-05,1.18000281168
EUR_USD,H1,1030000,1.2719332741e-05,1.17991286891
EUR_USD,H1,1030500,1.27002789648e-05,1.17982217259
EUR_USD,H1,1031000,1.26817790242e-05,1.17973078978
EUR_USD,H1,1031500,1.26637984458e-05,1.17963878364
EUR_USD,H1,1032000,1.26463057546e-05,1.17954621364
EUR_USD,H1,1032500,1.26292721776e-05,1.17945313581
EUR_USD,H1,1033000,1.26126713785e-05,1.17935960291
EUR_USD,H1,1033500,1.25964792197e-05,1.17926566467
EUR_USD,H1,1034000,1.25806735495e-05,1.17917136793
EUR_USD,H1,1034500,1.25652340115e-05,1.17907675685
EUR_USD,H1,1035000,1.25501418731e-05,1.17898187305
EUR_USD,H1,1035500,1.25353798723e-05,1.17888675577
EUR_USD,H1,1036000,1.25209320793e-05,1.17879144197
EUR_USD,H1,1036500,1.2506783773e-05,1.17869596652
EUR_USD,H1,1037000,1.24929213293e-05,1.17860036229
EUR_USD,H1,1037500,1.24793321207e-05,1.17850466025
EUR_USD,H1,1038000,1.24660044265e-05,1.17840888961
EUR_USD,H1,1038500,1.24529273511e-05,1.1783130779
EUR_USD,H1,1039000,1.24400907509e-05,1.17821725105
EUR_USD,H1,1039500,1.24274851682e-05,1.17812143354
EUR_USD,H1,1040000,1.24151017713e-05,1.17802564839
EUR_USD,H1,1040500,1.24029323012e-05,1.17792991733
EUR_USD,H1,1041000,1.23909690223e-05,1.1778342608
EUR_USD,H1,1041500,1.23792046787e-05,1.17773869808
EUR_USD,H1,1042000,1.23676324543e-05,1.17764324729
EUR_USD,H1,1042500,1.23562459367e-05,1.17754792552
EUR_USD,H1,1043000,1.23450390845e-05,1.17745274884
EUR_USD,H1,1043500,1.23340061977e-05,1.17735773236
EUR_USD,H1,1044000,1.23231418907e-05,1.17726289031
EUR_USD,H1,1044500,1.23124410679e-05,1.17716823605
EUR_USD,H1,1045000,1.23018989015e-05,1.17707378213
EUR_USD,H1,1045500,1.22915108112e-05,1.17697954036
EUR_USD,H1,1046000,1.22812724459e-05,1.1768855218
EUR_USD,H1,1046500,1.22711796669e-05,1.17679173684
EUR_USD,H1,1047000,1.22612285326e-05,1.17669819521
EUR_USD,H1,1047500,1.22514152845e-05,1.17660490602
EUR_USD,H1,1048000,1.22417363345e-05,1.17651187783
EUR_USD,H1,1048500,1.22321882533e-05,1.17641911859
EUR_USD,H1,1049000,1.22227677594e-05,1.17632663578
EUR_USD,H1,1049500,1.221347171e-05,1.17623443636
EUR_USD,H1,1050000,1.22042970914e-05,1.1761425268
EUR_USD,H1,1050500,1.21952410109e-05,1.17605091316
EUR_USD,H1,1051000,1.21863006894e-05,1.17595960104
EUR_USD,H1,1051500,1.21774734547e-05,1.17586859566
EUR_USD,H1,1052000,1.21687567344e-05,1.17577790186
EUR_USD,H1,1052500,1.21601480506e-05,1.1756875241
EUR_USD,H1,1053000,1.21516450144e-05,1.1755974665
EUR_USD,H1,1053500,1.21432453206e-05,1.17550773287
EUR_USD,H1,1054000,1.21349467433e-05,1.17541832669
EUR_USD,H1,1054500,1.21267471316e-05,1.17532925117
EUR_USD,H1,1055000,1.21186444054e-05,1.17524050921
EUR_USD,H1,1055500,1.21106365522e-05,1.17515210347
EUR_USD,H1,1056000,1.21027216231e-05,1.17506403635
EUR_USD,H1,1056500,1.209489773e-05,1.17497631001
EUR_USD,H1,1057000,1.20871630425e-05,1.17488892639
EUR_USD,H1,1057500,1.20795157853e-05,1.17480188721
EUR_USD,H1,1058000,1.20719542355e-05,1.17471519399
EUR_USD,H1,1058500,1.20644767202e-05,1.17462884805
EUR_USD,H1,1059000,1.20570816141e-05,1.17454285053
EUR_USD,H1,1059500,1.2049767338e-05,1.17445720239
EUR_USD,H1,1060000,1.20425323562e-05,1.17437190445
EUR_USD,H1,1060500,1.20353751748e-05,1.17428695734
EUR_USD,H1,1061000,1.20282943404e-05,1.17420236157
EUR_USD,H1,1061500,1.20212884378e-05,1.17411811748
EUR_USD,H1,1062000,1.20143560891e-05,1.1740342253
EUR_USD,H1,1062500,1.20074959519e-05,1.17395068513
EUR_USD,H1,1063000,1.2000706718e-05,1.17386749693
EUR_USD,H1,1063500,1.19939871123e-05,1.17378466058
EUR_USD,H1,1064000,1.19873358913e-05,1.17370217582
EUR_USD,H1,1064500,1.19807518422e-05,1.17362004231
EUR_USD,H1,1065000,1.19742337817e-05,1.17353825959
EUR_USD,H1,1065500,1.19677805551e-05,1.17345682715
EUR_USD,H1,1066000,1.19613910352e-05,1.17337574435
EUR_USD,H1,1066500,1.19550641214e-05,1.17329501048
EUR_USD,H1,1067000,1.19487987389e-05,1.17321462477
EUR_USD,H1,1067500,1.19425938378e-05,1.17313458636
EUR_USD,H1,1068000,1.19364483921e-05,1.17305489433
EUR_USD,H1,1068500,1.19303613995e-05,1.17297554768
EUR_USD,H1,1069000,1.19243318803e-05,1.17289654537
EUR_USD,H1,1069500,1.19183588764e-05,1.17281788628
EUR_USD,H1,1070000,1.19124414514e-05,1.17273956925
EUR_USD,H1,1070500,1.19065786893e-05,1.17266159306
EUR_USD,H1,1071000,1.19007696943e-05,1.17258395646
EUR_USD,H1,1071500,1.18950135901e-05,1.17250665813
EUR_USD,H1,1072000,1.18893095191e-05,1.17242969671
EUR_USD,H1,1072500,1.18836566423e-05,1.17235307082
EUR_USD,H1,1073000,1.18780541386e-05,1.17227677902
EUR_USD,H1,1073500,1.18725012041e-05,1.17220081984
EUR_USD,H1,1074000,1.1866997052e-05,1.17212519179
EUR_USD,H1,1074500,1.18615409118e-05,1.17204989334
EUR_USD,H1,1075000,1.18561320293e-05,1.17197492293
EUR_USD,H1,1075500,1.18507696657e-05,1.17190027896
EUR_USD,H1,1076000,1.18454530973e-05,1.17182595983
EUR_USD,H1,1076500,1.18401816155e-05,1.1717519639
EUR_USD,H1,1077000,1.18349545259e-05,1.17167828952
EUR_USD,H1,1077500,1.18297711482e-05,1.17160493501
EUR_USD,H1,1078000,1.18246308159e-05,1.17153189867
EUR_USD,H1,1078500,1.18195328758e-05,1.17145917879
EUR_USD,H1,1079000,1.18144766878e-05,1.17138677365
EUR_USD,H1,1079500,1.18094616246e-05,1.17131468151
EUR_USD,H1,1080000,1.18044870709e-05,1.1712429006
EUR_USD,H1,1080500,1.17995524242e-05,1.17117142916
EUR_USD,H1,1081000,1.17946570931e-05,1.17110026543
EUR_USD,H1,1081500,1.17898004983e-05,1.1710294076
EUR_USD,H1,1082000,1.17849820715e-05,1.17095885389
EUR_USD,H1,1082500,1.17802012555e-05,1.17088860249
EUR_USD,H1,1083000,1.17754575038e-05,1.17081865161
EUR_USD,H1,1083500,1.17707502804e-05,1.17074899941
EUR_USD,H1,1084000,1.17660790596e-05,1.17067964409
EUR_USD,H1,1084500,1.17614433257e-05,1.17061058382
EUR_USD,H1,1085000,1.17568425729e-05,1.17054181678
EUR_USD,H1,1085500,1.17522763047e-05,1.17047334114
EUR_USD,H1,1086000,1.17477440343e-05,1.17040515507
EUR_USD,H1,1086500,1.17432452838e-05,1.17033725674
EUR_USD,H1,1087000,1.17387795843e-05,1.17026964433
EUR_USD,H1,1087500,1.17343464758e-05,1.170202316
EUR_USD,H1,1088000,1.17299455067e-05,1.17013526993
EUR_USD,H1,1088500,1.17255762338e-05,1.17006850429
EUR_USD,H1,1089000,1.1721238222e-05,1.17000201725
EUR_USD,H1,1089500,1.17169310444e-05,1.169935807
EUR_USD,H1,1090000,1.17126542818e-05,1.16986987171
EUR_USD,H1,1090500,1.17084075227e-05,1.16980420956
EUR_USD,H1,1091000,1.1704190363e-05,1.16973881876
EUR_USD,H1,1091500,1.1700002406e-05,1.16967369748
EUR_USD,H1,1092000,1.16958432623e-05,1.16960884394
EUR_USD,H1,1092500,1.16917125494e-05,1.16954425632
EUR_USD,H1,1093000,1.16876098917e-05,1.16947993285
EUR_USD,H1,1093500,1.16835349202e-05,1.16941587172
