NZD_USD,H1,23500,0.000229101107705,0.664370511727
NZD_USD,H1,24000,0.000121162092494,0.670420374708
NZD_USD,H1,24500,0.000102200902397,0.673960742329
NZD_USD,H1,25000,9.17149736407e-05,0.67638685989
NZD_USD,H1,25500,8.51838801851e-05,0.678066966309
NZD_USD,H1,26000,8.08056641346e-05,0.679217556891
NZD_USD,H1,26500,7.76783555107e-05,0.679987044184
NZD_USD,H1,27000,7.53150423444e-05,0.680479886956
NZD_USD,H1,27500,7.34393943346e-05,0.680770502376
NZD_USD,H1,28000,7.1888275946e-05,0.680912428848
NZD_USD,H1,28500,7.05620096791e-05,0.680944540612
NZD_USD,H1,29000,6.93977498606e-05,0.680895318237
NZD_USD,H1,29500,6.83546931193e-05,0.680785810462
NZD_USD,H1,30000,6.74055962917e-05,0.680631705186
NZD_USD,H1,30500,6.65317688339e-05,0.680444789031
NZD_USD,H1,31000,6.57200378801e-05,0.68023398418
NZD_USD,H1,31500,6.49608651251e-05,0.680006090928
NZD_USD,H1,32000,6.42471538005e-05,0.679766323874
NZD_USD,H1,32500,6.35734787768e-05,0.679518702365
NZD_USD,H1,33000,6.29355814367e-05,0.679266337233
NZD_USD,H1,33500,6.23300331934e-05,0.679011643174
NZD_USD,H1,34000,6.17540080982e-05,0.678756497382
NZD_USD,H1,34500,6.12051269862e-05,0.678502359062
NZD_USD,H1,35000,6.06813491199e-05,0.678250360185
NZD_USD,H1,35500,6.01808957367e-05,0.678001374999
NZD_USD,H1,36000,5.970219527e-05,0.677756073653
NZD_USD,H1,36500,5.92438434598e-05,0.6775149639
NZD_USD,H1,37000,5.88045738095e-05,0.677278423739
NZD_USD,H1,37500,5.83832353195e-05,0.677046727164
NZD_USD,H1,38000,5.79787754023e-05,0.676820064568
NZD_USD,H1,38500,5.75902265347e-05,0.676598559046
NZD_USD,H1,39000,5.72166956435e-05,0.676382279456
NZD_USD,H1,39500,5.68573555191e-05,0.676171250962
NZD_USD,H1,40000,5.65114377534e-05,0.675965463566
NZD_USD,H1,40500,5.61782268437e-05,0.675764879047
NZD_USD,H1,41000,5.58570551987e-05,0.675569436628
NZD_USD,H1,41500,5.55472988554e-05,0.67537905761
NZD_USD,H1,42000,5.52483737629e-05,0.675193649183
NZD_USD,H1,42500,5.49597325249e-05,0.675013107555
NZD_USD,H1,43000,5.46808615194e-05,0.674837320542
NZD_USD,H1,43500,5.44112783313e-05,0.674666169693
NZD_USD,H1,44000,5.41505294487e-05,0.674499532061
NZD_USD,H1,44500,5.38981881837e-05,0.674337281652
NZD_USD,H1,45000,5.36538527862e-05,0.674179290635
NZD_USD,H1,45500,5.34171447252e-05,0.674025430333
NZD_USD,H1,46000,5.31877071175e-05,0.673875572044
NZD_USD,H1,46500,5.29652032858e-05,0.673729587711
NZD_USD,H1,47000,5.27493154321e-05,0.673587350478
NZD_USD,H1,47500,5.25397434147e-05,0.673448735136
NZD_USD,H1,48000,5.23362036179e-05,0.673313618486
NZD_USD,H1,48500,5.21384279052e-05,0.673181879631
NZD_USD,H1,49000,5.194616265e-05,0.673053400206
NZD_USD,H1,49500,5.17591678343e-05,0.672928064555
NZD_USD,H1,50000,5.15772162118e-05,0.672805759869
NZD_USD,H1,50500,5.14000925289e-05,0.672686376285
NZD_USD,H1,51000,5.12275927995e-05,0.672569806954
NZD_USD,H1,51500,5.10595236283e-05,0.672455948083
NZD_USD,H1,52000,5.08957015805e-05,0.672344698958
NZD_USD,H1,52500,5.07359525928e-05,0.672235961946
NZD_USD,H1,53000,5.05801114233e-05,0.672129642484
NZD_USD,H1,53500,5.04280211377e-05,0.672025649052
NZD_USD,H1,54000,5.02795326286e-05,0.671923893139
NZD_USD,H1,54500,5.01345041656e-05,0.671824289201
NZD_USD,H1,55000,4.99928009746e-05,0.671726754606
NZD_USD,H1,55500,4.98542948435e-05,0.671631209579
NZD_USD,H1,56000,4.9718863753e-05,0.671537577142
NZD_USD,H1,56500,4.95863915302e-05,0.67144578305
NZD_USD,H1,57000,4.94567675243e-05,0.67135575572
NZD_USD,H1,57500,4.93298863019e-05,0.671267426163
NZD_USD,H1,58000,4.92056473615e-05,0.671180727916
NZD_USD,H1,58500,4.90839548649e-05,0.671095596967
NZD_USD,H1,59000,4.89647173856e-05,0.671011971685
NZD_USD,H1,59500,4.88478476718e-05,0.670929792746
NZD_USD,H1,60000,4.87332624244e-05,0.670849003066
NZD_USD,H1,60500,4.86208820871e-05,0.670769547725
NZD_USD,H1,61000,4.85106306505e-05,0.6706913739
NZD_USD,H1,61500,4.84024354662e-05,0.670614430796
NZD_USD,H1,62000,4.8296227073e-05,0.670538669575
NZD_USD,H1,62500,4.81919390328e-05,0.670464043293
NZD_USD,H1,63000,4.80895077758e-05,0.670390506836
NZD_USD,H1,63500,4.79888724551e-05,0.67031801685
NZD_USD,H1,64000,4.78899748091e-05,0.670246531687
NZD_USD,H1,64500,4.77927590325e-05,0.670176011337
NZD_USD,H1,65000,4.76971716537e-05,0.670106417376
NZD_USD,H1,65500,4.76031614198e-05,0.670037712905
NZD_USD,H1,66000,4.75106791877e-05,0.669969862493
NZD_USD,H1,66500,4.74196778215e-05,0.669902832128
NZD_USD,H1,67000,4.7330112095e-05,0.66983658916
NZD_USD,H1,67500,4.72419386006e-05,0.669771102255
NZD_USD,H1,68000,4.71551156621e-05,0.66970634134
NZD_USD,H1,68500,4.70696032529e-05,0.669642277563
NZD_USD,H1,69000,4.69853629183e-05,0.669578883241
NZD_USD,H1,69500,4.69023577021e-05,0.66951613182
NZD_USD,H1,70000,4.68205520771e-05,0.669453997828
NZD_USD,H1,70500,4.67399118793e-05,0.669392456839
NZD_USD,H1,71000,4.66604042456e-05,0.669331485429
NZD_USD,H1,71500,4.65819975543e-05,0.669271061139
NZD_USD,H1,72000,4.65046613698e-05,0.669211162438
NZD_USD,H1,72500,4.64283663885e-05,0.669151768687
NZD_USD,H1,73000,4.63530843893e-05,0.669092860107
NZD_USD,H1,73500,4.62787881853e-05,0.66903441774
NZD_USD,H1,74000,4.62054515782e-05,0.668976423422
NZD_USD,H1,74500,4.61330493158e-05,0.668918859753
NZD_USD,H1,75000,4.60615570504e-05,0.668861710062
NZD_USD,H1,75500,4.59909513002e-05,0.668804958383
NZD_USD,H1,76000,4.59212094123e-05,0.668748589426
NZD_USD,H1,76500,4.58523095273e-05,0.66869258855
NZD_USD,H1,77000,4.57842305462e-05,0.66863694174
NZD_USD,H1,77500,4.5716952098e-05,0.668581635578
NZD_USD,H1,78000,4.565045451e-05,0.668526657222
NZD_USD,H1,78500,4.55847187787e-05,0.668471994387
NZD_USD,H1,79000,4.55197265421e-05,0.668417635315
NZD_USD,H1,79500,4.54554600537e-05,0.668363568761
NZD_USD,H1,80000,4.5391902158e-05,0.668309783968
NZD_USD,H1,80500,4.53290362656e-05,0.668256270653
NZD_USD,H1,81000,4.52668463319e-05,0.668203018982
NZD_USD,H1,81500,4.52053168344e-05,0.668150019557
NZD_USD,H1,82000,4.51444327525e-05,0.668097263396
NZD_USD,H1,82500,4.50841795479e-05,0.668044741916
NZD_USD,H1,83000,4.50245431455e-05,0.66799244692
NZD_USD,H1,83500,4.49655099159e-05,0.66794037058
NZD_USD,H1,84000,4.49070666576e-05,0.667888505421
NZD_USD,H1,84500,4.48492005814e-05,0.667836844306
NZD_USD,H1,85000,4.47918992941e-05,0.667785380429
NZD_USD,H1,85500,4.47351507837e-05,0.667734107292
NZD_USD,H1,86000,4.46789434055e-05,0.667683018701
NZD_USD,H1,86500,4.46232658677e-05,0.667632108748
NZD_USD,H1,87000,4.45681072191e-05,0.667581371802
NZD_USD,H1,87500,4.45134568357e-05,0.667530802499
NZD_USD,H1,88000,4.44593044095e-05,0.667480395728
NZD_USD,H1,88500,4.44056399367e-05,0.667430146622
NZD_USD,H1,89000,4.43524537063e-05,0.667380050551
NZD_USD,H1,89500,4.42997362903e-05,0.667330103106
NZD_USD,H1,90000,4.42474785332e-05,0.667280300096
NZD_USD,H1,90500,4.41956715422e-05,0.667230637536
NZD_USD,H1,91000,4.41443066783e-05,0.66718111164
NZD_USD,H1,91500,4.4093375547e-05,0.667131718811
NZD_USD,H1,92000,4.404286999e-05,0.667082455635
NZD_USD,H1,92500,4.39927820772e-05,0.667033318873
NZD_USD,H1,93000,4.39431040983e-05,0.666984305452
NZD_USD,H1,93500,4.38938285557e-05,0.666935412461
NZD_USD,H1,94000,4.38449481573e-05,0.666886637142
NZD_USD,H1,94500,4.37964558092e-05,0.666837976885
NZD_USD,H1,95000,4.37483446093e-05,0.666789429221
NZD_USD,H1,95500,4.37006078408e-05,0.666740991816
NZD_USD,H1,96000,4.36532389661e-05,0.666692662467
NZD_USD,H1,96500,4.36062316207e-05,0.666644439093
NZD_USD,H1,97000,4.35595796078e-05,0.666596319733
NZD_USD,H1,97500,4.35132768925e-05,0.666548302541
NZD_USD,H1,98000,4.34673175967e-05,0.666500385778
NZD_USD,H1,98500,4.34216959942e-05,0.66645256781
NZD_USD,H1,99000,4.33764065055e-05,0.666404847103
NZD_USD,H1,99500,4.33314436934e-05,0.666357222219
NZD_USD,H1,100000,4.32868022581e-05,0.666309691811
NZD_USD,H1,100500,4.32424770333e-05,0.666262254619
NZD_USD,H1,101000,4.3198462982e-05,0.666214909467
NZD_USD,H1,101500,4.31547551919e-05,0.666167655259
NZD_USD,H1,102000,4.31113488722e-05,0.666120490975
NZD_USD,H1,102500,4.30682393494e-05,0.66607341567
NZD_USD,H1,103000,4.3025422064e-05,0.666026428465
NZD_USD,H1,103500,4.29828925669e-05,0.665979528552
NZD_USD,H1,104000,4.2940646516e-05,0.665932715184
NZD_USD,H1,104500,4.28986796729e-05,0.665885987675
NZD_USD,H1,105000,4.28569879001e-05,0.665839345398
NZD_USD,H1,105500,4.28155671577e-05,0.66579278778
NZD_USD,H1,106000,4.27744135005e-05,0.665746314304
NZD_USD,H1,106500,4.27335230755e-05,0.665699924499
NZD_USD,H1,107000,4.26928921189e-05,0.665653617945
NZD_USD,H1,107500,4.26525169535e-05,0.665607394268
NZD_USD,H1,108000,4.26123939864e-05,0.665561253136
NZD_USD,H1,108500,4.25725197063e-05,0.665515194259
NZD_USD,H1,109000,4.25328906816e-05,0.665469217387
NZD_USD,H1,109500,4.24935035575e-05,0.665423322309
NZD_USD,H1,110000,4.24543550542e-05,0.665377508846
NZD_USD,H1,110500,4.24154419648e-05,0.665331776858
NZD_USD,H1,111000,4.23767611533e-05,0.665286126233
NZD_USD,H1,111500,4.23383095521e-05,0.665240556892
NZD_USD,H1,112000,4.23000841609e-05,0.665195068785
NZD_USD,H1,112500,4.22620820442e-05,0.665149661889
NZD_USD,H1,113000,4.22243003297e-05,0.665104336208
NZD_USD,H1,113500,4.21867362067e-05,0.66505909177
NZD_USD,H1,114000,4.21493869244e-05,0.665013928628
NZD_USD,H1,114500,4.21122497901e-05,0.664968846856
NZD_USD,H1,115000,4.20753221678e-05,0.66492384655
NZD_USD,H1,115500,4.20386014766e-05,0.664878927824
NZD_USD,H1,116000,4.20020851891e-05,0.664834090813
NZD_USD,H1,116500,4.19657708304e-05,0.664789335668
NZD_USD,H1,117000,4.19296559763e-05,0.664744662559
NZD_USD,H1,117500,4.18937382521e-05,0.664700071669
NZD_USD,H1,118000,4.18580153315e-05,0.664655563197
NZD_USD,H1,118500,4.18224849348e-05,0.664611137357
NZD_USD,H1,119000,4.17871448283e-05,0.664566794373
NZD_USD,H1,119500,4.1751992823e-05,0.664522534484
NZD_USD,H1,120000,4.17170267729e-05,0.664478357938
NZD_USD,H1,120500,4.16822445748e-05,0.664434264996
NZD_USD,H1,121000,4.16476441664e-05,0.664390255928
NZD_USD,H1,121500,4.16132235258e-05,0.664346331011
NZD_USD,H1,122000,4.15789806701e-05,0.664302490534
NZD_USD,H1,122500,4.15449136549e-05,0.664258734791
NZD_USD,H1,123000,4.15110205727e-05,0.664215064085
NZD_USD,H1,123500,4.14772995527e-05,0.664171478724
NZD_USD,H1,124000,4.14437487592e-05,0.664127979023
NZD_USD,H1,124500,4.14103663914e-05,0.664084565304
NZD_USD,H1,125000,4.1377150682e-05,0.66404123789
NZD_USD,H1,125500,4.13440998966e-05,0.663997997113
NZD_USD,H1,126000,4.13112123332e-05,0.663954843306
NZD_USD,H1,126500,4.12784863208e-05,0.663911776806
NZD_USD,H1,127000,4.12459202191e-05,0.663868797955
NZD_USD,H1,127500,4.12135124177e-05,0.663825907096
NZD_USD,H1,128000,4.11812613353e-05,0.663783104574
NZD_USD,H1,128500,4.11491654191e-05,0.663740390738
NZD_USD,H1,129000,4.11172231441e-05,0.663697765935
NZD_USD,H1,129500,4.10854330124e-05,0.663655230518
NZD_USD,H1,130000,4.10537935526e-05,0.663612784838
NZD_USD,H1,130500,4.10223033192e-05,0.663570429245
NZD_USD,H1,131000,4.0990960892e-05,0.663528164094
NZD_USD,H1,131500,4.09597648754e-05,0.663485989736
NZD_USD,H1,132000,4.09287138982e-05,0.663443906523
NZD_USD,H1,132500,4.08978066125e-05,0.663401914807
NZD_USD,H1,133000,4.08670416936e-05,0.663360014939
NZD_USD,H1,133500,4.08364178393e-05,0.663318207269
NZD_USD,H1,134000,4.08059337695e-05,0.663276492146
NZD_USD,H1,134500,4.07755882255e-05,0.663234869916
NZD_USD,H1,135000,4.07453799698e-05,0.663193340925
NZD_USD,H1,135500,4.07153077853e-05,0.663151905517
NZD_USD,H1,136000,4.06853704751e-05,0.663110564034
NZD_USD,H1,136500,4.0655566862e-05,0.663069316815
NZD_USD,H1,137000,4.06258957881e-05,0.663028164198
NZD_USD,H1,137500,4.05963561143e-05,0.662987106517
NZD_USD,H1,138000,4.05669467197e-05,0.662946144105
NZD_USD,H1,138500,4.05376665018e-05,0.66290527729
NZD_USD,H1,139000,4.05085143754e-05,0.662864506399
NZD_USD,H1,139500,4.04794892728e-05,0.662823831756
NZD_USD,H1,140000,4.04505901429e-05,0.66278325368
NZD_USD,H1,140500,4.04218159513e-05,0.662742772488
NZD_USD,H1,141000,4.03931656798e-05,0.662702388494
NZD_USD,H1,141500,4.03646383259e-05,0.662662102007
NZD_USD,H1,142000,4.03362329026e-05,0.662621913334
NZD_USD,H1,142500,4.03079484381e-05,0.662581822779
NZD_USD,H1,143000,4.02797839755e-05,0.662541830638
NZD_USD,H1,143500,4.02517385724e-05,0.662501937209
NZD_USD,H1,144000,4.02238113005e-05,0.662462142781
NZD_USD,H1,144500,4.01960012457e-05,0.662422447643
NZD_USD,H1,145000,4.01683075072e-05,0.662382852077
NZD_USD,H1,145500,4.01407291979e-05,0.662343356363
NZD_USD,H1,146000,4.01132654436e-05,0.662303960775
NZD_USD,H1,146500,4.0085915383e-05,0.662264665584
NZD_USD,H1,147000,4.00586781674e-05,0.662225471056
NZD_USD,H1,147500,4.00315529603e-05,0.662186377455
NZD_USD,H1,148000,4.00045389374e-05,0.662147385037
NZD_USD,H1,148500,3.99776352861e-05,0.662108494056
NZD_USD,H1,149000,3.99508412054e-05,0.662069704761
NZD_USD,H1,149500,3.99241559057e-05,0.662031017398
NZD_USD,H1,150000,3.98975786086e-05,0.661992432205
NZD_USD,H1,150500,3.98711085465e-05,0.661953949419
NZD_USD,H1,151000,3.98447449625e-05,0.661915569271
NZD_USD,H1,151500,3.98184871101e-05,0.661877291988
NZD_USD,H1,152000,3.97923342534e-05,0.661839117791
NZD_USD,H1,152500,3.97662856661e-05,0.661801046899
NZD_USD,H1,153000,3.97403406322e-05,0.661763079525
NZD_USD,H1,153500,3.97144984452e-05,0.661725215876
NZD_USD,H1,154000,3.9688758408e-05,0.661687456156
NZD_USD,H1,154500,3.9663119833e-05,0.661649800566
NZD_USD,H1,155000,3.96375820418e-05,0.661612249299
NZD_USD,H1,155500,3.96121443646e-05,0.661574802546
NZD_USD,H1,156000,3.95868061409e-05,0.661537460492
NZD_USD,H1,156500,3.95615667183e-05,0.661500223318
NZD_USD,H1,157000,3.95364254532e-05,0.6614630912
NZD_USD,H1,157500,3.95113817104e-05,0.66142606431
NZD_USD,H1,158000,3.94864348624e-05,0.661389142816
NZD_USD,H1,158500,3.94615842901e-05,0.661352326879
NZD_USD,H1,159000,3.94368293821e-05,0.661315616658
NZD_USD,H1,159500,3.94121695347e-05,0.661279012307
NZD_USD,H1,160000,3.93876041518e-05,0.661242513973
NZD_USD,H1,160500,3.93631326447e-05,0.661206121802
NZD_USD,H1,161000,3.93387544318e-05,0.661169835934
NZD_USD,H1,161500,3.9314468939e-05,0.661133656503
NZD_USD,H1,162000,3.9290275599e-05,0.661097583641
NZD_USD,H1,162500,3.92661738513e-05,0.661061617475
NZD_USD,H1,163000,3.92421631424e-05,0.661025758125
NZD_USD,H1,163500,3.92182429253e-05,0.66099000571
NZD_USD,H1,164000,3.91944126594e-05,0.660954360343
NZD_USD,H1,164500,3.91706718109e-05,0.660918822133
NZD_USD,H1,165000,3.91470198518e-05,0.660883391184
NZD_USD,H1,165500,3.91234562606e-05,0.660848067596
NZD_USD,H1,166000,3.90999805219e-05,0.660812851465
NZD_USD,H1,166500,3.90765921259e-05,0.660777742883
NZD_USD,H1,167000,3.90532905691e-05,0.660742741935
NZD_USD,H1,167500,3.90300753535e-05,0.660707848707
NZD_USD,H1,168000,3.90069459867e-05,0.660673063275
NZD_USD,H1,168500,3.89839019821e-05,0.660638385715
NZD_USD,H1,169000,3.89609428583e-05,0.660603816097
NZD_USD,H1,169500,3.89380681393e-05,0.660569354487
NZD_USD,H1,170000,3.89152773546e-05,0.660535000946
NZD_USD,H1,170500,3.88925700386e-05,0.660500755534
NZD_USD,H1,171000,3.8869945731e-05,0.660466618304
NZD_USD,H1,171500,3.88474039762e-05,0.660432589305
NZD_USD,H1,172000,3.88249443239e-05,0.660398668584
NZD_USD,H1,172500,3.88025663283e-05,0.660364856182
NZD_USD,H1,173000,3.87802695486e-05,0.660331152137
NZD_USD,H1,173500,3.87580535485e-05,0.660297556483
NZD_USD,H1,174000,3.87359178964e-05,0.660264069249
NZD_USD,H1,174500,3.87138621652e-05,0.660230690463
NZD_USD,H1,175000,3.86918859321e-05,0.660197420147
NZD_USD,H1,175500,3.86699887788e-05,0.660164258318
NZD_USD,H1,176000,3.86481702913e-05,0.660131204992
NZD_USD,H1,176500,3.86264300598e-05,0.66009826018
NZD_USD,H1,177000,3.86047676786e-05,0.660065423888
NZD_USD,H1,177500,3.85831827461e-05,0.66003269612
NZD_USD,H1,178000,3.85616748647e-05,0.660000076877
NZD_USD,H1,178500,3.85402436409e-05,0.659967566154
NZD_USD,H1,179000,3.85188886849e-05,0.659935163944
NZD_USD,H1,179500,3.84976096109e-05,0.659902870236
NZD_USD,H1,180000,3.84764060366e-05,0.659870685015
NZD_USD,H1,180500,3.84552775836e-05,0.659838608264
NZD_USD,H1,181000,3.84342238772e-05,0.659806639961
NZD_USD,H1,181500,3.84132445462e-05,0.659774780082
NZD_USD,H1,182000,3.83923392227e-05,0.659743028597
NZD_USD,H1,182500,3.83715075428e-05,0.659711385475
NZD_USD,H1,183000,3.83507491454e-05,0.65967985068
NZD_USD,H1,183500,3.83300636733e-05,0.659648424176
NZD_USD,H1,184000,3.83094507723e-05,0.659617105919
NZD_USD,H1,184500,3.82889100915e-05,0.659585895865
NZD_USD,H1,185000,3.82684412834e-05,0.659554793965
NZD_USD,H1,185500,3.82480440033e-05,0.659523800168
NZD_USD,H1,186000,3.82277179099e-05,0.65949291442
NZD_USD,H1,186500,3.82074626649e-05,0.659462136663
NZD_USD,H1,187000,3.8187277933e-05,0.659431466836
NZD_USD,H1,187500,3.81671633819e-05,0.659400904874
NZD_USD,H1,188000,3.81471186821e-05,0.659370450712
NZD_USD,H1,188500,3.81271435071e-05,0.659340104278
NZD_USD,H1,189000,3.81072375333e-05,0.6593098655
NZD_USD,H1,189500,3.80874004396e-05,0.659279734303
NZD_USD,H1,190000,3.80676319081e-05,0.659249710606
NZD_USD,H1,190500,3.80479316232e-05,0.659219794329
NZD_USD,H1,191000,3.80282992722e-05,0.659189985386
NZD_USD,H1,191500,3.80087345449e-05,0.659160283691
NZD_USD,H1,192000,3.79892371338e-05,0.659130689152
NZD_USD,H1,192500,3.7969806734e-05,0.659101201677
NZD_USD,H1,193000,3.79504430429e-05,0.659071821171
NZD_USD,H1,193500,3.79311457606e-05,0.659042547533
NZD_USD,H1,194000,3.79119145896e-05,0.659013380663
NZD_USD,H1,194500,3.78927492347e-05,0.658984320458
NZD_USD,H1,195000,3.78736494031e-05,0.65895536681
NZD_USD,H1,195500,3.78546148045e-05,0.658926519611
NZD_USD,H1,196000,3.78356451508e-05,0.658897778749
NZD_USD,H1,196500,3.78167401561e-05,0.658869144109
NZD_USD,H1,197000,3.77978995368e-05,0.658840615574
NZD_USD,H1,197500,3.77791230116e-05,0.658812193026
NZD_USD,H1,198000,3.77604103013e-05,0.658783876343
NZD_USD,H1,198500,3.77417611289e-05,0.658755665401
NZD_USD,H1,199000,3.77231752194e-05,0.658727560072
NZD_USD,H1,199500,3.77046523e-05,0.658699560228
NZD_USD,H1,200000,3.76861921e-05,0.658671665738
NZD_USD,H1,200500,3.76677943506e-05,0.658643876468
NZD_USD,H1,201000,3.76494587851e-05,0.658616192283
NZD_USD,H1,201500,3.76311851387e-05,0.658588613043
NZD_USD,H1,202000,3.76129731487e-05,0.658561138609
NZD_USD,H1,202500,3.75948225543e-05,0.658533768838
NZD_USD,H1,203000,3.75767330964e-05,0.658506503586
NZD_USD,H1,203500,3.75587045179e-05,0.658479342704
NZD_USD,H1,204000,3.75407365637e-05,0.658452286045
NZD_USD,H1,204500,3.75228289804e-05,0.658425333457
NZD_USD,H1,205000,3.75049815162e-05,0.658398484786
NZD_USD,H1,205500,3.74871939215e-05,0.658371739878
NZD_USD,H1,206000,3.74694659481e-05,0.658345098575
NZD_USD,H1,206500,3.74517973496e-05,0.658318560718
NZD_USD,H1,207000,3.74341878816e-05,0.658292126145
NZD_USD,H1,207500,3.7416637301e-05,0.658265794693
NZD_USD,H1,208000,3.73991453665e-05,0.658239566198
NZD_USD,H1,208500,3.73817118386e-05,0.658213440491
NZD_USD,H1,209000,3.73643364791e-05,0.658187417405
NZD_USD,H1,209500,3.73470190519e-05,0.658161496768
NZD_USD,H1,210000,3.73297593219e-05,0.658135678407
NZD_USD,H1,210500,3.73125570561e-05,0.658109962149
NZD_USD,H1,211000,3.72954120226e-05,0.658084347817
NZD_USD,H1,211500,3.72783239913e-05,0.658058835233
NZD_USD,H1,212000,3.72612927335e-05,0.658033424218
NZD_USD,H1,212500,3.72443180221e-05,0.658008114591
NZD_USD,H1,213000,3.72273996314e-05,0.657982906167
NZD_USD,H1,213500,3.7210537337e-05,0.657957798763
NZD_USD,H1,214000,3.71937309162e-05,0.657932792193
NZD_USD,H1,214500,3.71769801476e-05,0.657907886268
NZD_USD,H1,215000,3.71602848112e-05,0.6578830808
NZD_USD,H1,215500,3.71436446883e-05,0.657858375596
NZD_USD,H1,216000,3.71270595617e-05,0.657833770465
NZD_USD,H1,216500,3.71105292156e-05,0.657809265213
NZD_USD,H1,217000,3.70940534353e-05,0.657784859644
NZD_USD,H1,217500,3.70776320076e-05,0.657760553561
NZD_USD,H1,218000,3.70612647206e-05,0.657736346765
NZD_USD,H1,218500,3.70449513637e-05,0.657712239057
NZD_USD,H1,219000,3.70286917274e-05,0.657688230236
NZD_USD,H1,219500,3.70124856038e-05,0.657664320098
NZD_USD,H1,220000,3.69963327859e-05,0.657640508441
NZD_USD,H1,220500,3.69802330681e-05,0.657616795058
NZD_USD,H1,221000,3.6964186246e-05,0.657593179743
NZD_USD,H1,221500,3.69481921164e-05,0.657569662289
NZD_USD,H1,222000,3.69322504773e-05,0.657546242485
NZD_USD,H1,222500,3.69163611279e-05,0.657522920122
NZD_USD,H1,223000,3.69005238685e-05,0.657499694988
NZD_USD,H1,223500,3.68847385006e-05,0.65747656687
NZD_USD,H1,224000,3.68690048269e-05,0.657453535554
NZD_USD,H1,224500,3.6853322651e-05,0.657430600825
NZD_USD,H1,225000,3.6837691778e-05,0.657407762467
NZD_USD,H1,225500,3.68221120138e-05,0.657385020262
NZD_USD,H1,226000,3.68065831654e-05,0.657362373991
NZD_USD,H1,226500,3.6791105041e-05,0.657339823435
NZD_USD,H1,227000,3.67756774498e-05,0.657317368374
NZD_USD,H1,227500,3.67603002022e-05,0.657295008585
NZD_USD,H1,228000,3.67449731095e-05,0.657272743846
NZD_USD,H1,228500,3.6729695984e-05,0.657250573932
NZD_USD,H1,229000,3.67144686391e-05,0.65722849862
NZD_USD,H1,229500,3.66992908893e-05,0.657206517684
NZD_USD,H1,230000,3.668416255e-05,0.657184630896
NZD_USD,H1,230500,3.66690834376e-05,0.65716283803
NZD_USD,H1,231000,3.66540533694e-05,0.657141138856
NZD_USD,H1,231500,3.6639072164e-05,0.657119533146
NZD_USD,H1,232000,3.66241396405e-05,0.657098020669
NZD_USD,H1,232500,3.66092556194e-05,0.657076601193
NZD_USD,H1,233000,3.65944199218e-05,0.657055274488
NZD_USD,H1,233500,3.657963237e-05,0.65703404032
NZD_USD,H1,234000,3.6564892787e-05,0.657012898455
NZD_USD,H1,234500,3.65502009969e-05,0.65699184866
NZD_USD,H1,235000,3.65355568247e-05,0.656970890698
NZD_USD,H1,235500,3.65209600961e-05,0.656950024335
NZD_USD,H1,236000,3.65064106379e-05,0.656929249333
NZD_USD,H1,236500,3.64919082778e-05,0.656908565455
NZD_USD,H1,237000,3.64774528442e-05,0.656887972463
NZD_USD,H1,237500,3.64630441666e-05,0.656867470119
NZD_USD,H1,238000,3.6448682075e-05,0.656847058183
NZD_USD,H1,238500,3.64343664007e-05,0.656826736414
NZD_USD,H1,239000,3.64200969756e-05,0.656806504573
NZD_USD,H1,239500,3.64058736324e-05,0.656786362418
NZD_USD,H1,240000,3.63916962046e-05,0.656766309706
NZD_USD,H1,240500,3.63775645268e-05,0.656746346196
NZD_USD,H1,241000,3.63634784342e-05,0.656726471645
NZD_USD,H1,241500,3.63494377628e-05,0.656706685808
NZD_USD,H1,242000,3.63354423493e-05,0.656686988441
NZD_USD,H1,242500,3.63214920316e-05,0.656667379301
NZD_USD,H1,243000,3.63075866479e-05,0.656647858141
NZD_USD,H1,243500,3.62937260375e-05,0.656628424716
NZD_USD,H1,244000,3.62799100404e-05,0.65660907878
NZD_USD,H1,244500,3.62661384973e-05,0.656589820086
NZD_USD,H1,245000,3.62524112496e-05,0.656570648387
NZD_USD,H1,245500,3.62387281396e-05,0.656551563436
NZD_USD,H1,246000,3.62250890104e-05,0.656532564984
NZD_USD,H1,246500,3.62114937057e-05,0.656513652783
NZD_USD,H1,247000,3.61979420698e-05,0.656494826585
NZD_USD,H1,247500,3.61844339481e-05,0.65647608614
NZD_USD,H1,248000,3.61709691865e-05,0.656457431198
NZD_USD,H1,248500,3.61575476315e-05,0.65643886151
NZD_USD,H1,249000,3.61441691306e-05,0.656420376826
NZD_USD,H1,249500,3.61308335317e-05,0.656401976895
NZD_USD,H1,250000,3.61175406836e-05,0.656383661466
NZD_USD,H1,250500,3.61042904359e-05,0.656365430288
NZD_USD,H1,251000,3.60910826385e-05,0.65634728311
NZD_USD,H1,251500,3.60779171423e-05,0.656329219679
NZD_USD,H1,252000,3.60647937989e-05,0.656311239744
NZD_USD,H1,252500,3.60517124603e-05,0.656293343054
NZD_USD,H1,253000,3.60386729794e-05,0.656275529354
NZD_USD,H1,253500,3.60256752097e-05,0.656257798392
NZD_USD,H1,254000,3.60127190053e-05,0.656240149917
NZD_USD,H1,254500,3.5999804221e-05,0.656222583673
NZD_USD,H1,255000,3.59869307122e-05,0.656205099409
NZD_USD,H1,255500,3.59740983351e-05,0.656187696871
NZD_USD,H1,256000,3.59613069464e-05,0.656170375805
NZD_USD,H1,256500,3.59485564033e-05,0.656153135957
NZD_USD,H1,257000,3.5935846564e-05,0.656135977073
NZD_USD,H1,257500,3.59231772869e-05,0.656118898899
NZD_USD,H1,258000,3.59105484313e-05,0.656101901182
NZD_USD,H1,258500,3.5897959857e-05,0.656084983666
NZD_USD,H1,259000,3.58854114245e-05,0.656068146098
NZD_USD,H1,259500,3.58729029948e-05,0.656051388223
NZD_USD,H1,260000,3.58604344296e-05,0.656034709786
NZD_USD,H1,260500,3.5848005591e-05,0.656018110533
NZD_USD,H1,261000,3.58356163419e-05,0.656001590209
NZD_USD,H1,261500,3.58232665458e-05,0.655985148559
NZD_USD,H1,262000,3.58109560666e-05,0.655968785329
NZD_USD,H1,262500,3.57986847688e-05,0.655952500264
NZD_USD,H1,263000,3.57864525177e-05,0.655936293109
NZD_USD,H1,263500,3.5774259179e-05,0.655920163609
NZD_USD,H1,264000,3.5762104619e-05,0.65590411151
NZD_USD,H1,264500,3.57499887044e-05,0.655888136557
NZD_USD,H1,265000,3.57379113028e-05,0.655872238494
NZD_USD,H1,265500,3.5725872282e-05,0.655856417068
NZD_USD,H1,266000,3.57138715107e-05,0.655840672024
NZD_USD,H1,266500,3.57019088578e-05,0.655825003107
NZD_USD,H1,267000,3.5689984193e-05,0.655809410063
NZD_USD,H1,267500,3.56780973864e-05,0.655793892636
NZD_USD,H1,268000,3.56662483088e-05,0.655778450574
NZD_USD,H1,268500,3.56544368313e-05,0.655763083621
NZD_USD,H1,269000,3.56426628256e-05,0.655747791523
NZD_USD,H1,269500,3.56309261641e-05,0.655732574027
NZD_USD,H1,270000,3.56192267196e-05,0.655717430878
NZD_USD,H1,270500,3.56075643654e-05,0.655702361822
NZD_USD,H1,271000,3.55959389753e-05,0.655687366606
NZD_USD,H1,271500,3.55843504236e-05,0.655672444977
NZD_USD,H1,272000,3.55727985853e-05,0.65565759668
NZD_USD,H1,272500,3.55612833356e-05,0.655642821463
NZD_USD,H1,273000,3.55498045506e-05,0.655628119073
NZD_USD,H1,273500,3.55383621064e-05,0.655613489257
NZD_USD,H1,274000,3.552695588e-05,0.655598931761
NZD_USD,H1,274500,3.55155857488e-05,0.655584446334
NZD_USD,H1,275000,3.55042515906e-05,0.655570032723
NZD_USD,H1,275500,3.54929532838e-05,0.655555690677
NZD_USD,H1,276000,3.54816907071e-05,0.655541419942
NZD_USD,H1,276500,3.54704637399e-05,0.655527220269
NZD_USD,H1,277000,3.54592722619e-05,0.655513091404
NZD_USD,H1,277500,3.54481161535e-05,0.655499033097
NZD_USD,H1,278000,3.54369952953e-05,0.655485045098
NZD_USD,H1,278500,3.54259095686e-05,0.655471127154
NZD_USD,H1,279000,3.54148588551e-05,0.655457279017
NZD_USD,H1,279500,3.54038430368e-05,0.655443500435
NZD_USD,H1,280000,3.53928619964e-05,0.655429791159
NZD_USD,H1,280500,3.53819156169e-05,0.65541615094
NZD_USD,H1,281000,3.5371003782e-05,0.655402579527
NZD_USD,H1,281500,3.53601263754e-05,0.655389076672
NZD_USD,H1,282000,3.53492832817e-05,0.655375642126
NZD_USD,H1,282500,3.53384743858e-05,0.655362275641
NZD_USD,H1,283000,3.53276995729e-05,0.655348976968
NZD_USD,H1,283500,3.53169587289e-05,0.65533574586
NZD_USD,H1,284000,3.53062517398e-05,0.655322582069
NZD_USD,H1,284500,3.52955784925e-05,0.655309485349
NZD_USD,H1,285000,3.52849388739e-05,0.655296455451
NZD_USD,H1,285500,3.52743327716e-05,0.655283492131
NZD_USD,H1,286000,3.52637600735e-05,0.65527059514
NZD_USD,H1,286500,3.52532206681e-05,0.655257764235
NZD_USD,H1,287000,3.5242714444e-05,0.655244999169
NZD_USD,H1,287500,3.52322412906e-05,0.655232299698
NZD_USD,H1,288000,3.52218010974e-05,0.655219665576
NZD_USD,H1,288500,3.52113937547e-05,0.65520709656
NZD_USD,H1,289000,3.52010191528e-05,0.655194592405
NZD_USD,H1,289500,3.51906771826e-05,0.655182152868
NZD_USD,H1,290000,3.51803677356e-05,0.655169777706
NZD_USD,H1,290500,3.51700907033e-05,0.655157466676
NZD_USD,H1,291000,3.51598459781e-05,0.655145219536
NZD_USD,H1,291500,3.51496334523e-05,0.655133036043
NZD_USD,H1,292000,3.5139453019e-05,0.655120915956
NZD_USD,H1,292500,3.51293045714e-05,0.655108859035
NZD_USD,H1,293000,3.51191880035e-05,0.655096865037
NZD_USD,H1,293500,3.51091032092e-05,0.655084933724
NZD_USD,H1,294000,3.50990500833e-05,0.655073064855
NZD_USD,H1,294500,3.50890285205e-05,0.655061258191
NZD_USD,H1,295000,3.50790384163e-05,0.655049513493
NZD_USD,H1,295500,3.50690796664e-05,0.655037830522
NZD_USD,H1,296000,3.50591521668e-05,0.65502620904
NZD_USD,H1,296500,3.50492558142e-05,0.65501464881
NZD_USD,H1,297000,3.50393905053e-05,0.655003149594
NZD_USD,H1,297500,3.50295561374e-05,0.654991711156
NZD_USD,H1,298000,3.50197526083e-05,0.654980333259
NZD_USD,H1,298500,3.50099798158e-05,0.654969015668
NZD_USD,H1,299000,3.50002376585e-05,0.654957758147
NZD_USD,H1,299500,3.49905260351e-05,0.654946560462
NZD_USD,H1,300000,3.49808448447e-05,0.654935422378
NZD_USD,H1,300500,3.4971193987e-05,0.654924343661
NZD_USD,H1,301000,3.49615733616e-05,0.654913324079
NZD_USD,H1,301500,3.4951982869e-05,0.654902363397
NZD_USD,H1,302000,3.49424224098e-05,0.654891461384
NZD_USD,H1,302500,3.49328918849e-05,0.654880617807
NZD_USD,H1,303000,3.49233911957e-05,0.654869832436
NZD_USD,H1,303500,3.49139202438e-05,0.654859105039
NZD_USD,H1,304000,3.49044789315e-05,0.654848435387
NZD_USD,H1,304500,3.4895067161e-05,0.654837823248
NZD_USD,H1,305000,3.48856848353e-05,0.654827268394
NZD_USD,H1,305500,3.48763318573e-05,0.654816770597
NZD_USD,H1,306000,3.48670081307e-05,0.654806329626
NZD_USD,H1,306500,3.48577135592e-05,0.654795945256
NZD_USD,H1,307000,3.4848448047e-05,0.654785617258
NZD_USD,H1,307500,3.48392114987e-05,0.654775345406
NZD_USD,H1,308000,3.48300038191e-05,0.654765129474
NZD_USD,H1,308500,3.48208249135e-05,0.654754969235
NZD_USD,H1,309000,3.48116746874e-05,0.654744864465
NZD_USD,H1,309500,3.48025530467e-05,0.654734814939
NZD_USD,H1,310000,3.47934598978e-05,0.654724820434
NZD_USD,H1,310500,3.4784395147e-05,0.654714880725
NZD_USD,H1,311000,3.47753587015e-05,0.65470499559
NZD_USD,H1,311500,3.47663504684e-05,0.654695164805
NZD_USD,H1,312000,3.47573703553e-05,0.654685388151
NZD_USD,H1,312500,3.47484182701e-05,0.654675665404
NZD_USD,H1,313000,3.47394941211e-05,0.654665996344
NZD_USD,H1,313500,3.47305978168e-05,0.654656380752
NZD_USD,H1,314000,3.47217292662e-05,0.654646818407
NZD_USD,H1,314500,3.47128883784e-05,0.65463730909
NZD_USD,H1,315000,3.47040750631e-05,0.654627852584
NZD_USD,H1,315500,3.46952892301e-05,0.654618448669
NZD_USD,H1,316000,3.46865307895e-05,0.654609097129
NZD_USD,H1,316500,3.46777996519e-05,0.654599797747
NZD_USD,H1,317000,3.46690957282e-05,0.654590550306
NZD_USD,H1,317500,3.46604189294e-05,0.654581354591
NZD_USD,H1,318000,3.4651769167e-05,0.654572210387
NZD_USD,H1,318500,3.46431463529e-05,0.65456311748
NZD_USD,H1,319000,3.4634550399e-05,0.654554075655
NZD_USD,H1,319500,3.46259812179e-05,0.6545450847
NZD_USD,H1,320000,3.46174387221e-05,0.654536144401
NZD_USD,H1,320500,3.46089228248e-05,0.654527254546
NZD_USD,H1,321000,3.46004334392e-05,0.654518414924
NZD_USD,H1,321500,3.4591970479e-05,0.654509625324
NZD_USD,H1,322000,3.45835338581e-05,0.654500885535
NZD_USD,H1,322500,3.45751234907e-05,0.654492195348
NZD_USD,H1,323000,3.45667392914e-05,0.654483554554
NZD_USD,H1,323500,3.45583811751e-05,0.654474962943
NZD_USD,H1,324000,3.45500490568e-05,0.654466420308
NZD_USD,H1,324500,3.4541742852e-05,0.654457926442
NZD_USD,H1,325000,3.45334624765e-05,0.654449481137
NZD_USD,H1,325500,3.45252078462e-05,0.654441084188
NZD_USD,H1,326000,3.45169788775e-05,0.654432735389
NZD_USD,H1,326500,3.4508775487e-05,0.654424434534
NZD_USD,H1,327000,3.45005975917e-05,0.65441618142
NZD_USD,H1,327500,3.44924451086e-05,0.654407975843
NZD_USD,H1,328000,3.44843179553e-05,0.654399817599
NZD_USD,H1,328500,3.44762160496e-05,0.654391706486
NZD_USD,H1,329000,3.44681393096e-05,0.654383642302
NZD_USD,H1,329500,3.44600876535e-05,0.654375624845
NZD_USD,H1,330000,3.44520610001e-05,0.654367653916
NZD_USD,H1,330500,3.44440592681e-05,0.654359729312
NZD_USD,H1,331000,3.4436082377e-05,0.654351850836
NZD_USD,H1,331500,3.4428130246e-05,0.654344018289
NZD_USD,H1,332000,3.4420202795e-05,0.65433623147
NZD_USD,H1,332500,3.4412299944e-05,0.654328490185
NZD_USD,H1,333000,3.44044216133e-05,0.654320794234
NZD_USD,H1,333500,3.43965677235e-05,0.654313143421
NZD_USD,H1,334000,3.43887381955e-05,0.654305537552
NZD_USD,H1,334500,3.43809329504e-05,0.65429797643
NZD_USD,H1,335000,3.43731519096e-05,0.65429045986
NZD_USD,H1,335500,3.43653949949e-05,0.65428298765
NZD_USD,H1,336000,3.43576621281e-05,0.654275559605
NZD_USD,H1,336500,3.43499532315e-05,0.654268175532
NZD_USD,H1,337000,3.43422682276e-05,0.65426083524
NZD_USD,H1,337500,3.43346070391e-05,0.654253538537
NZD_USD,H1,338000,3.43269695891e-05,0.654246285231
NZD_USD,H1,338500,3.43193558009e-05,0.654239075134
NZD_USD,H1,339000,3.4311765598e-05,0.654231908054
NZD_USD,H1,339500,3.43041989042e-05,0.654224783803
NZD_USD,H1,340000,3.42966556437e-05,0.654217702193
NZD_USD,H1,340500,3.42891357407e-05,0.654210663035
NZD_USD,H1,341000,3.42816391199e-05,0.654203666142
NZD_USD,H1,341500,3.42741657061e-05,0.654196711328
NZD_USD,H1,342000,3.42667154245e-05,0.654189798407
NZD_USD,H1,342500,3.42592882004e-05,0.654182927193
NZD_USD,H1,343000,3.42518839595e-05,0.654176097502
NZD_USD,H1,343500,3.42445026276e-05,0.654169309149
NZD_USD,H1,344000,3.42371441309e-05,0.654162561951
NZD_USD,H1,344500,3.42298083958e-05,0.654155855725
NZD_USD,H1,345000,3.42224953489e-05,0.654149190289
NZD_USD,H1,345500,3.42152049172e-05,0.654142565461
NZD_USD,H1,346000,3.42079370277e-05,0.65413598106
NZD_USD,H1,346500,3.42006916079e-05,0.654129436906
NZD_USD,H1,347000,3.41934685854e-05,0.654122932819
NZD_USD,H1,347500,3.41862678881e-05,0.654116468619
NZD_USD,H1,348000,3.41790894441e-05,0.654110044128
NZD_USD,H1,348500,3.41719331819e-05,0.654103659169
NZD_USD,H1,349000,3.416479903e-05,0.654097313563
NZD_USD,H1,349500,3.41576869173e-05,0.654091007135
NZD_USD,H1,350000,3.4150596773e-05,0.654084739707
NZD_USD,H1,350500,3.41435285263e-05,0.654078511105
NZD_USD,H1,351000,3.4136482107e-05,0.654072321154
NZD_USD,H1,351500,3.41294574447e-05,0.654066169679
NZD_USD,H1,352000,3.41224544696e-05,0.654060056506
NZD_USD,H1,352500,3.4115473112e-05,0.654053981464
NZD_USD,H1,353000,3.41085133024e-05,0.654047944379
NZD_USD,H1,353500,3.41015749716e-05,0.654041945079
NZD_USD,H1,354000,3.40946580507e-05,0.654035983394
NZD_USD,H1,354500,3.40877624708e-05,0.654030059152
NZD_USD,H1,355000,3.40808881635e-05,0.654024172185
NZD_USD,H1,355500,3.40740350605e-05,0.654018322322
NZD_USD,H1,356000,3.40672030937e-05,0.654012509394
NZD_USD,H1,356500,3.40603921953e-05,0.654006733234
NZD_USD,H1,357000,3.40536022977e-05,0.654000993675
NZD_USD,H1,357500,3.40468333336e-05,0.653995290548
NZD_USD,H1,358000,3.40400852357e-05,0.653989623689
NZD_USD,H1,358500,3.40333579372e-05,0.65398399293
NZD_USD,H1,359000,3.40266513715e-05,0.653978398108
NZD_USD,H1,359500,3.4019965472e-05,0.653972839058
NZD_USD,H1,360000,3.40133001725e-05,0.653967315615
NZD_USD,H1,360500,3.4006655407e-05,0.653961827617
NZD_USD,H1,361000,3.40000311098e-05,0.653956374901
NZD_USD,H1,361500,3.39934272152e-05,0.653950957304
NZD_USD,H1,362000,3.39868436578e-05,0.653945574666
NZD_USD,H1,362500,3.39802803727e-05,0.653940226825
NZD_USD,H1,363000,3.39737372948e-05,0.653934913622
NZD_USD,H1,363500,3.39672143596e-05,0.653929634896
NZD_USD,H1,364000,3.39607115024e-05,0.653924390489
NZD_USD,H1,364500,3.39542286591e-05,0.653919180242
NZD_USD,H1,365000,3.39477657656e-05,0.653914003997
NZD_USD,H1,365500,3.39413227581e-05,0.653908861598
NZD_USD,H1,366000,3.39348995731e-05,0.653903752886
NZD_USD,H1,366500,3.3928496147e-05,0.653898677707
NZD_USD,H1,367000,3.39221124167e-05,0.653893635905
NZD_USD,H1,367500,3.39157483193e-05,0.653888627324
NZD_USD,H1,368000,3.3909403792e-05,0.653883651811
NZD_USD,H1,368500,3.39030787723e-05,0.653878709212
NZD_USD,H1,369000,3.38967731978e-05,0.653873799374
NZD_USD,H1,369500,3.38904870063e-05,0.653868922144
NZD_USD,H1,370000,3.38842201361e-05,0.653864077371
NZD_USD,H1,370500,3.38779725252e-05,0.653859264903
NZD_USD,H1,371000,3.38717441124e-05,0.653854484588
NZD_USD,H1,371500,3.38655348361e-05,0.653849736278
NZD_USD,H1,372000,3.38593446355e-05,0.653845019823
NZD_USD,H1,372500,3.38531734495e-05,0.653840335073
NZD_USD,H1,373000,3.38470212175e-05,0.65383568188
NZD_USD,H1,373500,3.3840887879e-05,0.653831060096
NZD_USD,H1,374000,3.38347733737e-05,0.653826469575
NZD_USD,H1,374500,3.38286776415e-05,0.653821910168
NZD_USD,H1,375000,3.38226006227e-05,0.653817381731
NZD_USD,H1,375500,3.38165422573e-05,0.653812884117
NZD_USD,H1,376000,3.38105024861e-05,0.653808417182
NZD_USD,H1,376500,3.38044812497e-05,0.653803980782
NZD_USD,H1,377000,3.37984784891e-05,0.653799574772
NZD_USD,H1,377500,3.37924941453e-05,0.653795199009
NZD_USD,H1,378000,3.37865281597e-05,0.653790853351
NZD_USD,H1,378500,3.37805804737e-05,0.653786537655
NZD_USD,H1,379000,3.37746510291e-05,0.65378225178
NZD_USD,H1,379500,3.37687397678e-05,0.653777995585
NZD_USD,H1,380000,3.37628466318e-05,0.65377376893
NZD_USD,H1,380500,3.37569715634e-05,0.653769571675
NZD_USD,H1,381000,3.37511145052e-05,0.65376540368
NZD_USD,H1,381500,3.37452753997e-05,0.653761264806
NZD_USD,H1,382000,3.37394541898e-05,0.653757154917
NZD_USD,H1,382500,3.37336508187e-05,0.653753073873
NZD_USD,H1,383000,3.37278652294e-05,0.653749021539
NZD_USD,H1,383500,3.37220973655e-05,0.653744997777
NZD_USD,H1,384000,3.37163471705e-05,0.653741002451
NZD_USD,H1,384500,3.37106145882e-05,0.653737035427
NZD_USD,H1,385000,3.37048995627e-05,0.653733096569
NZD_USD,H1,385500,3.36992020381e-05,0.653729185744
NZD_USD,H1,386000,3.36935219588e-05,0.653725302816
NZD_USD,H1,386500,3.36878592692e-05,0.653721447654
NZD_USD,H1,387000,3.36822139142e-05,0.653717620125
NZD_USD,H1,387500,3.36765858386e-05,0.653713820096
NZD_USD,H1,388000,3.36709749875e-05,0.653710047436
NZD_USD,H1,388500,3.36653813062e-05,0.653706302015
NZD_USD,H1,389000,3.36598047402e-05,0.653702583701
NZD_USD,H1,389500,3.36542452351e-05,0.653698892364
NZD_USD,H1,390000,3.36487027366e-05,0.653695227876
NZD_USD,H1,390500,3.36431771909e-05,0.653691590108
NZD_USD,H1,391000,3.36376685441e-05,0.65368797893
NZD_USD,H1,391500,3.36321767425e-05,0.653684394216
NZD_USD,H1,392000,3.36267017326e-05,0.653680835839
NZD_USD,H1,392500,3.36212434612e-05,0.653677303671
NZD_USD,H1,393000,3.36158018752e-05,0.653673797586
NZD_USD,H1,393500,3.36103769216e-05,0.653670317459
NZD_USD,H1,394000,3.36049685476e-05,0.653666863165
NZD_USD,H1,394500,3.35995767006e-05,0.653663434579
NZD_USD,H1,395000,3.35942013283e-05,0.653660031576
NZD_USD,H1,395500,3.35888423784e-05,0.653656654035
NZD_USD,H1,396000,3.35834997988e-05,0.65365330183
NZD_USD,H1,396500,3.35781735376e-05,0.653649974841
NZD_USD,H1,397000,3.35728635431e-05,0.653646672945
NZD_USD,H1,397500,3.35675697637e-05,0.65364339602
NZD_USD,H1,398000,3.35622921481e-05,0.653640143946
NZD_USD,H1,398500,3.35570306449e-05,0.653636916603
NZD_USD,H1,399000,3.35517852033e-05,0.653633713869
NZD_USD,H1,399500,3.35465557722e-05,0.653630535627
NZD_USD,H1,400000,3.3541342301e-05,0.653627381756
NZD_USD,H1,400500,3.35361447391e-05,0.65362425214
NZD_USD,H1,401000,3.35309630362e-05,0.653621146659
NZD_USD,H1,401500,3.3525797142e-05,0.653618065196
NZD_USD,H1,402000,3.35206470065e-05,0.653615007635
NZD_USD,H1,402500,3.35155125798e-05,0.65361197386
NZD_USD,H1,403000,3.35103938122e-05,0.653608963754
NZD_USD,H1,403500,3.35052906541e-05,0.653605977201
NZD_USD,H1,404000,3.35002030562e-05,0.653603014088
NZD_USD,H1,404500,3.34951309691e-05,0.6536000743
NZD_USD,H1,405000,3.34900743439e-05,0.653597157723
NZD_USD,H1,405500,3.34850331316e-05,0.653594264243
NZD_USD,H1,406000,3.34800072835e-05,0.653591393748
NZD_USD,H1,406500,3.3474996751e-05,0.653588546126
NZD_USD,H1,407000,3.34700014857e-05,0.653585721264
NZD_USD,H1,407500,3.34650214392e-05,0.653582919051
NZD_USD,H1,408000,3.34600565636e-05,0.653580139376
NZD_USD,H1,408500,3.34551068108e-05,0.653577382128
NZD_USD,H1,409000,3.34501721331e-05,0.653574647199
NZD_USD,H1,409500,3.34452524827e-05,0.653571934477
NZD_USD,H1,410000,3.34403478123e-05,0.653569243855
NZD_USD,H1,410500,3.34354580745e-05,0.653566575224
NZD_USD,H1,411000,3.34305832222e-05,0.653563928476
NZD_USD,H1,411500,3.34257232083e-05,0.653561303502
NZD_USD,H1,412000,3.34208779859e-05,0.653558700197
NZD_USD,H1,412500,3.34160475084e-05,0.653556118453
NZD_USD,H1,413000,3.34112317293e-05,0.653553558165
NZD_USD,H1,413500,3.3406430602e-05,0.653551019226
NZD_USD,H1,414000,3.34016440804e-05,0.653548501531
NZD_USD,H1,414500,3.33968721184e-05,0.653546004977
NZD_USD,H1,415000,3.33921146699e-05,0.653543529457
NZD_USD,H1,415500,3.33873716894e-05,0.65354107487
NZD_USD,H1,416000,3.33826431309e-05,0.653538641111
NZD_USD,H1,416500,3.33779289492e-05,0.653536228077
NZD_USD,H1,417000,3.33732290988e-05,0.653533835666
NZD_USD,H1,417500,3.33685435346e-05,0.653531463776
NZD_USD,H1,418000,3.33638722114e-05,0.653529112306
NZD_USD,H1,418500,3.33592150844e-05,0.653526781154
NZD_USD,H1,419000,3.33545721089e-05,0.65352447022
NZD_USD,H1,419500,3.33499432402e-05,0.653522179403
NZD_USD,H1,420000,3.33453284338e-05,0.653519908605
NZD_USD,H1,420500,3.33407276455e-05,0.653517657725
NZD_USD,H1,421000,3.3336140831e-05,0.653515426665
NZD_USD,H1,421500,3.33315679464e-05,0.653513215327
NZD_USD,H1,422000,3.33270089477e-05,0.653511023612
NZD_USD,H1,422500,3.33224637912e-05,0.653508851424
NZD_USD,H1,423000,3.33179324334e-05,0.653506698664
NZD_USD,H1,423500,3.33134148307e-05,0.653504565237
NZD_USD,H1,424000,3.33089109398e-05,0.653502451047
NZD_USD,H1,424500,3.33044207176e-05,0.653500355997
NZD_USD,H1,425000,3.32999441211e-05,0.653498279992
NZD_USD,H1,425500,3.32954811072e-05,0.653496222938
NZD_USD,H1,426000,3.32910316334e-05,0.65349418474
NZD_USD,H1,426500,3.32865956569e-05,0.653492165304
NZD_USD,H1,427000,3.32821731354e-05,0.653490164536
NZD_USD,H1,427500,3.32777640264e-05,0.653488182344
NZD_USD,H1,428000,3.32733682878e-05,0.653486218634
NZD_USD,H1,428500,3.32689858775e-05,0.653484273314
NZD_USD,H1,429000,3.32646167536e-05,0.653482346293
NZD_USD,H1,429500,3.32602608743e-05,0.653480437479
NZD_USD,H1,430000,3.32559181979e-05,0.653478546781
NZD_USD,H1,430500,3.3251588683e-05,0.653476674108
NZD_USD,H1,431000,3.32472722882e-05,0.653474819371
NZD_USD,H1,431500,3.32429689722e-05,0.653472982478
NZD_USD,H1,432000,3.32386786939e-05,0.653471163342
NZD_USD,H1,432500,3.32344014123e-05,0.653469361872
NZD_USD,H1,433000,3.32301370866e-05,0.653467577981
NZD_USD,H1,433500,3.32258856762e-05,0.653465811581
NZD_USD,H1,434000,3.32216471403e-05,0.653464062583
NZD_USD,H1,434500,3.32174214386e-05,0.6534623309
NZD_USD,H1,435000,3.32132085307e-05,0.653460616445
NZD_USD,H1,435500,3.32090083765e-05,0.653458919132
NZD_USD,H1,436000,3.32048209359e-05,0.653457238875
NZD_USD,H1,436500,3.32006461691e-05,0.653455575588
NZD_USD,H1,437000,3.31964840361e-05,0.653453929186
NZD_USD,H1,437500,3.31923344974e-05,0.653452299583
NZD_USD,H1,438000,3.31881975134e-05,0.653450686695
NZD_USD,H1,438500,3.31840730447e-05,0.653449090439
NZD_USD,H1,439000,3.3179961052e-05,0.653447510729
NZD_USD,H1,439500,3.31758614962e-05,0.653445947484
NZD_USD,H1,440000,3.31717743383e-05,0.653444400619
NZD_USD,H1,440500,3.31676995394e-05,0.653442870053
NZD_USD,H1,441000,3.31636370606e-05,0.653441355703
NZD_USD,H1,441500,3.31595868634e-05,0.653439857488
NZD_USD,H1,442000,3.31555489093e-05,0.653438375325
NZD_USD,H1,442500,3.31515231598e-05,0.653436909134
NZD_USD,H1,443000,3.31475095766e-05,0.653435458835
NZD_USD,H1,443500,3.31435081217e-05,0.653434024346
NZD_USD,H1,444000,3.31395187571e-05,0.653432605588
NZD_USD,H1,444500,3.31355414447e-05,0.653431202482
NZD_USD,H1,445000,3.31315761469e-05,0.653429814948
NZD_USD,H1,445500,3.3127622826e-05,0.653428442908
NZD_USD,H1,446000,3.31236814445e-05,0.653427086283
NZD_USD,H1,446500,3.31197519649e-05,0.653425744995
NZD_USD,H1,447000,3.31158343501e-05,0.653424418966
NZD_USD,H1,447500,3.31119285627e-05,0.65342310812
NZD_USD,H1,448000,3.31080345658e-05,0.653421812378
NZD_USD,H1,448500,3.31041523224e-05,0.653420531666
NZD_USD,H1,449000,3.31002817958e-05,0.653419265905
NZD_USD,H1,449500,3.30964229492e-05,0.653418015021
NZD_USD,H1,450000,3.30925757461e-05,0.653416778938
NZD_USD,H1,450500,3.30887401501e-05,0.653415557581
NZD_USD,H1,451000,3.30849161248e-05,0.653414350875
NZD_USD,H1,451500,3.30811036339e-05,0.653413158746
NZD_USD,H1,452000,3.30773026415e-05,0.653411981119
NZD_USD,H1,452500,3.30735131115e-05,0.653410817921
NZD_USD,H1,453000,3.30697350081e-05,0.653409669079
NZD_USD,H1,453500,3.30659682954e-05,0.653408534519
NZD_USD,H1,454000,3.3062212938e-05,0.653407414169
NZD_USD,H1,454500,3.30584689002e-05,0.653406307956
NZD_USD,H1,455000,3.30547361467e-05,0.653405215809
NZD_USD,H1,455500,3.30510146422e-05,0.653404137656
NZD_USD,H1,456000,3.30473043515e-05,0.653403073425
NZD_USD,H1,456500,3.30436052395e-05,0.653402023046
NZD_USD,H1,457000,3.30399172713e-05,0.653400986448
NZD_USD,H1,457500,3.30362404122e-05,0.653399963561
NZD_USD,H1,458000,3.30325746273e-05,0.653398954315
NZD_USD,H1,458500,3.3028919882e-05,0.65339795864
NZD_USD,H1,459000,3.30252761419e-05,0.653396976467
NZD_USD,H1,459500,3.30216433726e-05,0.653396007727
NZD_USD,H1,460000,3.30180215398e-05,0.653395052352
NZD_USD,H1,460500,3.30144106093e-05,0.653394110272
NZD_USD,H1,461000,3.30108105471e-05,0.653393181421
NZD_USD,H1,461500,3.30072213192e-05,0.653392265731
NZD_USD,H1,462000,3.30036428919e-05,0.653391363134
NZD_USD,H1,462500,3.30000752313e-05,0.653390473564
NZD_USD,H1,463000,3.2996518304e-05,0.653389596953
NZD_USD,H1,463500,3.29929720763e-05,0.653388733236
NZD_USD,H1,464000,3.29894365148e-05,0.653387882346
NZD_USD,H1,464500,3.29859115864e-05,0.653387044218
NZD_USD,H1,465000,3.29823972578e-05,0.653386218787
NZD_USD,H1,465500,3.29788934959e-05,0.653385405987
NZD_USD,H1,466000,3.29754002677e-05,0.653384605753
NZD_USD,H1,466500,3.29719175405e-05,0.653383818022
NZD_USD,H1,467000,3.29684452814e-05,0.65338304273
NZD_USD,H1,467500,3.29649834578e-05,0.653382279811
NZD_USD,H1,468000,3.29615320371e-05,0.653381529204
NZD_USD,H1,468500,3.29580909869e-05,0.653380790844
NZD_USD,H1,469000,3.29546602749e-05,0.65338006467
NZD_USD,H1,469500,3.29512398689e-05,0.653379350618
NZD_USD,H1,470000,3.29478297366e-05,0.653378648626
NZD_USD,H1,470500,3.29444298461e-05,0.653377958632
NZD_USD,H1,471000,3.29410401655e-05,0.653377280575
NZD_USD,H1,471500,3.2937660663e-05,0.653376614393
NZD_USD,H1,472000,3.29342913067e-05,0.653375960025
NZD_USD,H1,472500,3.29309320652e-05,0.653375317411
NZD_USD,H1,473000,3.29275829069e-05,0.65337468649
NZD_USD,H1,473500,3.29242438004e-05,0.653374067202
NZD_USD,H1,474000,3.29209147144e-05,0.653373459487
NZD_USD,H1,474500,3.29175956176e-05,0.653372863285
NZD_USD,H1,475000,3.2914286479e-05,0.653372278538
NZD_USD,H1,475500,3.29109872676e-05,0.653371705186
NZD_USD,H1,476000,3.29076979524e-05,0.653371143171
NZD_USD,H1,476500,3.29044185026e-05,0.653370592434
NZD_USD,H1,477000,3.29011488876e-05,0.653370052916
NZD_USD,H1,477500,3.28978890767e-05,0.653369524562
NZD_USD,H1,478000,3.28946390394e-05,0.653369007312
NZD_USD,H1,478500,3.28913987453e-05,0.653368501109
NZD_USD,H1,479000,3.28881681641e-05,0.653368005897
NZD_USD,H1,479500,3.28849472655e-05,0.653367521619
NZD_USD,H1,480000,3.28817360194e-05,0.653367048219
NZD_USD,H1,480500,3.28785343959e-05,0.653366585639
NZD_USD,H1,481000,3.28753423649e-05,0.653366133826
NZD_USD,H1,481500,3.28721598967e-05,0.653365692722
NZD_USD,H1,482000,3.28689869615e-05,0.653365262273
NZD_USD,H1,482500,3.28658235297e-05,0.653364842423
NZD_USD,H1,483000,3.28626695717e-05,0.653364433118
NZD_USD,H1,483500,3.2859525058e-05,0.653364034303
NZD_USD,H1,484000,3.28563899594e-05,0.653363645925
NZD_USD,H1,484500,3.28532642465e-05,0.653363267929
NZD_USD,H1,485000,3.28501478902e-05,0.653362900261
NZD_USD,H1,485500,3.28470408614e-05,0.653362542869
NZD_USD,H1,486000,3.28439431311e-05,0.653362195698
NZD_USD,H1,486500,3.28408546704e-05,0.653361858697
NZD_USD,H1,487000,3.28377754506e-05,0.653361531812
NZD_USD,H1,487500,3.28347054429e-05,0.653361214991
NZD_USD,H1,488000,3.28316446188e-05,0.653360908182
NZD_USD,H1,488500,3.28285929496e-05,0.653360611334
NZD_USD,H1,489000,3.28255504071e-05,0.653360324394
NZD_USD,H1,489500,3.28225169627e-05,0.653360047311
NZD_USD,H1,490000,3.28194925884e-05,0.653359780035
NZD_USD,H1,490500,3.28164772559e-05,0.653359522514
NZD_USD,H1,491000,3.28134709371e-05,0.653359274698
NZD_USD,H1,491500,3.28104736042e-05,0.653359036536
NZD_USD,H1,492000,3.28074852292e-05,0.65335880798
NZD_USD,H1,492500,3.28045057843e-05,0.653358588977
NZD_USD,H1,493000,3.28015352417e-05,0.65335837948
NZD_USD,H1,493500,3.2798573574e-05,0.65335817944
NZD_USD,H1,494000,3.27956207535e-05,0.653357988805
NZD_USD,H1,494500,3.27926767529e-05,0.653357807529
NZD_USD,H1,495000,3.27897415447e-05,0.653357635563
NZD_USD,H1,495500,3.27868151017e-05,0.653357472857
NZD_USD,H1,496000,3.27838973967e-05,0.653357319365
NZD_USD,H1,496500,3.27809884026e-05,0.653357175038
NZD_USD,H1,497000,3.27780880925e-05,0.653357039829
NZD_USD,H1,497500,3.27751964393e-05,0.65335691369
NZD_USD,H1,498000,3.27723134164e-05,0.653356796574
NZD_USD,H1,498500,3.27694389968e-05,0.653356688434
NZD_USD,H1,499000,3.2766573154e-05,0.653356589224
NZD_USD,H1,499500,3.27637158614e-05,0.653356498898
NZD_USD,H1,500000,3.27608670924e-05,0.653356417408
NZD_USD,H1,500500,3.27580268208e-05,0.65335634471
NZD_USD,H1,501000,3.27551950201e-05,0.653356280757
NZD_USD,H1,501500,3.27523716641e-05,0.653356225504
NZD_USD,H1,502000,3.27495567267e-05,0.653356178906
NZD_USD,H1,502500,3.27467501818e-05,0.653356140918
NZD_USD,H1,503000,3.27439520035e-05,0.653356111494
NZD_USD,H1,503500,3.27411621657e-05,0.653356090591
NZD_USD,H1,504000,3.27383806427e-05,0.653356078164
NZD_USD,H1,504500,3.27356074088e-05,0.653356074168
NZD_USD,H1,505000,3.27328424383e-05,0.653356078561
NZD_USD,H1,505500,3.27300857056e-05,0.653356091298
NZD_USD,H1,506000,3.27273371852e-05,0.653356112336
NZD_USD,H1,506500,3.27245968517e-05,0.653356141632
NZD_USD,H1,507000,3.27218646799e-05,0.653356179142
NZD_USD,H1,507500,3.27191406443e-05,0.653356224824
NZD_USD,H1,508000,3.271642472e-05,0.653356278635
NZD_USD,H1,508500,3.27137168817e-05,0.653356340533
NZD_USD,H1,509000,3.27110171045e-05,0.653356410477
NZD_USD,H1,509500,3.27083253635e-05,0.653356488422
NZD_USD,H1,510000,3.27056416337e-05,0.653356574329
NZD_USD,H1,510500,3.27029658905e-05,0.653356668156
NZD_USD,H1,511000,3.27002981091e-05,0.653356769861
NZD_USD,H1,511500,3.2697638265e-05,0.653356879403
NZD_USD,H1,512000,3.26949863336e-05,0.653356996742
NZD_USD,H1,512500,3.26923422904e-05,0.653357121836
NZD_USD,H1,513000,3.2689706111e-05,0.653357254646
NZD_USD,H1,513500,3.26870777713e-05,0.653357395131
NZD_USD,H1,514000,3.26844572469e-05,0.65335754325
NZD_USD,H1,514500,3.26818445137e-05,0.653357698965
NZD_USD,H1,515000,3.26792395476e-05,0.653357862235
NZD_USD,H1,515500,3.26766423247e-05,0.653358033022
NZD_USD,H1,516000,3.2674052821e-05,0.653358211285
NZD_USD,H1,516500,3.26714710127e-05,0.653358396986
NZD_USD,H1,517000,3.26688968761e-05,0.653358590086
NZD_USD,H1,517500,3.26663303874e-05,0.653358790546
NZD_USD,H1,518000,3.26637715231e-05,0.653358998328
NZD_USD,H1,518500,3.26612202595e-05,0.653359213394
NZD_USD,H1,519000,3.26586765733e-05,0.653359435706
NZD_USD,H1,519500,3.26561404411e-05,0.653359665225
NZD_USD,H1,520000,3.26536118395e-05,0.653359901914
NZD_USD,H1,520500,3.26510907454e-05,0.653360145736
NZD_USD,H1,521000,3.26485771354e-05,0.653360396654
NZD_USD,H1,521500,3.26460709867e-05,0.653360654629
NZD_USD,H1,522000,3.26435722761e-05,0.653360919627
NZD_USD,H1,522500,3.26410809807e-05,0.653361191608
NZD_USD,H1,523000,3.26385970777e-05,0.653361470539
NZD_USD,H1,523500,3.26361205442e-05,0.653361756381
NZD_USD,H1,524000,3.26336513575e-05,0.653362049098
NZD_USD,H1,524500,3.2631189495e-05,0.653362348656
NZD_USD,H1,525000,3.26287349341e-05,0.653362655017
NZD_USD,H1,525500,3.26262876523e-05,0.653362968147
NZD_USD,H1,526000,3.26238476271e-05,0.653363288011
NZD_USD,H1,526500,3.26214148362e-05,0.653363614572
NZD_USD,H1,527000,3.26189892573e-05,0.653363947795
NZD_USD,H1,527500,3.26165708682e-05,0.653364287647
NZD_USD,H1,528000,3.26141596467e-05,0.653364634092
NZD_USD,H1,528500,3.26117555708e-05,0.653364987096
NZD_USD,H1,529000,3.26093586183e-05,0.653365346625
NZD_USD,H1,529500,3.26069687675e-05,0.653365712643
NZD_USD,H1,530000,3.26045859964e-05,0.653366085119
NZD_USD,H1,530500,3.26022102832e-05,0.653366464016
NZD_USD,H1,531000,3.25998416062e-05,0.653366849303
NZD_USD,H1,531500,3.25974799437e-05,0.653367240945
NZD_USD,H1,532000,3.25951252741e-05,0.65336763891
NZD_USD,H1,532500,3.2592777576e-05,0.653368043164
NZD_USD,H1,533000,3.25904368278e-05,0.653368453674
NZD_USD,H1,533500,3.25881030081e-05,0.653368870408
NZD_USD,H1,534000,3.25857760957e-05,0.653369293332
NZD_USD,H1,534500,3.25834560693e-05,0.653369722415
NZD_USD,H1,535000,3.25811429077e-05,0.653370157625
NZD_USD,H1,535500,3.25788365897e-05,0.653370598928
NZD_USD,H1,536000,3.25765370944e-05,0.653371046294
NZD_USD,H1,536500,3.25742444007e-05,0.653371499691
NZD_USD,H1,537000,3.25719584878e-05,0.653371959086
NZD_USD,H1,537500,3.25696793347e-05,0.653372424449
NZD_USD,H1,538000,3.25674069207e-05,0.653372895748
NZD_USD,H1,538500,3.25651412251e-05,0.653373372953
NZD_USD,H1,539000,3.25628822273e-05,0.653373856032
NZD_USD,H1,539500,3.25606299065e-05,0.653374344954
NZD_USD,H1,540000,3.25583842424e-05,0.653374839689
NZD_USD,H1,540500,3.25561452144e-05,0.653375340207
NZD_USD,H1,541000,3.25539128022e-05,0.653375846477
NZD_USD,H1,541500,3.25516869854e-05,0.653376358468
NZD_USD,H1,542000,3.25494677438e-05,0.653376876152
NZD_USD,H1,542500,3.25472550571e-05,0.653377399498
NZD_USD,H1,543000,3.25450489053e-05,0.653377928477
NZD_USD,H1,543500,3.25428492682e-05,0.653378463059
NZD_USD,H1,544000,3.25406561259e-05,0.653379003214
NZD_USD,H1,544500,3.25384694584e-05,0.653379548914
NZD_USD,H1,545000,3.25362892459e-05,0.653380100129
NZD_USD,H1,545500,3.25341154685e-05,0.653380656831
NZD_USD,H1,546000,3.25319481064e-05,0.653381218991
NZD_USD,H1,546500,3.252978714e-05,0.65338178658
NZD_USD,H1,547000,3.25276325496e-05,0.653382359569
NZD_USD,H1,547500,3.25254843157e-05,0.653382937931
NZD_USD,H1,548000,3.25233424187e-05,0.653383521638
NZD_USD,H1,548500,3.25212068393e-05,0.65338411066
NZD_USD,H1,549000,3.2519077558e-05,0.653384704971
NZD_USD,H1,549500,3.25169545556e-05,0.653385304543
NZD_USD,H1,550000,3.25148378127e-05,0.653385909348
NZD_USD,H1,550500,3.25127273101e-05,0.653386519358
NZD_USD,H1,551000,3.25106230288e-05,0.653387134547
NZD_USD,H1,551500,3.25085249496e-05,0.653387754887
NZD_USD,H1,552000,3.25064330535e-05,0.653388380352
NZD_USD,H1,552500,3.25043473217e-05,0.653389010913
NZD_USD,H1,553000,3.2502267735e-05,0.653389646546
NZD_USD,H1,553500,3.25001942749e-05,0.653390287223
NZD_USD,H1,554000,3.24981269223e-05,0.653390932917
NZD_USD,H1,554500,3.24960656588e-05,0.653391583603
NZD_USD,H1,555000,3.24940104655e-05,0.653392239254
NZD_USD,H1,555500,3.24919613239e-05,0.653392899844
NZD_USD,H1,556000,3.24899182154e-05,0.653393565348
NZD_USD,H1,556500,3.24878811216e-05,0.653394235739
NZD_USD,H1,557000,3.2485850024e-05,0.653394910992
NZD_USD,H1,557500,3.24838249043e-05,0.653395591081
NZD_USD,H1,558000,3.24818057442e-05,0.653396275982
NZD_USD,H1,558500,3.24797925254e-05,0.653396965669
NZD_USD,H1,559000,3.24777852297e-05,0.653397660116
NZD_USD,H1,559500,3.2475783839e-05,0.6533983593
NZD_USD,H1,560000,3.24737883352e-05,0.653399063194
NZD_USD,H1,560500,3.24717987003e-05,0.653399771775
NZD_USD,H1,561000,3.24698149163e-05,0.653400485018
NZD_USD,H1,561500,3.24678369654e-05,0.653401202898
NZD_USD,H1,562000,3.24658648296e-05,0.653401925391
NZD_USD,H1,562500,3.24638984912e-05,0.653402652473
NZD_USD,H1,563000,3.24619379325e-05,0.65340338412
NZD_USD,H1,563500,3.24599831357e-05,0.653404120308
NZD_USD,H1,564000,3.24580340832e-05,0.653404861013
NZD_USD,H1,564500,3.24560907576e-05,0.653405606211
NZD_USD,H1,565000,3.24541531412e-05,0.65340635588
NZD_USD,H1,565500,3.24522212165e-05,0.653407109995
NZD_USD,H1,566000,3.24502949663e-05,0.653407868533
NZD_USD,H1,566500,3.24483743732e-05,0.653408631472
NZD_USD,H1,567000,3.24464594197e-05,0.653409398787
NZD_USD,H1,567500,3.24445500888e-05,0.653410170457
NZD_USD,H1,568000,3.24426463633e-05,0.653410946457
NZD_USD,H1,568500,3.24407482259e-05,0.653411726767
NZD_USD,H1,569000,3.24388556596e-05,0.653412511362
NZD_USD,H1,569500,3.24369686475e-05,0.653413300221
NZD_USD,H1,570000,3.24350871725e-05,0.653414093322
NZD_USD,H1,570500,3.24332112177e-05,0.653414890641
NZD_USD,H1,571000,3.24313407662e-05,0.653415692157
NZD_USD,H1,571500,3.24294758013e-05,0.653416497848
NZD_USD,H1,572000,3.24276163062e-05,0.653417307693
NZD_USD,H1,572500,3.24257622642e-05,0.653418121669
NZD_USD,H1,573000,3.24239136586e-05,0.653418939754
NZD_USD,H1,573500,3.24220704729e-05,0.653419761928
NZD_USD,H1,574000,3.24202326905e-05,0.653420588168
NZD_USD,H1,574500,3.24184002948e-05,0.653421418454
NZD_USD,H1,575000,3.24165732696e-05,0.653422252765
NZD_USD,H1,575500,3.24147515983e-05,0.653423091078
NZD_USD,H1,576000,3.24129352646e-05,0.653423933374
NZD_USD,H1,576500,3.24111242523e-05,0.653424779632
NZD_USD,H1,577000,3.24093185451e-05,0.65342562983
NZD_USD,H1,577500,3.24075181269e-05,0.653426483948
NZD_USD,H1,578000,3.24057229814e-05,0.653427341966
NZD_USD,H1,578500,3.24039330926e-05,0.653428203864
NZD_USD,H1,579000,3.24021484446e-05,0.65342906962
NZD_USD,H1,579500,3.24003690212e-05,0.653429939215
NZD_USD,H1,580000,3.23985948067e-05,0.653430812628
NZD_USD,H1,580500,3.2396825785e-05,0.65343168984
NZD_USD,H1,581000,3.23950619404e-05,0.653432570832
NZD_USD,H1,581500,3.23933032571e-05,0.653433455582
NZD_USD,H1,582000,3.23915497193e-05,0.653434344071
NZD_USD,H1,582500,3.23898013114e-05,0.65343523628
NZD_USD,H1,583000,3.23880580177e-05,0.65343613219
NZD_USD,H1,583500,3.23863198227e-05,0.653437031781
NZD_USD,H1,584000,3.23845867109e-05,0.653437935033
NZD_USD,H1,584500,3.23828586667e-05,0.653438841929
NZD_USD,H1,585000,3.23811356746e-05,0.653439752447
NZD_USD,H1,585500,3.23794177195e-05,0.653440666571
NZD_USD,H1,586000,3.23777047857e-05,0.65344158428
NZD_USD,H1,586500,3.23759968582e-05,0.653442505557
NZD_USD,H1,587000,3.23742939216e-05,0.653443430381
NZD_USD,H1,587500,3.23725959608e-05,0.653444358736
NZD_USD,H1,588000,3.23709029606e-05,0.653445290602
NZD_USD,H1,588500,3.23692149059e-05,0.653446225962
NZD_USD,H1,589000,3.23675317817e-05,0.653447164796
NZD_USD,H1,589500,3.23658535729e-05,0.653448107087
NZD_USD,H1,590000,3.23641802646e-05,0.653449052817
NZD_USD,H1,590500,3.23625118418e-05,0.653450001967
NZD_USD,H1,591000,3.23608482899e-05,0.65345095452
NZD_USD,H1,591500,3.23591895938e-05,0.653451910459
NZD_USD,H1,592000,3.23575357388e-05,0.653452869765
NZD_USD,H1,592500,3.23558867103e-05,0.65345383242
NZD_USD,H1,593000,3.23542424935e-05,0.653454798408
NZD_USD,H1,593500,3.23526030738e-05,0.653455767711
NZD_USD,H1,594000,3.23509684366e-05,0.653456740312
NZD_USD,H1,594500,3.23493385674e-05,0.653457716193
NZD_USD,H1,595000,3.23477134517e-05,0.653458695337
NZD_USD,H1,595500,3.2346093075e-05,0.653459677728
NZD_USD,H1,596000,3.2344477423e-05,0.653460663349
NZD_USD,H1,596500,3.23428664812e-05,0.653461652181
NZD_USD,H1,597000,3.23412602354e-05,0.65346264421
NZD_USD,H1,597500,3.23396586713e-05,0.653463639418
NZD_USD,H1,598000,3.23380617747e-05,0.653464637788
NZD_USD,H1,598500,3.23364695313e-05,0.653465639305
NZD_USD,H1,599000,3.23348819272e-05,0.653466643951
NZD_USD,H1,599500,3.23332989481e-05,0.65346765171
NZD_USD,H1,600000,3.233172058e-05,0.653468662567
NZD_USD,H1,600500,3.2330146809e-05,0.653469676504
NZD_USD,H1,601000,3.2328577621e-05,0.653470693507
NZD_USD,H1,601500,3.23270130022e-05,0.653471713559
NZD_USD,H1,602000,3.23254529387e-05,0.653472736644
NZD_USD,H1,602500,3.23238974166e-05,0.653473762746
NZD_USD,H1,603000,3.23223464223e-05,0.653474791849
NZD_USD,H1,603500,3.23207999418e-05,0.653475823939
NZD_USD,H1,604000,3.23192579617e-05,0.653476858999
NZD_USD,H1,604500,3.23177204681e-05,0.653477897014
NZD_USD,H1,605000,3.23161874474e-05,0.653478937969
NZD_USD,H1,605500,3.23146588862e-05,0.653479981848
NZD_USD,H1,606000,3.23131347709e-05,0.653481028636
NZD_USD,H1,606500,3.2311615088e-05,0.653482078318
NZD_USD,H1,607000,3.23100998241e-05,0.65348313088
NZD_USD,H1,607500,3.23085889657e-05,0.653484186305
NZD_USD,H1,608000,3.23070824995e-05,0.653485244579
NZD_USD,H1,608500,3.23055804122e-05,0.653486305687
NZD_USD,H1,609000,3.23040826906e-05,0.653487369615
NZD_USD,H1,609500,3.23025893213e-05,0.653488436347
NZD_USD,H1,610000,3.23011002912e-05,0.65348950587
NZD_USD,H1,610500,3.22996155872e-05,0.653490578169
NZD_USD,H1,611000,3.22981351961e-05,0.653491653229
NZD_USD,H1,611500,3.22966591049e-05,0.653492731036
NZD_USD,H1,612000,3.22951873006e-05,0.653493811576
NZD_USD,H1,612500,3.22937197701e-05,0.653494894834
NZD_USD,H1,613000,3.22922565005e-05,0.653495980797
NZD_USD,H1,613500,3.2290797479e-05,0.65349706945
NZD_USD,H1,614000,3.22893426926e-05,0.65349816078
NZD_USD,H1,614500,3.22878921285e-05,0.653499254772
NZD_USD,H1,615000,3.2286445774e-05,0.653500351413
NZD_USD,H1,615500,3.22850036163e-05,0.653501450689
NZD_USD,H1,616000,3.22835656427e-05,0.653502552586
NZD_USD,H1,616500,3.22821318406e-05,0.653503657091
NZD_USD,H1,617000,3.22807021972e-05,0.65350476419
NZD_USD,H1,617500,3.22792767001e-05,0.65350587387
NZD_USD,H1,618000,3.22778553367e-05,0.653506986117
NZD_USD,H1,618500,3.22764380945e-05,0.653508100918
NZD_USD,H1,619000,3.2275024961e-05,0.653509218261
NZD_USD,H1,619500,3.22736159238e-05,0.65351033813
NZD_USD,H1,620000,3.22722109704e-05,0.653511460515
NZD_USD,H1,620500,3.22708100887e-05,0.653512585401
NZD_USD,H1,621000,3.22694132661e-05,0.653513712775
NZD_USD,H1,621500,3.22680204906e-05,0.653514842626
NZD_USD,H1,622000,3.22666317497e-05,0.653515974939
NZD_USD,H1,622500,3.22652470315e-05,0.653517109702
NZD_USD,H1,623000,3.22638663235e-05,0.653518246903
NZD_USD,H1,623500,3.22624896139e-05,0.653519386529
NZD_USD,H1,624000,3.22611168904e-05,0.653520528567
NZD_USD,H1,624500,3.22597481411e-05,0.653521673005
NZD_USD,H1,625000,3.22583833539e-05,0.65352281983
NZD_USD,H1,625500,3.22570225168e-05,0.65352396903
NZD_USD,H1,626000,3.2255665618e-05,0.653525120593
NZD_USD,H1,626500,3.22543126455e-05,0.653526274507
NZD_USD,H1,627000,3.22529635875e-05,0.653527430759
NZD_USD,H1,627500,3.22516184321e-05,0.653528589338
NZD_USD,H1,628000,3.22502771676e-05,0.653529750231
NZD_USD,H1,628500,3.22489397822e-05,0.653530913426
NZD_USD,H1,629000,3.22476062643e-05,0.653532078912
NZD_USD,H1,629500,3.22462766021e-05,0.653533246677
NZD_USD,H1,630000,3.22449507839e-05,0.653534416708
NZD_USD,H1,630500,3.22436287983e-05,0.653535588995
NZD_USD,H1,631000,3.22423106337e-05,0.653536763525
NZD_USD,H1,631500,3.22409962784e-05,0.653537940288
NZD_USD,H1,632000,3.2239685721e-05,0.653539119271
NZD_USD,H1,632500,3.22383789502e-05,0.653540300463
NZD_USD,H1,633000,3.22370759543e-05,0.653541483852
NZD_USD,H1,633500,3.22357767221e-05,0.653542669428
NZD_USD,H1,634000,3.22344812423e-05,0.653543857179
NZD_USD,H1,634500,3.22331895034e-05,0.653545047094
NZD_USD,H1,635000,3.22319014942e-05,0.653546239162
NZD_USD,H1,635500,3.22306172035e-05,0.653547433371
NZD_USD,H1,636000,3.22293366201e-05,0.653548629711
NZD_USD,H1,636500,3.22280597327e-05,0.65354982817
NZD_USD,H1,637000,3.22267865303e-05,0.653551028739
NZD_USD,H1,637500,3.22255170017e-05,0.653552231405
NZD_USD,H1,638000,3.22242511359e-05,0.653553436158
NZD_USD,H1,638500,3.22229889219e-05,0.653554642988
NZD_USD,H1,639000,3.22217303486e-05,0.653555851883
NZD_USD,H1,639500,3.2220475405e-05,0.653557062833
NZD_USD,H1,640000,3.22192240803e-05,0.653558275828
NZD_USD,H1,640500,3.22179763636e-05,0.653559490857
NZD_USD,H1,641000,3.22167322439e-05,0.653560707909
NZD_USD,H1,641500,3.22154917105e-05,0.653561926975
NZD_USD,H1,642000,3.22142547525e-05,0.653563148043
NZD_USD,H1,642500,3.22130213592e-05,0.653564371104
NZD_USD,H1,643000,3.22117915199e-05,0.653565596147
NZD_USD,H1,643500,3.22105652238e-05,0.653566823162
NZD_USD,H1,644000,3.22093424603e-05,0.653568052139
NZD_USD,H1,644500,3.22081232188e-05,0.653569283068
NZD_USD,H1,645000,3.22069074887e-05,0.653570515939
NZD_USD,H1,645500,3.22056952594e-05,0.653571750742
NZD_USD,H1,646000,3.22044865203e-05,0.653572987467
NZD_USD,H1,646500,3.22032812611e-05,0.653574226104
NZD_USD,H1,647000,3.22020794711e-05,0.653575466644
NZD_USD,H1,647500,3.22008811401e-05,0.653576709076
NZD_USD,H1,648000,3.21996862575e-05,0.653577953391
NZD_USD,H1,648500,3.21984948131e-05,0.65357919958
NZD_USD,H1,649000,3.21973067964e-05,0.653580447632
NZD_USD,H1,649500,3.21961221972e-05,0.653581697538
NZD_USD,H1,650000,3.21949410052e-05,0.653582949289
NZD_USD,H1,650500,3.21937632102e-05,0.653584202876
NZD_USD,H1,651000,3.21925888019e-05,0.653585458288
NZD_USD,H1,651500,3.21914177702e-05,0.653586715516
NZD_USD,H1,652000,3.2190250105e-05,0.653587974552
NZD_USD,H1,652500,3.21890857961e-05,0.653589235386
NZD_USD,H1,653000,3.21879248334e-05,0.653590498009
NZD_USD,H1,653500,3.21867672069e-05,0.653591762411
NZD_USD,H1,654000,3.21856129066e-05,0.653593028584
NZD_USD,H1,654500,3.21844619225e-05,0.653594296518
NZD_USD,H1,655000,3.21833142447e-05,0.653595566205
NZD_USD,H1,655500,3.21821698631e-05,0.653596837636
NZD_USD,H1,656000,3.21810287679e-05,0.653598110801
NZD_USD,H1,656500,3.21798909493e-05,0.653599385692
NZD_USD,H1,657000,3.21787563974e-05,0.6536006623
NZD_USD,H1,657500,3.21776251025e-05,0.653601940617
NZD_USD,H1,658000,3.21764970546e-05,0.653603220633
NZD_USD,H1,658500,3.21753722442e-05,0.65360450234
NZD_USD,H1,659000,3.21742506615e-05,0.653605785729
NZD_USD,H1,659500,3.21731322967e-05,0.653607070792
NZD_USD,H1,660000,3.21720171403e-05,0.65360835752
NZD_USD,H1,660500,3.21709051827e-05,0.653609645904
NZD_USD,H1,661000,3.21697964142e-05,0.653610935937
NZD_USD,H1,661500,3.21686908252e-05,0.65361222761
NZD_USD,H1,662000,3.21675884064e-05,0.653613520915
NZD_USD,H1,662500,3.2166489148e-05,0.653614815842
NZD_USD,H1,663000,3.21653930408e-05,0.653616112385
NZD_USD,H1,663500,3.21643000751e-05,0.653617410534
NZD_USD,H1,664000,3.21632102417e-05,0.653618710282
NZD_USD,H1,664500,3.21621235311e-05,0.653620011621
NZD_USD,H1,665000,3.2161039934e-05,0.653621314541
NZD_USD,H1,665500,3.2159959441e-05,0.653622619037
NZD_USD,H1,666000,3.21588820429e-05,0.653623925098
NZD_USD,H1,666500,3.21578077303e-05,0.653625232718
NZD_USD,H1,667000,3.21567364941e-05,0.653626541888
NZD_USD,H1,667500,3.2155668325e-05,0.653627852601
NZD_USD,H1,668000,3.21546032139e-05,0.653629164849
NZD_USD,H1,668500,3.21535411515e-05,0.653630478624
NZD_USD,H1,669000,3.21524821289e-05,0.653631793918
NZD_USD,H1,669500,3.21514261367e-05,0.653633110724
NZD_USD,H1,670000,3.21503731661e-05,0.653634429033
NZD_USD,H1,670500,3.21493232079e-05,0.653635748839
NZD_USD,H1,671000,3.21482762532e-05,0.653637070133
NZD_USD,H1,671500,3.21472322929e-05,0.653638392909
NZD_USD,H1,672000,3.21461913181e-05,0.653639717158
NZD_USD,H1,672500,3.21451533198e-05,0.653641042874
NZD_USD,H1,673000,3.21441182893e-05,0.653642370048
NZD_USD,H1,673500,3.21430862175e-05,0.653643698673
NZD_USD,H1,674000,3.21420570956e-05,0.653645028743
NZD_USD,H1,674500,3.21410309149e-05,0.653646360249
NZD_USD,H1,675000,3.21400076665e-05,0.653647693185
NZD_USD,H1,675500,3.21389873416e-05,0.653649027543
NZD_USD,H1,676000,3.21379699316e-05,0.653650363316
NZD_USD,H1,676500,3.21369554277e-05,0.653651700497
NZD_USD,H1,677000,3.21359438212e-05,0.653653039079
NZD_USD,H1,677500,3.21349351034e-05,0.653654379055
NZD_USD,H1,678000,3.21339292658e-05,0.653655720417
NZD_USD,H1,678500,3.21329262998e-05,0.653657063159
NZD_USD,H1,679000,3.21319261967e-05,0.653658407274
NZD_USD,H1,679500,3.2130928948e-05,0.653659752754
NZD_USD,H1,680000,3.21299345452e-05,0.653661099593
NZD_USD,H1,680500,3.21289429797e-05,0.653662447785
NZD_USD,H1,681000,3.21279542432e-05,0.653663797321
NZD_USD,H1,681500,3.21269683271e-05,0.653665148196
NZD_USD,H1,682000,3.21259852231e-05,0.653666500403
NZD_USD,H1,682500,3.21250049227e-05,0.653667853935
NZD_USD,H1,683000,3.21240274177e-05,0.653669208785
NZD_USD,H1,683500,3.21230526995e-05,0.653670564947
NZD_USD,H1,684000,3.212208076e-05,0.653671922414
NZD_USD,H1,684500,3.21211115908e-05,0.653673281179
NZD_USD,H1,685000,3.21201451837e-05,0.653674641237
NZD_USD,H1,685500,3.21191815304e-05,0.65367600258
NZD_USD,H1,686000,3.21182206228e-05,0.653677365201
NZD_USD,H1,686500,3.21172624525e-05,0.653678729096
NZD_USD,H1,687000,3.21163070116e-05,0.653680094257
NZD_USD,H1,687500,3.21153542917e-05,0.653681460677
NZD_USD,H1,688000,3.21144042849e-05,0.653682828351
NZD_USD,H1,688500,3.2113456983e-05,0.653684197273
NZD_USD,H1,689000,3.2112512378e-05,0.653685567435
NZD_USD,H1,689500,3.21115704618e-05,0.653686938832
NZD_USD,H1,690000,3.21106312265e-05,0.653688311457
NZD_USD,H1,690500,3.21096946639e-05,0.653689685305
NZD_USD,H1,691000,3.21087607663e-05,0.653691060369
NZD_USD,H1,691500,3.21078295255e-05,0.653692436643
NZD_USD,H1,692000,3.21069009338e-05,0.653693814122
NZD_USD,H1,692500,3.21059749832e-05,0.653695192798
NZD_USD,H1,693000,3.21050516658e-05,0.653696572666
NZD_USD,H1,693500,3.21041309739e-05,0.65369795372
NZD_USD,H1,694000,3.21032128996e-05,0.653699335955
NZD_USD,H1,694500,3.2102297435e-05,0.653700719363
NZD_USD,H1,695000,3.21013845726e-05,0.65370210394
NZD_USD,H1,695500,3.21004743044e-05,0.65370348968
NZD_USD,H1,696000,3.20995666228e-05,0.653704876576
NZD_USD,H1,696500,3.209866152e-05,0.653706264623
NZD_USD,H1,697000,3.20977589885e-05,0.653707653815
NZD_USD,H1,697500,3.20968590205e-05,0.653709044146
NZD_USD,H1,698000,3.20959616084e-05,0.653710435611
NZD_USD,H1,698500,3.20950667447e-05,0.653711828204
NZD_USD,H1,699000,3.20941744217e-05,0.65371322192
NZD_USD,H1,699500,3.20932846319e-05,0.653714616752
NZD_USD,H1,700000,3.20923973678e-05,0.653716012696
NZD_USD,H1,700500,3.20915126218e-05,0.653717409745
NZD_USD,H1,701000,3.20906303865e-05,0.653718807894
NZD_USD,H1,701500,3.20897506543e-05,0.653720207138
NZD_USD,H1,702000,3.2088873418e-05,0.653721607471
NZD_USD,H1,702500,3.20879986699e-05,0.653723008888
NZD_USD,H1,703000,3.20871264028e-05,0.653724411383
NZD_USD,H1,703500,3.20862566093e-05,0.653725814951
NZD_USD,H1,704000,3.2085389282e-05,0.653727219587
NZD_USD,H1,704500,3.20845244137e-05,0.653728625285
NZD_USD,H1,705000,3.20836619969e-05,0.65373003204
NZD_USD,H1,705500,3.20828020244e-05,0.653731439847
NZD_USD,H1,706000,3.2081944489e-05,0.6537328487
NZD_USD,H1,706500,3.20810893834e-05,0.653734258595
NZD_USD,H1,707000,3.20802367004e-05,0.653735669525
NZD_USD,H1,707500,3.20793864328e-05,0.653737081487
NZD_USD,H1,708000,3.20785385735e-05,0.653738494474
NZD_USD,H1,708500,3.20776931153e-05,0.653739908482
NZD_USD,H1,709000,3.2076850051e-05,0.653741323506
NZD_USD,H1,709500,3.20760093737e-05,0.65374273954
NZD_USD,H1,710000,3.20751710761e-05,0.65374415658
NZD_USD,H1,710500,3.20743351512e-05,0.653745574621
NZD_USD,H1,711000,3.2073501592e-05,0.653746993657
NZD_USD,H1,711500,3.20726703915e-05,0.653748413683
NZD_USD,H1,712000,3.20718415427e-05,0.653749834696
NZD_USD,H1,712500,3.20710150385e-05,0.653751256689
NZD_USD,H1,713000,3.20701908721e-05,0.653752679658
NZD_USD,H1,713500,3.20693690366e-05,0.653754103598
NZD_USD,H1,714000,3.20685495249e-05,0.653755528504
NZD_USD,H1,714500,3.20677323303e-05,0.653756954372
NZD_USD,H1,715000,3.20669174458e-05,0.653758381197
NZD_USD,H1,715500,3.20661048647e-05,0.653759808974
NZD_USD,H1,716000,3.206529458e-05,0.653761237697
NZD_USD,H1,716500,3.2064486585e-05,0.653762667364
NZD_USD,H1,717000,3.20636808729e-05,0.653764097968
NZD_USD,H1,717500,3.20628774369e-05,0.653765529506
NZD_USD,H1,718000,3.20620762704e-05,0.653766961972
NZD_USD,H1,718500,3.20612773665e-05,0.653768395362
NZD_USD,H1,719000,3.20604807186e-05,0.653769829671
NZD_USD,H1,719500,3.20596863199e-05,0.653771264896
NZD_USD,H1,720000,3.2058894164e-05,0.653772701031
NZD_USD,H1,720500,3.2058104244e-05,0.653774138071
NZD_USD,H1,721000,3.20573165533e-05,0.653775576013
NZD_USD,H1,721500,3.20565310855e-05,0.653777014852
NZD_USD,H1,722000,3.20557478339e-05,0.653778454583
NZD_USD,H1,722500,3.20549667919e-05,0.653779895202
NZD_USD,H1,723000,3.2054187953e-05,0.653781336705
NZD_USD,H1,723500,3.20534113108e-05,0.653782779088
NZD_USD,H1,724000,3.20526368586e-05,0.653784222345
NZD_USD,H1,724500,3.205186459e-05,0.653785666472
NZD_USD,H1,725000,3.20510944986e-05,0.653787111466
NZD_USD,H1,725500,3.20503265779e-05,0.653788557322
NZD_USD,H1,726000,3.20495608215e-05,0.653790004036
NZD_USD,H1,726500,3.20487972231e-05,0.653791451603
NZD_USD,H1,727000,3.20480357761e-05,0.65379290002
NZD_USD,H1,727500,3.20472764744e-05,0.653794349281
NZD_USD,H1,728000,3.20465193114e-05,0.653795799384
NZD_USD,H1,728500,3.2045764281e-05,0.653797250323
NZD_USD,H1,729000,3.20450113768e-05,0.653798702095
NZD_USD,H1,729500,3.20442605925e-05,0.653800154696
NZD_USD,H1,730000,3.20435119219e-05,0.65380160812
NZD_USD,H1,730500,3.20427653587e-05,0.653803062366
NZD_USD,H1,731000,3.20420208967e-05,0.653804517427
NZD_USD,H1,731500,3.20412785297e-05,0.653805973301
NZD_USD,H1,732000,3.20405382516e-05,0.653807429983
NZD_USD,H1,732500,3.2039800056e-05,0.65380888747
NZD_USD,H1,733000,3.2039063937e-05,0.653810345757
NZD_USD,H1,733500,3.20383298883e-05,0.65381180484
NZD_USD,H1,734000,3.20375979039e-05,0.653813264715
NZD_USD,H1,734500,3.20368679777e-05,0.653814725379
NZD_USD,H1,735000,3.20361401035e-05,0.653816186828
NZD_USD,H1,735500,3.20354142754e-05,0.653817649058
NZD_USD,H1,736000,3.20346904873e-05,0.653819112064
NZD_USD,H1,736500,3.20339687332e-05,0.653820575844
NZD_USD,H1,737000,3.2033249007e-05,0.653822040393
NZD_USD,H1,737500,3.20325313029e-05,0.653823505707
NZD_USD,H1,738000,3.20318156149e-05,0.653824971784
NZD_USD,H1,738500,3.20311019369e-05,0.653826438618
NZD_USD,H1,739000,3.20303902631e-05,0.653827906206
NZD_USD,H1,739500,3.20296805876e-05,0.653829374545
NZD_USD,H1,740000,3.20289729045e-05,0.653830843631
NZD_USD,H1,740500,3.20282672078e-05,0.65383231346
NZD_USD,H1,741000,3.20275634919e-05,0.653833784028
NZD_USD,H1,741500,3.20268617507e-05,0.653835255333
NZD_USD,H1,742000,3.20261619786e-05,0.653836727369
NZD_USD,H1,742500,3.20254641696e-05,0.653838200135
NZD_USD,H1,743000,3.20247683181e-05,0.653839673625
NZD_USD,H1,743500,3.20240744183e-05,0.653841147837
NZD_USD,H1,744000,3.20233824643e-05,0.653842622766
NZD_USD,H1,744500,3.20226924505e-05,0.65384409841
NZD_USD,H1,745000,3.20220043713e-05,0.653845574765
NZD_USD,H1,745500,3.20213182207e-05,0.653847051827
NZD_USD,H1,746000,3.20206339933e-05,0.653848529594
NZD_USD,H1,746500,3.20199516833e-05,0.65385000806
NZD_USD,H1,747000,3.20192712852e-05,0.653851487224
NZD_USD,H1,747500,3.20185927932e-05,0.653852967081
NZD_USD,H1,748000,3.20179162017e-05,0.653854447628
NZD_USD,H1,748500,3.20172415052e-05,0.653855928862
NZD_USD,H1,749000,3.20165686982e-05,0.65385741078
NZD_USD,H1,749500,3.2015897775e-05,0.653858893377
NZD_USD,H1,750000,3.20152287301e-05,0.653860376651
NZD_USD,H1,750500,3.20145615579e-05,0.653861860599
NZD_USD,H1,751000,3.20138962531e-05,0.653863345216
NZD_USD,H1,751500,3.201323281e-05,0.6538648305
NZD_USD,H1,752000,3.20125712233e-05,0.653866316448
NZD_USD,H1,752500,3.20119114874e-05,0.653867803056
NZD_USD,H1,753000,3.20112535969e-05,0.65386929032
NZD_USD,H1,753500,3.20105975465e-05,0.653870778239
NZD_USD,H1,754000,3.20099433306e-05,0.653872266808
NZD_USD,H1,754500,3.2009290944e-05,0.653873756024
NZD_USD,H1,755000,3.20086403811e-05,0.653875245884
NZD_USD,H1,755500,3.20079916368e-05,0.653876736385
NZD_USD,H1,756000,3.20073447056e-05,0.653878227524
NZD_USD,H1,756500,3.20066995822e-05,0.653879719298
NZD_USD,H1,757000,3.20060562613e-05,0.653881211703
NZD_USD,H1,757500,3.20054147376e-05,0.653882704736
NZD_USD,H1,758000,3.20047750059e-05,0.653884198395
NZD_USD,H1,758500,3.20041370608e-05,0.653885692676
NZD_USD,H1,759000,3.20035008972e-05,0.653887187576
NZD_USD,H1,759500,3.20028665098e-05,0.653888683092
NZD_USD,H1,760000,3.20022338934e-05,0.653890179221
NZD_USD,H1,760500,3.20016030428e-05,0.653891675961
NZD_USD,H1,761000,3.20009739529e-05,0.653893173307
NZD_USD,H1,761500,3.20003466184e-05,0.653894671258
NZD_USD,H1,762000,3.19997210342e-05,0.653896169809
NZD_USD,H1,762500,3.19990971952e-05,0.653897668959
NZD_USD,H1,763000,3.19984750962e-05,0.653899168704
NZD_USD,H1,763500,3.19978547323e-05,0.653900669041
NZD_USD,H1,764000,3.19972360982e-05,0.653902169968
NZD_USD,H1,764500,3.19966191889e-05,0.65390367148
NZD_USD,H1,765000,3.19960039994e-05,0.653905173577
NZD_USD,H1,765500,3.19953905245e-05,0.653906676254
NZD_USD,H1,766000,3.19947787594e-05,0.653908179509
NZD_USD,H1,766500,3.1994168699e-05,0.653909683339
NZD_USD,H1,767000,3.19935603383e-05,0.653911187741
NZD_USD,H1,767500,3.19929536722e-05,0.653912692712
NZD_USD,H1,768000,3.1992348696e-05,0.65391419825
NZD_USD,H1,768500,3.19917454045e-05,0.653915704351
NZD_USD,H1,769000,3.19911437929e-05,0.653917211013
NZD_USD,H1,769500,3.19905438563e-05,0.653918718234
NZD_USD,H1,770000,3.19899455897e-05,0.65392022601
NZD_USD,H1,770500,3.19893489883e-05,0.653921734338
NZD_USD,H1,771000,3.19887540471e-05,0.653923243216
NZD_USD,H1,771500,3.19881607615e-05,0.653924752642
NZD_USD,H1,772000,3.19875691263e-05,0.653926262612
NZD_USD,H1,772500,3.1986979137e-05,0.653927773124
NZD_USD,H1,773000,3.19863907886e-05,0.653929284175
NZD_USD,H1,773500,3.19858040764e-05,0.653930795762
NZD_USD,H1,774000,3.19852189955e-05,0.653932307883
NZD_USD,H1,774500,3.19846355412e-05,0.653933820536
NZD_USD,H1,775000,3.19840537087e-05,0.653935333717
NZD_USD,H1,775500,3.19834734934e-05,0.653936847424
NZD_USD,H1,776000,3.19828948904e-05,0.653938361654
NZD_USD,H1,776500,3.19823178951e-05,0.653939876405
NZD_USD,H1,777000,3.19817425027e-05,0.653941391674
NZD_USD,H1,777500,3.19811687087e-05,0.653942907458
NZD_USD,H1,778000,3.19805965082e-05,0.653944423756
NZD_USD,H1,778500,3.19800258967e-05,0.653945940564
NZD_USD,H1,779000,3.19794568695e-05,0.65394745788
NZD_USD,H1,779500,3.1978889422e-05,0.653948975701
NZD_USD,H1,780000,3.19783235495e-05,0.653950494026
NZD_USD,H1,780500,3.19777592475e-05,0.653952012851
NZD_USD,H1,781000,3.19771965115e-05,0.653953532173
NZD_USD,H1,781500,3.19766353367e-05,0.653955051991
NZD_USD,H1,782000,3.19760757187e-05,0.653956572303
NZD_USD,H1,782500,3.19755176529e-05,0.653958093104
NZD_USD,H1,783000,3.19749611348e-05,0.653959614394
NZD_USD,H1,783500,3.19744061599e-05,0.65396113617
NZD_USD,H1,784000,3.19738527236e-05,0.653962658429
NZD_USD,H1,784500,3.19733008215e-05,0.653964181168
NZD_USD,H1,785000,3.19727504491e-05,0.653965704387
NZD_USD,H1,785500,3.1972201602e-05,0.653967228081
NZD_USD,H1,786000,3.19716542757e-05,0.653968752249
NZD_USD,H1,786500,3.19711084657e-05,0.653970276888
NZD_USD,H1,787000,3.19705641677e-05,0.653971801996
NZD_USD,H1,787500,3.19700213772e-05,0.653973327571
NZD_USD,H1,788000,3.19694800899e-05,0.653974853611
NZD_USD,H1,788500,3.19689403013e-05,0.653976380112
NZD_USD,H1,789000,3.19684020071e-05,0.653977907073
NZD_USD,H1,789500,3.19678652029e-05,0.653979434492
NZD_USD,H1,790000,3.19673298845e-05,0.653980962365
NZD_USD,H1,790500,3.19667960474e-05,0.653982490692
NZD_USD,H1,791000,3.19662636874e-05,0.653984019469
NZD_USD,H1,791500,3.19657328001e-05,0.653985548694
NZD_USD,H1,792000,3.19652033813e-05,0.653987078365
NZD_USD,H1,792500,3.19646754267e-05,0.65398860848
NZD_USD,H1,793000,3.1964148932e-05,0.653990139037
NZD_USD,H1,793500,3.1963623893e-05,0.653991670033
NZD_USD,H1,794000,3.19631003055e-05,0.653993201467
NZD_USD,H1,794500,3.19625781651e-05,0.653994733335
NZD_USD,H1,795000,3.19620574678e-05,0.653996265636
NZD_USD,H1,795500,3.19615382092e-05,0.653997798368
NZD_USD,H1,796000,3.19610203853e-05,0.653999331528
NZD_USD,H1,796500,3.19605039919e-05,0.654000865115
NZD_USD,H1,797000,3.19599890247e-05,0.654002399126
NZD_USD,H1,797500,3.19594754797e-05,0.654003933558
NZD_USD,H1,798000,3.19589633527e-05,0.654005468411
NZD_USD,H1,798500,3.19584526395e-05,0.654007003681
NZD_USD,H1,799000,3.19579433362e-05,0.654008539367
NZD_USD,H1,799500,3.19574354385e-05,0.654010075467
NZD_USD,H1,800000,3.19569289424e-05,0.654011611978
NZD_USD,H1,800500,3.19564238438e-05,0.654013148898
NZD_USD,H1,801000,3.19559201387e-05,0.654014686226
NZD_USD,H1,801500,3.19554178229e-05,0.654016223959
NZD_USD,H1,802000,3.19549168926e-05,0.654017762095
NZD_USD,H1,802500,3.19544173436e-05,0.654019300633
NZD_USD,H1,803000,3.19539191719e-05,0.654020839569
NZD_USD,H1,803500,3.19534223736e-05,0.654022378902
NZD_USD,H1,804000,3.19529269446e-05,0.654023918631
NZD_USD,H1,804500,3.1952432881e-05,0.654025458753
NZD_USD,H1,805000,3.19519401788e-05,0.654026999265
NZD_USD,H1,805500,3.19514488341e-05,0.654028540167
NZD_USD,H1,806000,3.19509588429e-05,0.654030081456
NZD_USD,H1,806500,3.19504702013e-05,0.65403162313
NZD_USD,H1,807000,3.19499829053e-05,0.654033165186
NZD_USD,H1,807500,3.19494969511e-05,0.654034707625
NZD_USD,H1,808000,3.19490123348e-05,0.654036250442
NZD_USD,H1,808500,3.19485290525e-05,0.654037793637
NZD_USD,H1,809000,3.19480471004e-05,0.654039337207
NZD_USD,H1,809500,3.19475664745e-05,0.65404088115
NZD_USD,H1,810000,3.1947087171e-05,0.654042425465
NZD_USD,H1,810500,3.19466091861e-05,0.654043970149
NZD_USD,H1,811000,3.1946132516e-05,0.654045515201
NZD_USD,H1,811500,3.19456571569e-05,0.654047060619
NZD_USD,H1,812000,3.19451831049e-05,0.654048606401
NZD_USD,H1,812500,3.19447103563e-05,0.654050152545
NZD_USD,H1,813000,3.19442389073e-05,0.654051699049
NZD_USD,H1,813500,3.19437687541e-05,0.654053245911
NZD_USD,H1,814000,3.1943299893e-05,0.65405479313
NZD_USD,H1,814500,3.19428323202e-05,0.654056340703
NZD_USD,H1,815000,3.19423660321e-05,0.654057888629
NZD_USD,H1,815500,3.19419010248e-05,0.654059436906
NZD_USD,H1,816000,3.19414372947e-05,0.654060985533
NZD_USD,H1,816500,3.19409748381e-05,0.654062534506
NZD_USD,H1,817000,3.19405136513e-05,0.654064083825
NZD_USD,H1,817500,3.19400537306e-05,0.654065633488
NZD_USD,H1,818000,3.19395950724e-05,0.654067183492
NZD_USD,H1,818500,3.19391376729e-05,0.654068733837
NZD_USD,H1,819000,3.19386815287e-05,0.65407028452
NZD_USD,H1,819500,3.19382266359e-05,0.654071835539
NZD_USD,H1,820000,3.19377729911e-05,0.654073386893
NZD_USD,H1,820500,3.19373205905e-05,0.654074938581
NZD_USD,H1,821000,3.19368694307e-05,0.6540764906
NZD_USD,H1,821500,3.1936419508e-05,0.654078042948
NZD_USD,H1,822000,3.19359708188e-05,0.654079595624
NZD_USD,H1,822500,3.19355233596e-05,0.654081148626
NZD_USD,H1,823000,3.19350771269e-05,0.654082701952
NZD_USD,H1,823500,3.1934632117e-05,0.654084255602
NZD_USD,H1,824000,3.19341883264e-05,0.654085809572
NZD_USD,H1,824500,3.19337457517e-05,0.654087363861
NZD_USD,H1,825000,3.19333043892e-05,0.654088918468
NZD_USD,H1,825500,3.19328642356e-05,0.654090473391
NZD_USD,H1,826000,3.19324252873e-05,0.654092028628
NZD_USD,H1,826500,3.19319875408e-05,0.654093584178
NZD_USD,H1,827000,3.19315509927e-05,0.654095140038
NZD_USD,H1,827500,3.19311156394e-05,0.654096696208
NZD_USD,H1,828000,3.19306814777e-05,0.654098252685
NZD_USD,H1,828500,3.19302485039e-05,0.654099809468
NZD_USD,H1,829000,3.19298167147e-05,0.654101366556
NZD_USD,H1,829500,3.19293861067e-05,0.654102923946
NZD_USD,H1,830000,3.19289566765e-05,0.654104481637
NZD_USD,H1,830500,3.19285284206e-05,0.654106039628
NZD_USD,H1,831000,3.19281013357e-05,0.654107597916
NZD_USD,H1,831500,3.19276754184e-05,0.6541091565
NZD_USD,H1,832000,3.19272506653e-05,0.654110715379
NZD_USD,H1,832500,3.19268270731e-05,0.654112274552
NZD_USD,H1,833000,3.19264046384e-05,0.654113834015
NZD_USD,H1,833500,3.19259833579e-05,0.654115393768
NZD_USD,H1,834000,3.19255632283e-05,0.65411695381
NZD_USD,H1,834500,3.19251442462e-05,0.654118514138
NZD_USD,H1,835000,3.19247264083e-05,0.654120074752
NZD_USD,H1,835500,3.19243097114e-05,0.654121635649
NZD_USD,H1,836000,3.19238941522e-05,0.654123196828
NZD_USD,H1,836500,3.19234797273e-05,0.654124758287
NZD_USD,H1,837000,3.19230664335e-05,0.654126320025
NZD_USD,H1,837500,3.19226542676e-05,0.654127882041
NZD_USD,H1,838000,3.19222432262e-05,0.654129444333
NZD_USD,H1,838500,3.19218333063e-05,0.654131006899
NZD_USD,H1,839000,3.19214245045e-05,0.654132569738
NZD_USD,H1,839500,3.19210168176e-05,0.654134132848
NZD_USD,H1,840000,3.19206102424e-05,0.654135696228
NZD_USD,H1,840500,3.19202047757e-05,0.654137259876
NZD_USD,H1,841000,3.19198004143e-05,0.654138823792
