USD_CAD,M15,563500,0.000311979233981,1.27771681318
USD_CAD,M15,564000,0.000116994551629,1.27034409471
USD_CAD,M15,564500,8.04311883317e-05,1.26680898083
USD_CAD,M15,565000,6.41541442774e-05,1.26450993089
USD_CAD,M15,565500,5.52360858787e-05,1.26284796161
USD_CAD,M15,566000,4.97412040704e-05,1.26158983222
USD_CAD,M15,566500,4.60320334509e-05,1.2606104581
USD_CAD,M15,567000,4.33460362103e-05,1.25983148844
USD_CAD,M15,567500,4.129536395e-05,1.25920014711
USD_CAD,M15,568000,3.96660256432e-05,1.25867958924
USD_CAD,M15,568500,3.83309419053e-05,1.25824357182
USD_CAD,M15,569000,3.72097226811e-05,1.25787314389
USD_CAD,M15,569500,3.62488214137e-05,1.25755445848
USD_CAD,M15,570000,3.5411099957e-05,1.25727728014
USD_CAD,M15,570500,3.46699899221e-05,1.25703395044
USD_CAD,M15,571000,3.40060278625e-05,1.25681866424
USD_CAD,M15,571500,3.340468717e-05,1.25662696018
USD_CAD,M15,572000,3.28549587483e-05,1.25645535994
USD_CAD,M15,572500,3.23483874732e-05,1.25630111155
USD_CAD,M15,573000,3.18783995239e-05,1.25616200555
USD_CAD,M15,573500,3.14398228684e-05,1.25603624247
USD_CAD,M15,574000,3.10285401334e-05,1.25592233669
USD_CAD,M15,574500,3.06412344063e-05,1.25581904597
USD_CAD,M15,575000,3.02752014385e-05,1.25572531942
USD_CAD,M15,575500,2.9928209901e-05,1.25564025859
USD_CAD,M15,576000,2.95983967437e-05,1.25556308813
USD_CAD,M15,576500,2.92841883752e-05,1.25549313334
USD_CAD,M15,577000,2.89842409427e-05,1.25542980283
USD_CAD,M15,577500,2.86973948046e-05,1.25537257483
USD_CAD,M15,578000,2.84226395933e-05,1.25532098644
USD_CAD,M15,578500,2.81590872144e-05,1.25527462492
USD_CAD,M15,579000,2.7905950816e-05,1.2552331206
USD_CAD,M15,579500,2.76625282719e-05,1.25519614109
USD_CAD,M15,580000,2.74281890938e-05,1.25516338641
USD_CAD,M15,580500,2.72023639606e-05,1.25513458495
USD_CAD,M15,581000,2.69845362619e-05,1.25510949004
USD_CAD,M15,581500,2.67742351973e-05,1.25508787702
USD_CAD,M15,582000,2.6571030089e-05,1.25506954072
USD_CAD,M15,582500,2.63745256475e-05,1.25505429331
USD_CAD,M15,583000,2.6184357993e-05,1.25504196242
USD_CAD,M15,583500,2.60001912793e-05,1.25503238949
USD_CAD,M15,584000,2.58217148049e-05,1.25502542837
USD_CAD,M15,584500,2.56486405212e-05,1.25502094403
USD_CAD,M15,585000,2.54807008659e-05,1.25501881147
USD_CAD,M15,585500,2.53176468672e-05,1.25501891478
USD_CAD,M15,586000,2.5159246475e-05,1.25502114622
USD_CAD,M15,586500,2.50052830833e-05,1.25502540548
USD_CAD,M15,587000,2.48555542152e-05,1.25503159902
USD_CAD,M15,587500,2.47098703491e-05,1.25503963943
USD_CAD,M15,588000,2.4568053865e-05,1.25504944492
USD_CAD,M15,588500,2.44299380961e-05,1.25506093881
USD_CAD,M15,589000,2.42953664737e-05,1.2550740491
USD_CAD,M15,589500,2.41641917522e-05,1.25508870809
USD_CAD,M15,590000,2.4036275306e-05,1.25510485205
USD_CAD,M15,590500,2.3911486491e-05,1.25512242083
USD_CAD,M15,591000,2.37897020615e-05,1.25514135767
USD_CAD,M15,591500,2.36708056393e-05,1.25516160886
USD_CAD,M15,592000,2.35546872274e-05,1.25518312357
USD_CAD,M15,592500,2.34412427649e-05,1.25520585359
USD_CAD,M15,593000,2.33303737191e-05,1.25522975317
USD_CAD,M15,593500,2.32219867107e-05,1.2552547788
USD_CAD,M15,594000,2.31159931692e-05,1.25528088912
USD_CAD,M15,594500,2.30123090161e-05,1.25530804471
USD_CAD,M15,595000,2.29108543725e-05,1.25533620799
USD_CAD,M15,595500,2.28115532893e-05,1.25536534309
USD_CAD,M15,596000,2.27143334988e-05,1.25539541571
USD_CAD,M15,596500,2.26191261841e-05,1.25542639309
USD_CAD,M15,597000,2.25258657665e-05,1.25545824383
USD_CAD,M15,597500,2.24344897079e-05,1.25549093785
USD_CAD,M15,598000,2.23449383287e-05,1.25552444632
USD_CAD,M15,598500,2.22571546373e-05,1.25555874154
USD_CAD,M15,599000,2.21710841732e-05,1.25559379692
USD_CAD,M15,599500,2.20866748605e-05,1.25562958689
USD_CAD,M15,600000,2.20038768714e-05,1.25566608685
USD_CAD,M15,600500,2.19226424998e-05,1.25570327311
USD_CAD,M15,601000,2.18429260428e-05,1.25574112284
USD_CAD,M15,601500,2.17646836908e-05,1.25577961404
USD_CAD,M15,602000,2.16878734245e-05,1.25581872546
USD_CAD,M15,602500,2.16124549189e-05,1.25585843662
USD_CAD,M15,603000,2.15383894538e-05,1.2558987277
USD_CAD,M15,603500,2.14656398294e-05,1.25593957956
USD_CAD,M15,604000,2.1394170288e-05,1.25598097369
USD_CAD,M15,604500,2.13239464404e-05,1.25602289217
USD_CAD,M15,605000,2.12549351968e-05,1.25606531764
USD_CAD,M15,605500,2.1187104702e-05,1.25610823331
USD_CAD,M15,606000,2.11204242749e-05,1.25615162289
USD_CAD,M15,606500,2.1054864351e-05,1.25619547059
USD_CAD,M15,607000,2.0990396429e-05,1.25623976109
USD_CAD,M15,607500,2.09269930206e-05,1.25628447952
USD_CAD,M15,608000,2.08646276021e-05,1.25632961146
USD_CAD,M15,608500,2.08032745707e-05,1.25637514288
USD_CAD,M15,609000,2.07429092015e-05,1.25642106018
USD_CAD,M15,609500,2.06835076083e-05,1.2564673501
USD_CAD,M15,610000,2.06250467055e-05,1.25651399979
USD_CAD,M15,610500,2.05675041731e-05,1.25656099673
USD_CAD,M15,611000,2.0510858423e-05,1.25660832874
USD_CAD,M15,611500,2.04550885674e-05,1.25665598398
USD_CAD,M15,612000,2.04001743885e-05,1.2567039509
USD_CAD,M15,612500,2.03460963109e-05,1.25675221829
USD_CAD,M15,613000,2.02928353738e-05,1.25680077519
USD_CAD,M15,613500,2.02403732063e-05,1.25684961096
USD_CAD,M15,614000,2.01886920027e-05,1.25689871522
USD_CAD,M15,614500,2.01377745001e-05,1.25694807783
USD_CAD,M15,615000,2.00876039561e-05,1.25699768896
USD_CAD,M15,615500,2.00381641288e-05,1.25704753896
USD_CAD,M15,616000,1.99894392566e-05,1.25709761848
USD_CAD,M15,616500,1.99414140397e-05,1.25714791835
USD_CAD,M15,617000,1.98940736227e-05,1.25719842966
USD_CAD,M15,617500,1.98474035773e-05,1.25724914371
USD_CAD,M15,618000,1.98013898862e-05,1.257300052
USD_CAD,M15,618500,1.9756018928e-05,1.25735114624
USD_CAD,M15,619000,1.97112774628e-05,1.25740241834
USD_CAD,M15,619500,1.96671526175e-05,1.2574538604
USD_CAD,M15,620000,1.96236318735e-05,1.25750546471
USD_CAD,M15,620500,1.9580703053e-05,1.25755722375
USD_CAD,M15,621000,1.95383543078e-05,1.25760913016
USD_CAD,M15,621500,1.94965741071e-05,1.25766117677
USD_CAD,M15,622000,1.94553512269e-05,1.25771335656
USD_CAD,M15,622500,1.94146747389e-05,1.25776566269
USD_CAD,M15,623000,1.93745340008e-05,1.25781808847
USD_CAD,M15,623500,1.93349186467e-05,1.25787062737
USD_CAD,M15,624000,1.92958185772e-05,1.25792327301
USD_CAD,M15,624500,1.92572239512e-05,1.25797601914
USD_CAD,M15,625000,1.92191251771e-05,1.25802885969
USD_CAD,M15,625500,1.91815129048e-05,1.25808178869
USD_CAD,M15,626000,1.91443780174e-05,1.25813480034
USD_CAD,M15,626500,1.91077116244e-05,1.25818788895
USD_CAD,M15,627000,1.9071505054e-05,1.25824104897
USD_CAD,M15,627500,1.90357498464e-05,1.25829427498
USD_CAD,M15,628000,1.90004377469e-05,1.25834756166
USD_CAD,M15,628500,1.89655607001e-05,1.25840090386
USD_CAD,M15,629000,1.89311108431e-05,1.25845429649
USD_CAD,M15,629500,1.88970804999e-05,1.25850773463
USD_CAD,M15,630000,1.8863462176e-05,1.25856121342
USD_CAD,M15,630500,1.88302485523e-05,1.25861472816
USD_CAD,M15,631000,1.87974324805e-05,1.25866827421
USD_CAD,M15,631500,1.87650069779e-05,1.25872184708
USD_CAD,M15,632000,1.8732965222e-05,1.25877544236
USD_CAD,M15,632500,1.87013005466e-05,1.25882905573
USD_CAD,M15,633000,1.86700064369e-05,1.258882683
USD_CAD,M15,633500,1.86390765249e-05,1.25893632003
USD_CAD,M15,634000,1.86085045858e-05,1.25898996283
USD_CAD,M15,634500,1.85782845334e-05,1.25904360746
USD_CAD,M15,635000,1.85484104165e-05,1.25909725009
USD_CAD,M15,635500,1.85188764152e-05,1.25915088697
USD_CAD,M15,636000,1.84896768368e-05,1.25920451443
USD_CAD,M15,636500,1.8460806113e-05,1.2592581289
USD_CAD,M15,637000,1.84322587957e-05,1.25931172688
USD_CAD,M15,637500,1.84040295546e-05,1.25936530497
USD_CAD,M15,638000,1.83761131731e-05,1.25941885982
USD_CAD,M15,638500,1.83485045462e-05,1.25947238819
USD_CAD,M15,639000,1.83211986766e-05,1.25952588688
USD_CAD,M15,639500,1.82941906727e-05,1.25957935279
USD_CAD,M15,640000,1.82674757451e-05,1.25963278288
USD_CAD,M15,640500,1.82410492044e-05,1.2596861742
USD_CAD,M15,641000,1.82149064585e-05,1.25973952385
USD_CAD,M15,641500,1.81890430099e-05,1.259792829
USD_CAD,M15,642000,1.81634544537e-05,1.2598460869
USD_CAD,M15,642500,1.81381364747e-05,1.25989929484
USD_CAD,M15,643000,1.81130848455e-05,1.25995245022
USD_CAD,M15,643500,1.80882954241e-05,1.26000555045
USD_CAD,M15,644000,1.80637641519e-05,1.26005859303
USD_CAD,M15,644500,1.80394870516e-05,1.26011157552
USD_CAD,M15,645000,1.80154602252e-05,1.26016449554
USD_CAD,M15,645500,1.79916798519e-05,1.26021735075
USD_CAD,M15,646000,1.79681421863e-05,1.26027013889
USD_CAD,M15,646500,1.79448435566e-05,1.26032285774
USD_CAD,M15,647000,1.79217803629e-05,1.26037550514
USD_CAD,M15,647500,1.78989490753e-05,1.26042807897
USD_CAD,M15,648000,1.78763462322e-05,1.2604805772
USD_CAD,M15,648500,1.78539684389e-05,1.26053299781
USD_CAD,M15,649000,1.78318123658e-05,1.26058533884
USD_CAD,M15,649500,1.7809874747e-05,1.2606375984
USD_CAD,M15,650000,1.77881523787e-05,1.26068977462
USD_CAD,M15,650500,1.77666421179e-05,1.26074186569
USD_CAD,M15,651000,1.77453408808e-05,1.26079386986
USD_CAD,M15,651500,1.77242456415e-05,1.2608457854
USD_CAD,M15,652000,1.77033534308e-05,1.26089761064
USD_CAD,M15,652500,1.76826613347e-05,1.26094934395
USD_CAD,M15,653000,1.76621664932e-05,1.26100098373
USD_CAD,M15,653500,1.76418660994e-05,1.26105252845
USD_CAD,M15,654000,1.76217573976e-05,1.26110397659
USD_CAD,M15,654500,1.76018376829e-05,1.2611553267
USD_CAD,M15,655000,1.75821042996e-05,1.26120657734
USD_CAD,M15,655500,1.75625546403e-05,1.26125772712
USD_CAD,M15,656000,1.75431861446e-05,1.2613087747
USD_CAD,M15,656500,1.75239962985e-05,1.26135971876
USD_CAD,M15,657000,1.7504982633e-05,1.26141055803
USD_CAD,M15,657500,1.7486142723e-05,1.26146129126
USD_CAD,M15,658000,1.74674741871e-05,1.26151191725
USD_CAD,M15,658500,1.74489746855e-05,1.26156243482
USD_CAD,M15,659000,1.74306419204e-05,1.26161284283
USD_CAD,M15,659500,1.74124736338e-05,1.26166314017
USD_CAD,M15,660000,1.73944676078e-05,1.26171332578
USD_CAD,M15,660500,1.73766216629e-05,1.2617633986
USD_CAD,M15,661000,1.73589336577e-05,1.26181335763
USD_CAD,M15,661500,1.73414014877e-05,1.26186320188
USD_CAD,M15,662000,1.73240230849e-05,1.2619129304
USD_CAD,M15,662500,1.73067964169e-05,1.26196254226
USD_CAD,M15,663000,1.7289719486e-05,1.26201203656
USD_CAD,M15,663500,1.72727903287e-05,1.26206141245
USD_CAD,M15,664000,1.72560070148e-05,1.26211066907
USD_CAD,M15,664500,1.72393676468e-05,1.26215980562
USD_CAD,M15,665000,1.72228703594e-05,1.2622088213
USD_CAD,M15,665500,1.72065133185e-05,1.26225771536
USD_CAD,M15,666000,1.71902947209e-05,1.26230648705
USD_CAD,M15,666500,1.71742127932e-05,1.26235513567
USD_CAD,M15,667000,1.7158265792e-05,1.26240366051
USD_CAD,M15,667500,1.71424520023e-05,1.26245206093
USD_CAD,M15,668000,1.71267697378e-05,1.26250033627
USD_CAD,M15,668500,1.71112173398e-05,1.26254848592
USD_CAD,M15,669000,1.70957931767e-05,1.26259650928
USD_CAD,M15,669500,1.70804956438e-05,1.26264440578
USD_CAD,M15,670000,1.70653231624e-05,1.26269217485
USD_CAD,M15,670500,1.70502741795e-05,1.26273981598
USD_CAD,M15,671000,1.70353471671e-05,1.26278732863
USD_CAD,M15,671500,1.70205406218e-05,1.26283471233
USD_CAD,M15,672000,1.70058530646e-05,1.2628819666
USD_CAD,M15,672500,1.69912830399e-05,1.26292909098
USD_CAD,M15,673000,1.69768291154e-05,1.26297608504
USD_CAD,M15,673500,1.69624898817e-05,1.26302294837
USD_CAD,M15,674000,1.69482639515e-05,1.26306968056
USD_CAD,M15,674500,1.69341499595e-05,1.26311628123
USD_CAD,M15,675000,1.6920146562e-05,1.26316275002
USD_CAD,M15,675500,1.69062524361e-05,1.26320908659
USD_CAD,M15,676000,1.68924662799e-05,1.2632552906
USD_CAD,M15,676500,1.68787868114e-05,1.26330136174
USD_CAD,M15,677000,1.68652127688e-05,1.26334729972
USD_CAD,M15,677500,1.68517429097e-05,1.26339310424
USD_CAD,M15,678000,1.68383760108e-05,1.26343877505
USD_CAD,M15,678500,1.68251108677e-05,1.2634843119
USD_CAD,M15,679000,1.68119462944e-05,1.26352971454
USD_CAD,M15,679500,1.6798881123e-05,1.26357498275
USD_CAD,M15,680000,1.67859142034e-05,1.26362011633
USD_CAD,M15,680500,1.67730444028e-05,1.26366511509
USD_CAD,M15,681000,1.67602706057e-05,1.26370997883
USD_CAD,M15,681500,1.67475917132e-05,1.26375470739
USD_CAD,M15,682000,1.67350066432e-05,1.26379930062
USD_CAD,M15,682500,1.67225143294e-05,1.26384375838
USD_CAD,M15,683000,1.67101137217e-05,1.26388808053
USD_CAD,M15,683500,1.66978037855e-05,1.26393226696
USD_CAD,M15,684000,1.66855835016e-05,1.26397631757
USD_CAD,M15,684500,1.66734518657e-05,1.26402023225
USD_CAD,M15,685000,1.66614078884e-05,1.26406401093
USD_CAD,M15,685500,1.66494505947e-05,1.26410765353
USD_CAD,M15,686000,1.66375790242e-05,1.26415115999
USD_CAD,M15,686500,1.662579223e-05,1.26419453027
USD_CAD,M15,687000,1.66140892793e-05,1.26423776433
USD_CAD,M15,687500,1.66024692527e-05,1.26428086213
USD_CAD,M15,688000,1.65909312442e-05,1.26432382366
USD_CAD,M15,688500,1.65794743606e-05,1.2643666489
USD_CAD,M15,689000,1.65680977217e-05,1.26440933786
USD_CAD,M15,689500,1.65568004598e-05,1.26445189055
USD_CAD,M15,690000,1.65455817196e-05,1.26449430699
USD_CAD,M15,690500,1.6534440658e-05,1.2645365872
USD_CAD,M15,691000,1.65233764438e-05,1.26457873122
USD_CAD,M15,691500,1.65123882575e-05,1.2646207391
USD_CAD,M15,692000,1.65014752912e-05,1.26466261089
USD_CAD,M15,692500,1.64906367483e-05,1.26470434666
USD_CAD,M15,693000,1.64798718433e-05,1.26474594646
USD_CAD,M15,693500,1.64691798017e-05,1.26478741039
USD_CAD,M15,694000,1.64585598599e-05,1.26482873853
USD_CAD,M15,694500,1.64480112646e-05,1.26486993096
USD_CAD,M15,695000,1.64375332731e-05,1.2649109878
USD_CAD,M15,695500,1.64271251529e-05,1.26495190914
USD_CAD,M15,696000,1.64167861815e-05,1.26499269511
USD_CAD,M15,696500,1.64065156463e-05,1.26503334582
USD_CAD,M15,697000,1.63963128446e-05,1.2650738614
USD_CAD,M15,697500,1.63861770829e-05,1.265114242
USD_CAD,M15,698000,1.63761076774e-05,1.26515448774
USD_CAD,M15,698500,1.63661039535e-05,1.26519459879
USD_CAD,M15,699000,1.63561652456e-05,1.26523457528
USD_CAD,M15,699500,1.63462908971e-05,1.26527441739
USD_CAD,M15,700000,1.63364802601e-05,1.26531412528
USD_CAD,M15,700500,1.63267326956e-05,1.26535369911
USD_CAD,M15,701000,1.63170475728e-05,1.26539313908
USD_CAD,M15,701500,1.63074242695e-05,1.26543244535
USD_CAD,M15,702000,1.62978621715e-05,1.26547161812
USD_CAD,M15,702500,1.62883606731e-05,1.26551065758
USD_CAD,M15,703000,1.62789191761e-05,1.26554956393
USD_CAD,M15,703500,1.62695370904e-05,1.26558833737
USD_CAD,M15,704000,1.62602138337e-05,1.26562697811
USD_CAD,M15,704500,1.62509488311e-05,1.26566548637
USD_CAD,M15,705000,1.62417415152e-05,1.26570386236
USD_CAD,M15,705500,1.62325913261e-05,1.2657421063
USD_CAD,M15,706000,1.62234977109e-05,1.26578021841
USD_CAD,M15,706500,1.62144601241e-05,1.26581819894
USD_CAD,M15,707000,1.62054780269e-05,1.26585604811
USD_CAD,M15,707500,1.61965508877e-05,1.26589376617
USD_CAD,M15,708000,1.61876781815e-05,1.26593135335
USD_CAD,M15,708500,1.617885939e-05,1.26596880991
USD_CAD,M15,709000,1.61700940015e-05,1.26600613609
USD_CAD,M15,709500,1.61613815108e-05,1.26604333215
USD_CAD,M15,710000,1.61527214191e-05,1.26608039834
USD_CAD,M15,710500,1.61441132338e-05,1.26611733493
USD_CAD,M15,711000,1.61355564686e-05,1.26615414219
USD_CAD,M15,711500,1.61270506431e-05,1.26619082037
USD_CAD,M15,712000,1.6118595283e-05,1.26622736976
USD_CAD,M15,712500,1.61101899199e-05,1.26626379062
USD_CAD,M15,713000,1.61018340913e-05,1.26630008323
USD_CAD,M15,713500,1.60935273402e-05,1.26633624788
USD_CAD,M15,714000,1.60852692155e-05,1.26637228485
USD_CAD,M15,714500,1.60770592714e-05,1.26640819442
USD_CAD,M15,715000,1.60688970676e-05,1.26644397688
USD_CAD,M15,715500,1.60607821694e-05,1.26647963253
USD_CAD,M15,716000,1.60527141472e-05,1.26651516166
USD_CAD,M15,716500,1.60446925767e-05,1.26655056456
USD_CAD,M15,717000,1.60367170387e-05,1.26658584153
USD_CAD,M15,717500,1.60287871192e-05,1.26662099288
USD_CAD,M15,718000,1.60209024088e-05,1.26665601891
USD_CAD,M15,718500,1.60130625036e-05,1.26669091993
USD_CAD,M15,719000,1.60052670041e-05,1.26672569624
USD_CAD,M15,719500,1.59975155158e-05,1.26676034816
USD_CAD,M15,720000,1.59898076487e-05,1.26679487599
USD_CAD,M15,720500,1.59821430177e-05,1.26682928005
USD_CAD,M15,721000,1.59745212421e-05,1.26686356066
USD_CAD,M15,721500,1.59669419456e-05,1.26689771814
USD_CAD,M15,722000,1.59594047567e-05,1.2669317528
USD_CAD,M15,722500,1.59519093078e-05,1.26696566497
USD_CAD,M15,723000,1.5944455236e-05,1.26699945497
USD_CAD,M15,723500,1.59370421824e-05,1.26703312313
USD_CAD,M15,724000,1.59296697924e-05,1.26706666977
USD_CAD,M15,724500,1.59223377155e-05,1.26710009522
USD_CAD,M15,725000,1.59150456053e-05,1.26713339981
USD_CAD,M15,725500,1.59077931194e-05,1.26716658387
USD_CAD,M15,726000,1.59005799192e-05,1.26719964773
USD_CAD,M15,726500,1.58934056702e-05,1.26723259173
USD_CAD,M15,727000,1.58862700417e-05,1.2672654162
USD_CAD,M15,727500,1.58791727066e-05,1.26729812147
USD_CAD,M15,728000,1.58721133418e-05,1.26733070789
USD_CAD,M15,728500,1.58650916278e-05,1.2673631758
USD_CAD,M15,729000,1.58581072485e-05,1.26739552553
USD_CAD,M15,729500,1.58511598917e-05,1.26742775741
USD_CAD,M15,730000,1.58442492486e-05,1.26745987181
USD_CAD,M15,730500,1.58373750138e-05,1.26749186905
USD_CAD,M15,731000,1.58305368854e-05,1.26752374947
USD_CAD,M15,731500,1.58237345649e-05,1.26755551344
USD_CAD,M15,732000,1.58169677572e-05,1.26758716128
USD_CAD,M15,732500,1.58102361703e-05,1.26761869334
USD_CAD,M15,733000,1.58035395155e-05,1.26765010998
USD_CAD,M15,733500,1.57968775075e-05,1.26768141153
USD_CAD,M15,734000,1.5790249864e-05,1.26771259835
USD_CAD,M15,734500,1.57836563057e-05,1.26774367078
USD_CAD,M15,735000,1.57770965567e-05,1.26777462917
USD_CAD,M15,735500,1.57705703437e-05,1.26780547388
USD_CAD,M15,736000,1.57640773968e-05,1.26783620525
USD_CAD,M15,736500,1.57576174488e-05,1.26786682363
USD_CAD,M15,737000,1.57511902355e-05,1.26789732937
USD_CAD,M15,737500,1.57447954955e-05,1.26792772283
USD_CAD,M15,738000,1.57384329703e-05,1.26795800435
USD_CAD,M15,738500,1.57321024043e-05,1.2679881743
USD_CAD,M15,739000,1.57258035444e-05,1.26801823301
USD_CAD,M15,739500,1.57195361404e-05,1.26804818085
USD_CAD,M15,740000,1.57132999447e-05,1.26807801816
USD_CAD,M15,740500,1.57070947125e-05,1.26810774531
USD_CAD,M15,741000,1.57009202014e-05,1.26813736264
USD_CAD,M15,741500,1.56947761718e-05,1.2681668705
USD_CAD,M15,742000,1.56886623864e-05,1.26819626926
USD_CAD,M15,742500,1.56825786107e-05,1.26822555926
USD_CAD,M15,743000,1.56765246124e-05,1.26825474086
USD_CAD,M15,743500,1.56705001618e-05,1.26828381441
USD_CAD,M15,744000,1.56645050317e-05,1.26831278026
USD_CAD,M15,744500,1.56585389971e-05,1.26834163878
USD_CAD,M15,745000,1.56526018355e-05,1.26837039031
USD_CAD,M15,745500,1.56466933265e-05,1.26839903521
USD_CAD,M15,746000,1.56408132524e-05,1.26842757384
USD_CAD,M15,746500,1.56349613973e-05,1.26845600654
USD_CAD,M15,747000,1.56291375479e-05,1.26848433367
USD_CAD,M15,747500,1.56233414929e-05,1.26851255559
USD_CAD,M15,748000,1.56175730233e-05,1.26854067264
USD_CAD,M15,748500,1.56118319321e-05,1.26856868518
USD_CAD,M15,749000,1.56061180147e-05,1.26859659357
USD_CAD,M15,749500,1.56004310682e-05,1.26862439816
USD_CAD,M15,750000,1.55947708922e-05,1.26865209929
USD_CAD,M15,750500,1.5589137288e-05,1.26867969733
USD_CAD,M15,751000,1.55835300591e-05,1.26870719263
USD_CAD,M15,751500,1.5577949011e-05,1.26873458553
USD_CAD,M15,752000,1.55723939511e-05,1.26876187639
USD_CAD,M15,752500,1.55668646888e-05,1.26878906556
USD_CAD,M15,753000,1.55613610353e-05,1.2688161534
USD_CAD,M15,753500,1.55558828038e-05,1.26884314024
USD_CAD,M15,754000,1.55504298095e-05,1.26887002645
USD_CAD,M15,754500,1.55450018692e-05,1.26889681238
USD_CAD,M15,755000,1.55395988017e-05,1.26892349836
USD_CAD,M15,755500,1.55342204275e-05,1.26895008476
USD_CAD,M15,756000,1.55288665689e-05,1.26897657192
USD_CAD,M15,756500,1.55235370501e-05,1.26900296018
USD_CAD,M15,757000,1.55182316969e-05,1.26902924991
USD_CAD,M15,757500,1.55129503369e-05,1.26905544144
USD_CAD,M15,758000,1.55076927992e-05,1.26908153512
USD_CAD,M15,758500,1.55024589149e-05,1.26910753129
USD_CAD,M15,759000,1.54972485165e-05,1.26913343032
USD_CAD,M15,759500,1.54920614382e-05,1.26915923253
USD_CAD,M15,760000,1.5486897516e-05,1.26918493827
USD_CAD,M15,760500,1.54817565872e-05,1.2692105479
USD_CAD,M15,761000,1.54766384908e-05,1.26923606175
USD_CAD,M15,761500,1.54715430675e-05,1.26926148016
USD_CAD,M15,762000,1.54664701594e-05,1.26928680348
USD_CAD,M15,762500,1.54614196102e-05,1.26931203206
USD_CAD,M15,763000,1.54563912649e-05,1.26933716622
USD_CAD,M15,763500,1.54513849703e-05,1.26936220632
USD_CAD,M15,764000,1.54464005744e-05,1.26938715269
USD_CAD,M15,764500,1.54414379268e-05,1.26941200568
USD_CAD,M15,765000,1.54364968786e-05,1.26943676561
USD_CAD,M15,765500,1.54315772821e-05,1.26946143284
USD_CAD,M15,766000,1.54266789912e-05,1.26948600769
USD_CAD,M15,766500,1.54218018611e-05,1.26951049051
USD_CAD,M15,767000,1.54169457484e-05,1.26953488163
USD_CAD,M15,767500,1.54121105109e-05,1.26955918139
USD_CAD,M15,768000,1.54072960081e-05,1.26958339012
USD_CAD,M15,768500,1.54025021004e-05,1.26960750816
USD_CAD,M15,769000,1.53977286498e-05,1.26963153583
USD_CAD,M15,769500,1.53929755195e-05,1.26965547348
USD_CAD,M15,770000,1.5388242574e-05,1.26967932143
USD_CAD,M15,770500,1.5383529679e-05,1.26970308001
USD_CAD,M15,771000,1.53788367014e-05,1.26972674956
USD_CAD,M15,771500,1.53741635096e-05,1.26975033041
USD_CAD,M15,772000,1.53695099728e-05,1.26977382288
USD_CAD,M15,772500,1.53648759619e-05,1.2697972273
USD_CAD,M15,773000,1.53602613487e-05,1.26982054401
USD_CAD,M15,773500,1.5355666006e-05,1.26984377332
USD_CAD,M15,774000,1.53510898082e-05,1.26986691556
USD_CAD,M15,774500,1.53465326306e-05,1.26988997107
USD_CAD,M15,775000,1.53419943496e-05,1.26991294015
USD_CAD,M15,775500,1.53374748429e-05,1.26993582314
USD_CAD,M15,776000,1.53329739891e-05,1.26995862036
USD_CAD,M15,776500,1.53284916682e-05,1.26998133213
USD_CAD,M15,777000,1.53240277609e-05,1.27000395877
USD_CAD,M15,777500,1.53195821493e-05,1.2700265006
USD_CAD,M15,778000,1.53151547164e-05,1.27004895795
USD_CAD,M15,778500,1.53107453463e-05,1.27007133112
USD_CAD,M15,779000,1.53063539242e-05,1.27009362044
USD_CAD,M15,779500,1.53019803362e-05,1.27011582623
USD_CAD,M15,780000,1.52976244696e-05,1.27013794879
USD_CAD,M15,780500,1.52932862125e-05,1.27015998845
USD_CAD,M15,781000,1.52889654541e-05,1.27018194552
USD_CAD,M15,781500,1.52846620847e-05,1.27020382031
USD_CAD,M15,782000,1.52803759953e-05,1.27022561314
USD_CAD,M15,782500,1.5276107078e-05,1.27024732432
USD_CAD,M15,783000,1.52718552261e-05,1.27026895415
USD_CAD,M15,783500,1.52676203334e-05,1.27029050295
USD_CAD,M15,784000,1.52634022949e-05,1.27031197103
USD_CAD,M15,784500,1.52592010065e-05,1.2703333587
USD_CAD,M15,785000,1.5255016365e-05,1.27035466626
USD_CAD,M15,785500,1.5250848268e-05,1.27037589401
USD_CAD,M15,786000,1.52466966141e-05,1.27039704227
USD_CAD,M15,786500,1.52425613028e-05,1.27041811134
USD_CAD,M15,787000,1.52384422345e-05,1.27043910153
USD_CAD,M15,787500,1.52343393102e-05,1.27046001312
USD_CAD,M15,788000,1.52302524322e-05,1.27048084644
USD_CAD,M15,788500,1.52261815032e-05,1.27050160178
USD_CAD,M15,789000,1.5222126427e-05,1.27052227943
USD_CAD,M15,789500,1.52180871082e-05,1.2705428797
USD_CAD,M15,790000,1.52140634521e-05,1.27056340289
USD_CAD,M15,790500,1.5210055365e-05,1.27058384929
USD_CAD,M15,791000,1.52060627539e-05,1.2706042192
USD_CAD,M15,791500,1.52020855264e-05,1.27062451292
USD_CAD,M15,792000,1.51981235913e-05,1.27064473074
USD_CAD,M15,792500,1.51941768578e-05,1.27066487295
USD_CAD,M15,793000,1.51902452361e-05,1.27068493984
USD_CAD,M15,793500,1.5186328637e-05,1.27070493172
USD_CAD,M15,794000,1.51824269722e-05,1.27072484887
USD_CAD,M15,794500,1.5178540154e-05,1.27074469157
USD_CAD,M15,795000,1.51746680956e-05,1.27076446012
USD_CAD,M15,795500,1.51708107108e-05,1.27078415481
USD_CAD,M15,796000,1.51669679142e-05,1.27080377593
USD_CAD,M15,796500,1.5163139621e-05,1.27082332375
USD_CAD,M15,797000,1.51593257472e-05,1.27084279857
USD_CAD,M15,797500,1.51555262095e-05,1.27086220067
USD_CAD,M15,798000,1.51517409253e-05,1.27088153033
USD_CAD,M15,798500,1.51479698126e-05,1.27090078784
USD_CAD,M15,799000,1.51442127902e-05,1.27091997347
USD_CAD,M15,799500,1.51404697774e-05,1.27093908751
USD_CAD,M15,800000,1.51367406944e-05,1.27095813025
USD_CAD,M15,800500,1.51330254618e-05,1.27097710194
USD_CAD,M15,801000,1.51293240011e-05,1.27099600289
USD_CAD,M15,801500,1.51256362342e-05,1.27101483335
USD_CAD,M15,802000,1.51219620838e-05,1.27103359361
USD_CAD,M15,802500,1.51183014732e-05,1.27105228395
USD_CAD,M15,803000,1.51146543264e-05,1.27107090463
USD_CAD,M15,803500,1.51110205677e-05,1.27108945593
USD_CAD,M15,804000,1.51074001225e-05,1.27110793812
USD_CAD,M15,804500,1.51037929163e-05,1.27112635148
USD_CAD,M15,805000,1.51001988757e-05,1.27114469627
USD_CAD,M15,805500,1.50966179274e-05,1.27116297276
USD_CAD,M15,806000,1.50930499991e-05,1.27118118123
USD_CAD,M15,806500,1.50894950187e-05,1.27119932194
USD_CAD,M15,807000,1.50859529151e-05,1.27121739515
USD_CAD,M15,807500,1.50824236175e-05,1.27123540114
USD_CAD,M15,808000,1.50789070556e-05,1.27125334016
USD_CAD,M15,808500,1.50754031599e-05,1.27127121248
USD_CAD,M15,809000,1.50719118612e-05,1.27128901837
USD_CAD,M15,809500,1.50684330911e-05,1.27130675808
USD_CAD,M15,810000,1.50649667815e-05,1.27132443188
USD_CAD,M15,810500,1.50615128651e-05,1.27134204002
USD_CAD,M15,811000,1.50580712748e-05,1.27135958277
USD_CAD,M15,811500,1.50546419443e-05,1.27137706039
USD_CAD,M15,812000,1.50512248077e-05,1.27139447313
USD_CAD,M15,812500,1.50478197997e-05,1.27141182124
USD_CAD,M15,813000,1.50444268554e-05,1.271429105
USD_CAD,M15,813500,1.50410459104e-05,1.27144632463
USD_CAD,M15,814000,1.5037676901e-05,1.27146348042
USD_CAD,M15,814500,1.50343197637e-05,1.27148057259
USD_CAD,M15,815000,1.50309744358e-05,1.27149760142
USD_CAD,M15,815500,1.50276408548e-05,1.27151456714
USD_CAD,M15,816000,1.50243189589e-05,1.27153147001
USD_CAD,M15,816500,1.50210086866e-05,1.27154831027
USD_CAD,M15,817000,1.5017709977e-05,1.27156508818
USD_CAD,M15,817500,1.50144227696e-05,1.27158180399
USD_CAD,M15,818000,1.50111470044e-05,1.27159845793
USD_CAD,M15,818500,1.50078826219e-05,1.27161505026
USD_CAD,M15,819000,1.50046295629e-05,1.27163158121
USD_CAD,M15,819500,1.50013877689e-05,1.27164805104
USD_CAD,M15,820000,1.49981571815e-05,1.27166445998
USD_CAD,M15,820500,1.49949377431e-05,1.27168080828
USD_CAD,M15,821000,1.49917293962e-05,1.27169709618
USD_CAD,M15,821500,1.49885320841e-05,1.27171332392
USD_CAD,M15,822000,1.49853457502e-05,1.27172949173
USD_CAD,M15,822500,1.49821703384e-05,1.27174559986
USD_CAD,M15,823000,1.49790057932e-05,1.27176164854
USD_CAD,M15,823500,1.49758520594e-05,1.27177763802
USD_CAD,M15,824000,1.49727090821e-05,1.27179356851
USD_CAD,M15,824500,1.4969576807e-05,1.27180944027
USD_CAD,M15,825000,1.496645518e-05,1.27182525352
USD_CAD,M15,825500,1.49633441476e-05,1.27184100849
USD_CAD,M15,826000,1.49602436565e-05,1.27185670543
USD_CAD,M15,826500,1.49571536541e-05,1.27187234455
USD_CAD,M15,827000,1.49540740879e-05,1.27188792609
USD_CAD,M15,827500,1.49510049058e-05,1.27190345028
USD_CAD,M15,828000,1.49479460562e-05,1.27191891735
USD_CAD,M15,828500,1.49448974879e-05,1.27193432753
USD_CAD,M15,829000,1.49418591499e-05,1.27194968103
USD_CAD,M15,829500,1.49388309918e-05,1.2719649781
USD_CAD,M15,830000,1.49358129634e-05,1.27198021894
USD_CAD,M15,830500,1.49328050149e-05,1.2719954038
USD_CAD,M15,831000,1.49298070969e-05,1.27201053288
USD_CAD,M15,831500,1.49268191602e-05,1.27202560641
USD_CAD,M15,832000,1.49238411563e-05,1.27204062463
USD_CAD,M15,832500,1.49208730367e-05,1.27205558773
USD_CAD,M15,833000,1.49179147535e-05,1.27207049595
USD_CAD,M15,833500,1.49149662589e-05,1.2720853495
USD_CAD,M15,834000,1.49120275056e-05,1.27210014861
USD_CAD,M15,834500,1.49090984466e-05,1.27211489348
USD_CAD,M15,835000,1.49061790353e-05,1.27212958434
USD_CAD,M15,835500,1.49032692253e-05,1.2721442214
USD_CAD,M15,836000,1.49003689707e-05,1.27215880488
USD_CAD,M15,836500,1.48974782257e-05,1.27217333499
USD_CAD,M15,837000,1.4894596945e-05,1.27218781194
USD_CAD,M15,837500,1.48917250837e-05,1.27220223594
USD_CAD,M15,838000,1.48888625969e-05,1.27221660721
USD_CAD,M15,838500,1.48860094403e-05,1.27223092596
USD_CAD,M15,839000,1.48831655698e-05,1.2722451924
USD_CAD,M15,839500,1.48803309416e-05,1.27225940673
USD_CAD,M15,840000,1.48775055122e-05,1.27227356916
USD_CAD,M15,840500,1.48746892385e-05,1.27228767991
USD_CAD,M15,841000,1.48718820776e-05,1.27230173917
USD_CAD,M15,841500,1.48690839869e-05,1.27231574715
USD_CAD,M15,842000,1.48662949242e-05,1.27232970407
USD_CAD,M15,842500,1.48635148474e-05,1.27234361011
USD_CAD,M15,843000,1.48607437148e-05,1.27235746549
USD_CAD,M15,843500,1.48579814851e-05,1.27237127041
USD_CAD,M15,844000,1.48552281171e-05,1.27238502506
USD_CAD,M15,844500,1.48524835699e-05,1.27239872966
USD_CAD,M15,845000,1.48497478031e-05,1.2724123844
USD_CAD,M15,845500,1.48470207762e-05,1.27242598947
USD_CAD,M15,846000,1.48443024494e-05,1.27243954508
USD_CAD,M15,846500,1.48415927827e-05,1.27245305143
USD_CAD,M15,847000,1.48388917369e-05,1.2724665087
USD_CAD,M15,847500,1.48361992726e-05,1.27247991711
USD_CAD,M15,848000,1.48335153509e-05,1.27249327683
USD_CAD,M15,848500,1.48308399331e-05,1.27250658808
USD_CAD,M15,849000,1.48281729808e-05,1.27251985103
USD_CAD,M15,849500,1.48255144559e-05,1.27253306589
USD_CAD,M15,850000,1.48228643203e-05,1.27254623284
USD_CAD,M15,850500,1.48202225366e-05,1.27255935208
USD_CAD,M15,851000,1.48175890672e-05,1.2725724238
USD_CAD,M15,851500,1.48149638749e-05,1.27258544818
USD_CAD,M15,852000,1.4812346923e-05,1.27259842542
USD_CAD,M15,852500,1.48097381747e-05,1.27261135571
USD_CAD,M15,853000,1.48071375936e-05,1.27262423922
USD_CAD,M15,853500,1.48045451434e-05,1.27263707616
USD_CAD,M15,854000,1.48019607884e-05,1.2726498667
USD_CAD,M15,854500,1.47993844926e-05,1.27266261102
USD_CAD,M15,855000,1.47968162207e-05,1.27267530932
USD_CAD,M15,855500,1.47942559375e-05,1.27268796178
USD_CAD,M15,856000,1.47917036078e-05,1.27270056858
USD_CAD,M15,856500,1.47891591969e-05,1.2727131299
USD_CAD,M15,857000,1.47866226703e-05,1.27272564593
USD_CAD,M15,857500,1.47840939935e-05,1.27273811684
USD_CAD,M15,858000,1.47815731325e-05,1.27275054281
USD_CAD,M15,858500,1.47790600534e-05,1.27276292403
USD_CAD,M15,859000,1.47765547225e-05,1.27277526067
USD_CAD,M15,859500,1.47740571064e-05,1.27278755291
USD_CAD,M15,860000,1.47715671717e-05,1.27279980093
USD_CAD,M15,860500,1.47690848854e-05,1.2728120049
USD_CAD,M15,861000,1.47666102148e-05,1.27282416499
USD_CAD,M15,861500,1.47641431271e-05,1.2728362814
USD_CAD,M15,862000,1.47616835901e-05,1.27284835428
USD_CAD,M15,862500,1.47592315714e-05,1.27286038381
USD_CAD,M15,863000,1.4756787039e-05,1.27287237016
USD_CAD,M15,863500,1.47543499613e-05,1.27288431351
USD_CAD,M15,864000,1.47519203065e-05,1.27289621403
USD_CAD,M15,864500,1.47494980433e-05,1.27290807189
USD_CAD,M15,865000,1.47470831404e-05,1.27291988725
USD_CAD,M15,865500,1.47446755669e-05,1.27293166029
USD_CAD,M15,866000,1.47422752919e-05,1.27294339118
USD_CAD,M15,866500,1.47398822848e-05,1.27295508007
USD_CAD,M15,867000,1.47374965152e-05,1.27296672715
USD_CAD,M15,867500,1.47351179528e-05,1.27297833258
USD_CAD,M15,868000,1.47327465676e-05,1.27298989651
USD_CAD,M15,868500,1.47303823297e-05,1.27300141913
USD_CAD,M15,869000,1.47280252094e-05,1.27301290058
USD_CAD,M15,869500,1.47256751772e-05,1.27302434104
USD_CAD,M15,870000,1.47233322037e-05,1.27303574067
USD_CAD,M15,870500,1.47209962599e-05,1.27304709962
USD_CAD,M15,871000,1.47186673167e-05,1.27305841807
USD_CAD,M15,871500,1.47163453454e-05,1.27306969618
USD_CAD,M15,872000,1.47140303173e-05,1.27308093409
USD_CAD,M15,872500,1.4711722204e-05,1.27309213198
USD_CAD,M15,873000,1.47094209773e-05,1.27310329
USD_CAD,M15,873500,1.47071266089e-05,1.27311440831
USD_CAD,M15,874000,1.47048390711e-05,1.27312548707
USD_CAD,M15,874500,1.4702558336e-05,1.27313652643
USD_CAD,M15,875000,1.4700284376e-05,1.27314752655
USD_CAD,M15,875500,1.46980171637e-05,1.27315848759
USD_CAD,M15,876000,1.46957566719e-05,1.2731694097
USD_CAD,M15,876500,1.46935028734e-05,1.27318029304
USD_CAD,M15,877000,1.46912557413e-05,1.27319113775
USD_CAD,M15,877500,1.46890152487e-05,1.273201944
USD_CAD,M15,878000,1.46867813692e-05,1.27321271193
USD_CAD,M15,878500,1.46845540761e-05,1.2732234417
USD_CAD,M15,879000,1.46823333432e-05,1.27323413346
USD_CAD,M15,879500,1.46801191444e-05,1.27324478736
USD_CAD,M15,880000,1.46779114536e-05,1.27325540354
USD_CAD,M15,880500,1.4675710245e-05,1.27326598216
USD_CAD,M15,881000,1.46735154928e-05,1.27327652337
USD_CAD,M15,881500,1.46713271716e-05,1.27328702732
USD_CAD,M15,882000,1.46691452559e-05,1.27329749414
USD_CAD,M15,882500,1.46669697204e-05,1.273307924
USD_CAD,M15,883000,1.46648005401e-05,1.27331831702
USD_CAD,M15,883500,1.46626376901e-05,1.27332867337
USD_CAD,M15,884000,1.46604811454e-05,1.27333899319
USD_CAD,M15,884500,1.46583308814e-05,1.27334927661
USD_CAD,M15,885000,1.46561868735e-05,1.27335952378
USD_CAD,M15,885500,1.46540490975e-05,1.27336973486
USD_CAD,M15,886000,1.46519175289e-05,1.27337990997
USD_CAD,M15,886500,1.46497921438e-05,1.27339004926
USD_CAD,M15,887000,1.46476729181e-05,1.27340015288
USD_CAD,M15,887500,1.46455598279e-05,1.27341022095
USD_CAD,M15,888000,1.46434528497e-05,1.27342025363
USD_CAD,M15,888500,1.46413519597e-05,1.27343025106
USD_CAD,M15,889000,1.46392571346e-05,1.27344021336
USD_CAD,M15,889500,1.46371683511e-05,1.27345014069
USD_CAD,M15,890000,1.46350855859e-05,1.27346003317
USD_CAD,M15,890500,1.46330088161e-05,1.27346989095
USD_CAD,M15,891000,1.46309380186e-05,1.27347971415
USD_CAD,M15,891500,1.46288731708e-05,1.27348950293
USD_CAD,M15,892000,1.462681425e-05,1.27349925741
USD_CAD,M15,892500,1.46247612335e-05,1.27350897773
USD_CAD,M15,893000,1.46227140991e-05,1.27351866402
USD_CAD,M15,893500,1.46206728244e-05,1.27352831642
USD_CAD,M15,894000,1.46186373872e-05,1.27353793505
USD_CAD,M15,894500,1.46166077656e-05,1.27354752006
USD_CAD,M15,895000,1.46145839375e-05,1.27355707157
USD_CAD,M15,895500,1.46125658812e-05,1.27356658972
USD_CAD,M15,896000,1.46105535751e-05,1.27357607463
USD_CAD,M15,896500,1.46085469975e-05,1.27358552645
USD_CAD,M15,897000,1.46065461269e-05,1.27359494528
USD_CAD,M15,897500,1.46045509422e-05,1.27360433128
USD_CAD,M15,898000,1.4602561422e-05,1.27361368456
USD_CAD,M15,898500,1.46005775452e-05,1.27362300525
USD_CAD,M15,899000,1.45985992909e-05,1.27363229349
USD_CAD,M15,899500,1.45966266382e-05,1.27364154939
USD_CAD,M15,900000,1.45946595664e-05,1.27365077309
USD_CAD,M15,900500,1.45926980548e-05,1.27365996471
USD_CAD,M15,901000,1.45907420828e-05,1.27366912437
USD_CAD,M15,901500,1.458879163e-05,1.27367825221
USD_CAD,M15,902000,1.45868466761e-05,1.27368734834
USD_CAD,M15,902500,1.4584907201e-05,1.27369641289
USD_CAD,M15,903000,1.45829731844e-05,1.27370544599
USD_CAD,M15,903500,1.45810446065e-05,1.27371444775
USD_CAD,M15,904000,1.45791214472e-05,1.2737234183
USD_CAD,M15,904500,1.45772036869e-05,1.27373235776
USD_CAD,M15,905000,1.45752913058e-05,1.27374126626
USD_CAD,M15,905500,1.45733842844e-05,1.2737501439
USD_CAD,M15,906000,1.45714826032e-05,1.27375899082
USD_CAD,M15,906500,1.45695862428e-05,1.27376780714
USD_CAD,M15,907000,1.45676951839e-05,1.27377659296
USD_CAD,M15,907500,1.45658094074e-05,1.27378534842
USD_CAD,M15,908000,1.45639288943e-05,1.27379407362
USD_CAD,M15,908500,1.45620536254e-05,1.27380276869
USD_CAD,M15,909000,1.45601835821e-05,1.27381143375
USD_CAD,M15,909500,1.45583187454e-05,1.27382006891
USD_CAD,M15,910000,1.45564590967e-05,1.27382867429
USD_CAD,M15,910500,1.45546046174e-05,1.27383725
USD_CAD,M15,911000,1.4552755289e-05,1.27384579616
USD_CAD,M15,911500,1.45509110932e-05,1.27385431288
USD_CAD,M15,912000,1.45490720116e-05,1.27386280028
USD_CAD,M15,912500,1.45472380261e-05,1.27387125847
USD_CAD,M15,913000,1.45454091184e-05,1.27387968757
USD_CAD,M15,913500,1.45435852707e-05,1.27388808768
USD_CAD,M15,914000,1.45417664649e-05,1.27389645893
USD_CAD,M15,914500,1.45399526832e-05,1.27390480142
USD_CAD,M15,915000,1.45381439079e-05,1.27391311526
USD_CAD,M15,915500,1.45363401214e-05,1.27392140057
USD_CAD,M15,916000,1.45345413059e-05,1.27392965746
USD_CAD,M15,916500,1.45327474442e-05,1.27393788603
USD_CAD,M15,917000,1.45309585187e-05,1.27394608639
USD_CAD,M15,917500,1.45291745121e-05,1.27395425866
USD_CAD,M15,918000,1.45273954073e-05,1.27396240295
USD_CAD,M15,918500,1.45256211871e-05,1.27397051935
USD_CAD,M15,919000,1.45238518344e-05,1.27397860798
USD_CAD,M15,919500,1.45220873323e-05,1.27398666895
USD_CAD,M15,920000,1.45203276639e-05,1.27399470237
USD_CAD,M15,920500,1.45185728123e-05,1.27400270833
USD_CAD,M15,921000,1.4516822761e-05,1.27401068695
USD_CAD,M15,921500,1.45150774932e-05,1.27401863833
USD_CAD,M15,922000,1.45133369924e-05,1.27402656258
USD_CAD,M15,922500,1.45116012421e-05,1.27403445979
USD_CAD,M15,923000,1.45098702259e-05,1.27404233009
USD_CAD,M15,923500,1.45081439276e-05,1.27405017356
USD_CAD,M15,924000,1.45064223308e-05,1.27405799031
USD_CAD,M15,924500,1.45047054194e-05,1.27406578045
USD_CAD,M15,925000,1.45029931774e-05,1.27407354407
USD_CAD,M15,925500,1.45012855888e-05,1.27408128129
USD_CAD,M15,926000,1.44995826375e-05,1.27408899219
USD_CAD,M15,926500,1.44978843079e-05,1.27409667689
USD_CAD,M15,927000,1.44961905841e-05,1.27410433548
USD_CAD,M15,927500,1.44945014504e-05,1.27411196806
USD_CAD,M15,928000,1.44928168912e-05,1.27411957473
USD_CAD,M15,928500,1.44911368909e-05,1.2741271556
USD_CAD,M15,929000,1.44894614342e-05,1.27413471076
USD_CAD,M15,929500,1.44877905056e-05,1.2741422403
USD_CAD,M15,930000,1.44861240897e-05,1.27414974434
USD_CAD,M15,930500,1.44844621714e-05,1.27415722296
USD_CAD,M15,931000,1.44828047354e-05,1.27416467626
USD_CAD,M15,931500,1.44811517666e-05,1.27417210434
USD_CAD,M15,932000,1.44795032501e-05,1.2741795073
USD_CAD,M15,932500,1.44778591708e-05,1.27418688523
USD_CAD,M15,933000,1.44762195139e-05,1.27419423823
USD_CAD,M15,933500,1.44745842644e-05,1.27420156639
USD_CAD,M15,934000,1.44729534078e-05,1.27420886981
USD_CAD,M15,934500,1.44713269292e-05,1.27421614858
USD_CAD,M15,935000,1.44697048141e-05,1.2742234028
USD_CAD,M15,935500,1.44680870479e-05,1.27423063256
USD_CAD,M15,936000,1.44664736162e-05,1.27423783796
USD_CAD,M15,936500,1.44648645044e-05,1.27424501907
USD_CAD,M15,937000,1.44632596984e-05,1.27425217601
USD_CAD,M15,937500,1.44616591837e-05,1.27425930886
USD_CAD,M15,938000,1.44600629462e-05,1.27426641771
USD_CAD,M15,938500,1.44584709717e-05,1.27427350266
USD_CAD,M15,939000,1.44568832461e-05,1.27428056379
USD_CAD,M15,939500,1.44552997554e-05,1.2742876012
USD_CAD,M15,940000,1.44537204856e-05,1.27429461497
USD_CAD,M15,940500,1.4452145423e-05,1.2743016052
USD_CAD,M15,941000,1.44505745535e-05,1.27430857197
USD_CAD,M15,941500,1.44490078634e-05,1.27431551537
USD_CAD,M15,942000,1.44474453391e-05,1.2743224355
USD_CAD,M15,942500,1.44458869669e-05,1.27432933244
USD_CAD,M15,943000,1.44443327332e-05,1.27433620628
USD_CAD,M15,943500,1.44427826245e-05,1.2743430571
USD_CAD,M15,944000,1.44412366273e-05,1.274349885
USD_CAD,M15,944500,1.44396947282e-05,1.27435669006
USD_CAD,M15,945000,1.44381569139e-05,1.27436347236
USD_CAD,M15,945500,1.44366231711e-05,1.274370232
USD_CAD,M15,946000,1.44350934866e-05,1.27437696906
USD_CAD,M15,946500,1.44335678471e-05,1.27438368362
USD_CAD,M15,947000,1.44320462397e-05,1.27439037577
USD_CAD,M15,947500,1.44305286512e-05,1.27439704559
USD_CAD,M15,948000,1.44290150687e-05,1.27440369317
USD_CAD,M15,948500,1.44275054792e-05,1.27441031859
USD_CAD,M15,949000,1.44259998699e-05,1.27441692193
USD_CAD,M15,949500,1.44244982279e-05,1.27442350329
USD_CAD,M15,950000,1.44230005404e-05,1.27443006273
USD_CAD,M15,950500,1.44215067948e-05,1.27443660035
USD_CAD,M15,951000,1.44200169785e-05,1.27444311623
USD_CAD,M15,951500,1.44185310787e-05,1.27444961044
USD_CAD,M15,952000,1.4417049083e-05,1.27445608307
USD_CAD,M15,952500,1.4415570979e-05,1.2744625342
USD_CAD,M15,953000,1.4414096754e-05,1.27446896391
USD_CAD,M15,953500,1.44126263958e-05,1.27447537229
USD_CAD,M15,954000,1.44111598921e-05,1.2744817594
USD_CAD,M15,954500,1.44096972306e-05,1.27448812534
USD_CAD,M15,955000,1.4408238399e-05,1.27449447018
USD_CAD,M15,955500,1.44067833852e-05,1.27450079399
USD_CAD,M15,956000,1.44053321771e-05,1.27450709687
USD_CAD,M15,956500,1.44038847625e-05,1.27451337888
USD_CAD,M15,957000,1.44024411296e-05,1.27451964011
USD_CAD,M15,957500,1.44010012663e-05,1.27452588063
USD_CAD,M15,958000,1.43995651608e-05,1.27453210052
USD_CAD,M15,958500,1.43981328011e-05,1.27453829986
USD_CAD,M15,959000,1.43967041755e-05,1.27454447872
USD_CAD,M15,959500,1.43952792722e-05,1.27455063719
USD_CAD,M15,960000,1.43938580795e-05,1.27455677533
USD_CAD,M15,960500,1.43924405858e-05,1.27456289322
USD_CAD,M15,961000,1.43910267793e-05,1.27456899094
USD_CAD,M15,961500,1.43896166487e-05,1.27457506857
USD_CAD,M15,962000,1.43882101823e-05,1.27458112617
USD_CAD,M15,962500,1.43868073687e-05,1.27458716383
USD_CAD,M15,963000,1.43854081964e-05,1.27459318161
USD_CAD,M15,963500,1.43840126542e-05,1.27459917959
USD_CAD,M15,964000,1.43826207307e-05,1.27460515785
USD_CAD,M15,964500,1.43812324146e-05,1.27461111646
USD_CAD,M15,965000,1.43798476946e-05,1.27461705549
USD_CAD,M15,965500,1.43784665597e-05,1.27462297501
USD_CAD,M15,966000,1.43770889986e-05,1.2746288751
USD_CAD,M15,966500,1.43757150004e-05,1.27463475582
USD_CAD,M15,967000,1.43743445539e-05,1.27464061726
USD_CAD,M15,967500,1.43729776481e-05,1.27464645948
USD_CAD,M15,968000,1.43716142721e-05,1.27465228255
USD_CAD,M15,968500,1.4370254415e-05,1.27465808654
USD_CAD,M15,969000,1.43688980659e-05,1.27466387153
USD_CAD,M15,969500,1.43675452141e-05,1.27466963758
USD_CAD,M15,970000,1.43661958487e-05,1.27467538477
USD_CAD,M15,970500,1.43648499589e-05,1.27468111317
USD_CAD,M15,971000,1.43635075343e-05,1.27468682283
USD_CAD,M15,971500,1.43621685639e-05,1.27469251384
USD_CAD,M15,972000,1.43608330374e-05,1.27469818626
USD_CAD,M15,972500,1.43595009441e-05,1.27470384017
USD_CAD,M15,973000,1.43581722735e-05,1.27470947562
USD_CAD,M15,973500,1.43568470151e-05,1.27471509268
USD_CAD,M15,974000,1.43555251586e-05,1.27472069144
USD_CAD,M15,974500,1.43542066935e-05,1.27472627194
USD_CAD,M15,975000,1.43528916094e-05,1.27473183426
USD_CAD,M15,975500,1.43515798961e-05,1.27473737847
USD_CAD,M15,976000,1.43502715434e-05,1.27474290463
USD_CAD,M15,976500,1.43489665409e-05,1.27474841281
USD_CAD,M15,977000,1.43476648785e-05,1.27475390308
USD_CAD,M15,977500,1.43463665462e-05,1.27475937549
USD_CAD,M15,978000,1.43450715336e-05,1.27476483013
USD_CAD,M15,978500,1.43437798309e-05,1.27477026704
USD_CAD,M15,979000,1.4342491428e-05,1.2747756863
USD_CAD,M15,979500,1.43412063149e-05,1.27478108797
USD_CAD,M15,980000,1.43399244817e-05,1.27478647212
USD_CAD,M15,980500,1.43386459184e-05,1.2747918388
USD_CAD,M15,981000,1.43373706153e-05,1.27479718809
USD_CAD,M15,981500,1.43360985624e-05,1.27480252005
USD_CAD,M15,982000,1.433482975e-05,1.27480783474
USD_CAD,M15,982500,1.43335641684e-05,1.27481313222
USD_CAD,M15,983000,1.43323018078e-05,1.27481841255
USD_CAD,M15,983500,1.43310426586e-05,1.27482367581
USD_CAD,M15,984000,1.43297867111e-05,1.27482892205
USD_CAD,M15,984500,1.43285339558e-05,1.27483415133
USD_CAD,M15,985000,1.43272843831e-05,1.27483936371
USD_CAD,M15,985500,1.43260379834e-05,1.27484455926
USD_CAD,M15,986000,1.43247947473e-05,1.27484973804
USD_CAD,M15,986500,1.43235546653e-05,1.27485490011
USD_CAD,M15,987000,1.43223177281e-05,1.27486004553
USD_CAD,M15,987500,1.43210839262e-05,1.27486517436
USD_CAD,M15,988000,1.43198532503e-05,1.27487028666
USD_CAD,M15,988500,1.43186256911e-05,1.27487538249
USD_CAD,M15,989000,1.43174012393e-05,1.27488046191
USD_CAD,M15,989500,1.43161798858e-05,1.27488552498
USD_CAD,M15,990000,1.43149616213e-05,1.27489057176
USD_CAD,M15,990500,1.43137464366e-05,1.27489560231
USD_CAD,M15,991000,1.43125343226e-05,1.27490061669
USD_CAD,M15,991500,1.43113252703e-05,1.27490561495
USD_CAD,M15,992000,1.43101192706e-05,1.27491059715
USD_CAD,M15,992500,1.43089163144e-05,1.27491556336
USD_CAD,M15,993000,1.43077163927e-05,1.27492051362
USD_CAD,M15,993500,1.43065194967e-05,1.27492544801
USD_CAD,M15,994000,1.43053256174e-05,1.27493036657
USD_CAD,M15,994500,1.43041347459e-05,1.27493526936
USD_CAD,M15,995000,1.43029468733e-05,1.27494015643
USD_CAD,M15,995500,1.43017619909e-05,1.27494502786
USD_CAD,M15,996000,1.43005800898e-05,1.27494988368
USD_CAD,M15,996500,1.42994011613e-05,1.27495472397
USD_CAD,M15,997000,1.42982251967e-05,1.27495954877
USD_CAD,M15,997500,1.42970521873e-05,1.27496435813
USD_CAD,M15,998000,1.42958821244e-05,1.27496915213
USD_CAD,M15,998500,1.42947149994e-05,1.2749739308
USD_CAD,M15,999000,1.42935508037e-05,1.27497869421
USD_CAD,M15,999500,1.42923895288e-05,1.27498344241
USD_CAD,M15,1000000,1.42912311661e-05,1.27498817545
USD_CAD,M15,1000500,1.42900757072e-05,1.2749928934
USD_CAD,M15,1001000,1.42889231435e-05,1.27499759629
USD_CAD,M15,1001500,1.42877734667e-05,1.2750022842
USD_CAD,M15,1002000,1.42866266683e-05,1.27500695716
USD_CAD,M15,1002500,1.42854827399e-05,1.27501161524
USD_CAD,M15,1003000,1.42843416733e-05,1.27501625849
USD_CAD,M15,1003500,1.42832034601e-05,1.27502088696
USD_CAD,M15,1004000,1.42820680921e-05,1.2750255007
USD_CAD,M15,1004500,1.42809355609e-05,1.27503009977
USD_CAD,M15,1005000,1.42798058584e-05,1.27503468422
USD_CAD,M15,1005500,1.42786789764e-05,1.2750392541
USD_CAD,M15,1006000,1.42775549067e-05,1.27504380946
USD_CAD,M15,1006500,1.42764336413e-05,1.27504835036
USD_CAD,M15,1007000,1.42753151719e-05,1.27505287684
USD_CAD,M15,1007500,1.42741994905e-05,1.27505738896
USD_CAD,M15,1008000,1.42730865892e-05,1.27506188677
USD_CAD,M15,1008500,1.42719764598e-05,1.27506637032
USD_CAD,M15,1009000,1.42708690944e-05,1.27507083965
USD_CAD,M15,1009500,1.42697644851e-05,1.27507529483
USD_CAD,M15,1010000,1.42686626239e-05,1.2750797359
USD_CAD,M15,1010500,1.4267563503e-05,1.27508416292
USD_CAD,M15,1011000,1.42664671143e-05,1.27508857592
USD_CAD,M15,1011500,1.42653734503e-05,1.27509297496
USD_CAD,M15,1012000,1.42642825029e-05,1.2750973601
USD_CAD,M15,1012500,1.42631942644e-05,1.27510173137
USD_CAD,M15,1013000,1.42621087272e-05,1.27510608883
USD_CAD,M15,1013500,1.42610258834e-05,1.27511043253
USD_CAD,M15,1014000,1.42599457253e-05,1.27511476252
USD_CAD,M15,1014500,1.42588682453e-05,1.27511907884
USD_CAD,M15,1015000,1.42577934358e-05,1.27512338154
USD_CAD,M15,1015500,1.4256721289e-05,1.27512767068
USD_CAD,M15,1016000,1.42556517975e-05,1.27513194629
USD_CAD,M15,1016500,1.42545849537e-05,1.27513620843
USD_CAD,M15,1017000,1.425352075e-05,1.27514045715
USD_CAD,M15,1017500,1.42524591789e-05,1.27514469248
USD_CAD,M15,1018000,1.4251400233e-05,1.27514891449
USD_CAD,M15,1018500,1.42503439047e-05,1.27515312321
USD_CAD,M15,1019000,1.42492901867e-05,1.2751573187
USD_CAD,M15,1019500,1.42482390716e-05,1.27516150099
USD_CAD,M15,1020000,1.42471905519e-05,1.27516567014
USD_CAD,M15,1020500,1.42461446203e-05,1.27516982619
USD_CAD,M15,1021000,1.42451012696e-05,1.27517396918
USD_CAD,M15,1021500,1.42440604923e-05,1.27517809917
USD_CAD,M15,1022000,1.42430222812e-05,1.2751822162
USD_CAD,M15,1022500,1.42419866292e-05,1.27518632032
USD_CAD,M15,1023000,1.42409535288e-05,1.27519041156
USD_CAD,M15,1023500,1.4239922973e-05,1.27519448998
USD_CAD,M15,1024000,1.42388949546e-05,1.27519855562
USD_CAD,M15,1024500,1.42378694665e-05,1.27520260853
USD_CAD,M15,1025000,1.42368465014e-05,1.27520664874
USD_CAD,M15,1025500,1.42358260523e-05,1.2752106763
USD_CAD,M15,1026000,1.42348081122e-05,1.27521469127
USD_CAD,M15,1026500,1.42337926739e-05,1.27521869367
USD_CAD,M15,1027000,1.42327797305e-05,1.27522268356
USD_CAD,M15,1027500,1.42317692749e-05,1.27522666098
USD_CAD,M15,1028000,1.42307613003e-05,1.27523062598
USD_CAD,M15,1028500,1.42297557995e-05,1.27523457858
USD_CAD,M15,1029000,1.42287527658e-05,1.27523851885
USD_CAD,M15,1029500,1.42277521921e-05,1.27524244682
USD_CAD,M15,1030000,1.42267540717e-05,1.27524636253
USD_CAD,M15,1030500,1.42257583976e-05,1.27525026604
USD_CAD,M15,1031000,1.4224765163e-05,1.27525415737
USD_CAD,M15,1031500,1.42237743611e-05,1.27525803657
USD_CAD,M15,1032000,1.42227859852e-05,1.27526190369
USD_CAD,M15,1032500,1.42218000284e-05,1.27526575876
USD_CAD,M15,1033000,1.4220816484e-05,1.27526960183
USD_CAD,M15,1033500,1.42198353454e-05,1.27527343295
USD_CAD,M15,1034000,1.42188566057e-05,1.27527725214
USD_CAD,M15,1034500,1.42178802584e-05,1.27528105945
USD_CAD,M15,1035000,1.42169062967e-05,1.27528485493
USD_CAD,M15,1035500,1.42159347141e-05,1.27528863861
USD_CAD,M15,1036000,1.4214965504e-05,1.27529241054
USD_CAD,M15,1036500,1.42139986597e-05,1.27529617075
USD_CAD,M15,1037000,1.42130341747e-05,1.27529991929
USD_CAD,M15,1037500,1.42120720425e-05,1.2753036562
USD_CAD,M15,1038000,1.42111122566e-05,1.27530738151
USD_CAD,M15,1038500,1.42101548104e-05,1.27531109527
USD_CAD,M15,1039000,1.42091996975e-05,1.27531479751
USD_CAD,M15,1039500,1.42082469114e-05,1.27531848828
USD_CAD,M15,1040000,1.42072964457e-05,1.27532216762
USD_CAD,M15,1040500,1.42063482941e-05,1.27532583556
USD_CAD,M15,1041000,1.42054024501e-05,1.27532949215
USD_CAD,M15,1041500,1.42044589073e-05,1.27533313742
USD_CAD,M15,1042000,1.42035176594e-05,1.27533677141
USD_CAD,M15,1042500,1.42025787001e-05,1.27534039416
USD_CAD,M15,1043000,1.42016420231e-05,1.27534400571
USD_CAD,M15,1043500,1.42007076222e-05,1.2753476061
USD_CAD,M15,1044000,1.41997754909e-05,1.27535119537
USD_CAD,M15,1044500,1.41988456232e-05,1.27535477354
USD_CAD,M15,1045000,1.41979180128e-05,1.27535834068
USD_CAD,M15,1045500,1.41969926535e-05,1.2753618968
USD_CAD,M15,1046000,1.41960695391e-05,1.27536544194
USD_CAD,M15,1046500,1.41951486634e-05,1.27536897616
USD_CAD,M15,1047000,1.41942300204e-05,1.27537249947
USD_CAD,M15,1047500,1.4193313604e-05,1.27537601193
USD_CAD,M15,1048000,1.41923994079e-05,1.27537951356
USD_CAD,M15,1048500,1.41914874262e-05,1.27538300441
USD_CAD,M15,1049000,1.41905776528e-05,1.27538648451
USD_CAD,M15,1049500,1.41896700817e-05,1.27538995389
USD_CAD,M15,1050000,1.41887647068e-05,1.2753934126
USD_CAD,M15,1050500,1.41878615221e-05,1.27539686067
USD_CAD,M15,1051000,1.41869605218e-05,1.27540029813
USD_CAD,M15,1051500,1.41860616997e-05,1.27540372503
USD_CAD,M15,1052000,1.41851650501e-05,1.27540714139
USD_CAD,M15,1052500,1.41842705669e-05,1.27541054726
USD_CAD,M15,1053000,1.41833782443e-05,1.27541394267
USD_CAD,M15,1053500,1.41824880764e-05,1.27541732765
USD_CAD,M15,1054000,1.41816000573e-05,1.27542070224
USD_CAD,M15,1054500,1.41807141812e-05,1.27542406648
USD_CAD,M15,1055000,1.41798304423e-05,1.2754274204
USD_CAD,M15,1055500,1.41789488348e-05,1.27543076404
USD_CAD,M15,1056000,1.41780693528e-05,1.27543409742
USD_CAD,M15,1056500,1.41771919907e-05,1.27543742059
USD_CAD,M15,1057000,1.41763167427e-05,1.27544073359
USD_CAD,M15,1057500,1.4175443603e-05,1.27544403643
USD_CAD,M15,1058000,1.4174572566e-05,1.27544732917
USD_CAD,M15,1058500,1.4173703626e-05,1.27545061182
USD_CAD,M15,1059000,1.41728367772e-05,1.27545388444
USD_CAD,M15,1059500,1.4171972014e-05,1.27545714704
USD_CAD,M15,1060000,1.41711093309e-05,1.27546039967
USD_CAD,M15,1060500,1.41702487221e-05,1.27546364235
USD_CAD,M15,1061000,1.41693901822e-05,1.27546687513
USD_CAD,M15,1061500,1.41685337054e-05,1.27547009803
USD_CAD,M15,1062000,1.41676792863e-05,1.27547331109
USD_CAD,M15,1062500,1.41668269193e-05,1.27547651434
USD_CAD,M15,1063000,1.41659765988e-05,1.27547970782
USD_CAD,M15,1063500,1.41651283194e-05,1.27548289155
USD_CAD,M15,1064000,1.41642820756e-05,1.27548606557
USD_CAD,M15,1064500,1.41634378619e-05,1.27548922991
USD_CAD,M15,1065000,1.41625956728e-05,1.27549238461
USD_CAD,M15,1065500,1.41617555029e-05,1.2754955297
USD_CAD,M15,1066000,1.41609173468e-05,1.2754986652
USD_CAD,M15,1066500,1.4160081199e-05,1.27550179115
USD_CAD,M15,1067000,1.41592470543e-05,1.27550490759
USD_CAD,M15,1067500,1.41584149072e-05,1.27550801455
USD_CAD,M15,1068000,1.41575847523e-05,1.27551111204
USD_CAD,M15,1068500,1.41567565844e-05,1.27551420012
USD_CAD,M15,1069000,1.4155930398e-05,1.27551727881
USD_CAD,M15,1069500,1.4155106188e-05,1.27552034814
USD_CAD,M15,1070000,1.4154283949e-05,1.27552340814
USD_CAD,M15,1070500,1.41534636758e-05,1.27552645884
USD_CAD,M15,1071000,1.41526453631e-05,1.27552950028
USD_CAD,M15,1071500,1.41518290056e-05,1.27553253249
USD_CAD,M15,1072000,1.41510145982e-05,1.27553555549
USD_CAD,M15,1072500,1.41502021356e-05,1.27553856931
USD_CAD,M15,1073000,1.41493916127e-05,1.275541574
USD_CAD,M15,1073500,1.41485830243e-05,1.27554456957
USD_CAD,M15,1074000,1.41477763652e-05,1.27554755606
USD_CAD,M15,1074500,1.41469716303e-05,1.27555053349
USD_CAD,M15,1075000,1.41461688145e-05,1.27555350191
USD_CAD,M15,1075500,1.41453679126e-05,1.27555646133
USD_CAD,M15,1076000,1.41445689197e-05,1.27555941179
USD_CAD,M15,1076500,1.41437718306e-05,1.27556235332
USD_CAD,M15,1077000,1.41429766402e-05,1.27556528594
USD_CAD,M15,1077500,1.41421833435e-05,1.27556820969
USD_CAD,M15,1078000,1.41413919355e-05,1.2755711246
USD_CAD,M15,1078500,1.41406024112e-05,1.27557403069
USD_CAD,M15,1079000,1.41398147656e-05,1.275576928
USD_CAD,M15,1079500,1.41390289937e-05,1.27557981654
USD_CAD,M15,1080000,1.41382450905e-05,1.27558269637
USD_CAD,M15,1080500,1.41374630511e-05,1.27558556749
USD_CAD,M15,1081000,1.41366828706e-05,1.27558842994
USD_CAD,M15,1081500,1.4135904544e-05,1.27559128375
USD_CAD,M15,1082000,1.41351280665e-05,1.27559412894
USD_CAD,M15,1082500,1.41343534331e-05,1.27559696556
USD_CAD,M15,1083000,1.4133580639e-05,1.27559979361
USD_CAD,M15,1083500,1.41328096793e-05,1.27560261314
USD_CAD,M15,1084000,1.41320405492e-05,1.27560542416
USD_CAD,M15,1084500,1.41312732439e-05,1.27560822671
USD_CAD,M15,1085000,1.41305077585e-05,1.27561102082
USD_CAD,M15,1085500,1.41297440883e-05,1.27561380651
USD_CAD,M15,1086000,1.41289822285e-05,1.27561658381
USD_CAD,M15,1086500,1.41282221742e-05,1.27561935275
USD_CAD,M15,1087000,1.41274639208e-05,1.27562211336
USD_CAD,M15,1087500,1.41267074636e-05,1.27562486566
USD_CAD,M15,1088000,1.41259527977e-05,1.27562760967
USD_CAD,M15,1088500,1.41251999185e-05,1.27563034544
USD_CAD,M15,1089000,1.41244488212e-05,1.27563307298
USD_CAD,M15,1089500,1.41236995013e-05,1.27563579232
USD_CAD,M15,1090000,1.4122951954e-05,1.27563850348
USD_CAD,M15,1090500,1.41222061748e-05,1.2756412065
USD_CAD,M15,1091000,1.41214621588e-05,1.27564390141
USD_CAD,M15,1091500,1.41207199016e-05,1.27564658822
USD_CAD,M15,1092000,1.41199793986e-05,1.27564926696
USD_CAD,M15,1092500,1.4119240645e-05,1.27565193767
USD_CAD,M15,1093000,1.41185036364e-05,1.27565460036
USD_CAD,M15,1093500,1.41177683682e-05,1.27565725506
USD_CAD,M15,1094000,1.41170348358e-05,1.2756599018
USD_CAD,M15,1094500,1.41163030347e-05,1.27566254061
USD_CAD,M15,1095000,1.41155729604e-05,1.2756651715
USD_CAD,M15,1095500,1.41148446083e-05,1.27566779451
USD_CAD,M15,1096000,1.4114117974e-05,1.27567040967
USD_CAD,M15,1096500,1.41133930529e-05,1.27567301699
USD_CAD,M15,1097000,1.41126698406e-05,1.2756756165
USD_CAD,M15,1097500,1.41119483327e-05,1.27567820823
USD_CAD,M15,1098000,1.41112285247e-05,1.2756807922
USD_CAD,M15,1098500,1.41105104122e-05,1.27568336844
USD_CAD,M15,1099000,1.41097939907e-05,1.27568593698
USD_CAD,M15,1099500,1.41090792558e-05,1.27568849783
USD_CAD,M15,1100000,1.41083662033e-05,1.27569105103
USD_CAD,M15,1100500,1.41076548286e-05,1.27569359659
USD_CAD,M15,1101000,1.41069451274e-05,1.27569613454
USD_CAD,M15,1101500,1.41062370954e-05,1.27569866491
USD_CAD,M15,1102000,1.41055307282e-05,1.27570118773
USD_CAD,M15,1102500,1.41048260216e-05,1.27570370301
USD_CAD,M15,1103000,1.41041229711e-05,1.27570621077
USD_CAD,M15,1103500,1.41034215726e-05,1.27570871106
USD_CAD,M15,1104000,1.41027218217e-05,1.27571120388
USD_CAD,M15,1104500,1.41020237141e-05,1.27571368926
USD_CAD,M15,1105000,1.41013272456e-05,1.27571616723
USD_CAD,M15,1105500,1.41006324119e-05,1.27571863781
USD_CAD,M15,1106000,1.40999392088e-05,1.27572110102
USD_CAD,M15,1106500,1.40992476321e-05,1.27572355689
USD_CAD,M15,1107000,1.40985576776e-05,1.27572600545
USD_CAD,M15,1107500,1.40978693411e-05,1.2757284467
USD_CAD,M15,1108000,1.40971826183e-05,1.27573088069
USD_CAD,M15,1108500,1.40964975052e-05,1.27573330742
USD_CAD,M15,1109000,1.40958139976e-05,1.27573572693
USD_CAD,M15,1109500,1.40951320912e-05,1.27573813924
USD_CAD,M15,1110000,1.40944517821e-05,1.27574054437
USD_CAD,M15,1110500,1.4093773066e-05,1.27574294234
USD_CAD,M15,1111000,1.40930959388e-05,1.27574533318
USD_CAD,M15,1111500,1.40924203966e-05,1.27574771691
USD_CAD,M15,1112000,1.40917464351e-05,1.27575009355
USD_CAD,M15,1112500,1.40910740502e-05,1.27575246313
USD_CAD,M15,1113000,1.40904032381e-05,1.27575482566
USD_CAD,M15,1113500,1.40897339945e-05,1.27575718118
USD_CAD,M15,1114000,1.40890663154e-05,1.27575952969
USD_CAD,M15,1114500,1.40884001969e-05,1.27576187123
USD_CAD,M15,1115000,1.40877356349e-05,1.27576420582
USD_CAD,M15,1115500,1.40870726254e-05,1.27576653347
USD_CAD,M15,1116000,1.40864111644e-05,1.27576885422
USD_CAD,M15,1116500,1.4085751248e-05,1.27577116808
USD_CAD,M15,1117000,1.40850928722e-05,1.27577347507
USD_CAD,M15,1117500,1.40844360329e-05,1.27577577522
USD_CAD,M15,1118000,1.40837807264e-05,1.27577806855
USD_CAD,M15,1118500,1.40831269486e-05,1.27578035508
USD_CAD,M15,1119000,1.40824746957e-05,1.27578263483
USD_CAD,M15,1119500,1.40818239636e-05,1.27578490782
USD_CAD,M15,1120000,1.40811747487e-05,1.27578717408
USD_CAD,M15,1120500,1.40805270468e-05,1.27578943362
USD_CAD,M15,1121000,1.40798808542e-05,1.27579168647
USD_CAD,M15,1121500,1.4079236167e-05,1.27579393265
USD_CAD,M15,1122000,1.40785929814e-05,1.27579617218
USD_CAD,M15,1122500,1.40779512935e-05,1.27579840508
USD_CAD,M15,1123000,1.40773110995e-05,1.27580063137
USD_CAD,M15,1123500,1.40766723956e-05,1.27580285108
USD_CAD,M15,1124000,1.40760351779e-05,1.27580506421
USD_CAD,M15,1124500,1.40753994428e-05,1.2758072708
USD_CAD,M15,1125000,1.40747651863e-05,1.27580947087
USD_CAD,M15,1125500,1.40741324047e-05,1.27581166443
USD_CAD,M15,1126000,1.40735010943e-05,1.2758138515
USD_CAD,M15,1126500,1.40728712512e-05,1.27581603211
USD_CAD,M15,1127000,1.40722428719e-05,1.27581820628
USD_CAD,M15,1127500,1.40716159525e-05,1.27582037402
USD_CAD,M15,1128000,1.40709904893e-05,1.27582253536
USD_CAD,M15,1128500,1.40703664786e-05,1.27582469032
USD_CAD,M15,1129000,1.40697439167e-05,1.27582683892
USD_CAD,M15,1129500,1.40691228e-05,1.27582898117
USD_CAD,M15,1130000,1.40685031247e-05,1.2758311171
USD_CAD,M15,1130500,1.40678848872e-05,1.27583324672
USD_CAD,M15,1131000,1.40672680839e-05,1.27583537006
USD_CAD,M15,1131500,1.4066652711e-05,1.27583748714
USD_CAD,M15,1132000,1.4066038765e-05,1.27583959797
USD_CAD,M15,1132500,1.40654262423e-05,1.27584170258
USD_CAD,M15,1133000,1.40648151392e-05,1.27584380099
USD_CAD,M15,1133500,1.40642054521e-05,1.27584589321
USD_CAD,M15,1134000,1.40635971774e-05,1.27584797926
USD_CAD,M15,1134500,1.40629903116e-05,1.27585005916
USD_CAD,M15,1135000,1.40623848511e-05,1.27585213294
USD_CAD,M15,1135500,1.40617807923e-05,1.27585420061
USD_CAD,M15,1136000,1.40611781317e-05,1.27585626219
USD_CAD,M15,1136500,1.40605768658e-05,1.2758583177
USD_CAD,M15,1137000,1.40599769909e-05,1.27586036715
USD_CAD,M15,1137500,1.40593785037e-05,1.27586241058
USD_CAD,M15,1138000,1.40587814005e-05,1.27586444798
USD_CAD,M15,1138500,1.40581856779e-05,1.2758664794
USD_CAD,M15,1139000,1.40575913324e-05,1.27586850484
USD_CAD,M15,1139500,1.40569983606e-05,1.27587052432
USD_CAD,M15,1140000,1.40564067588e-05,1.27587253786
USD_CAD,M15,1140500,1.40558165238e-05,1.27587454547
USD_CAD,M15,1141000,1.4055227652e-05,1.27587654719
USD_CAD,M15,1141500,1.405464014e-05,1.27587854302
USD_CAD,M15,1142000,1.40540539844e-05,1.27588053299
USD_CAD,M15,1142500,1.40534691818e-05,1.2758825171
USD_CAD,M15,1143000,1.40528857287e-05,1.27588449539
USD_CAD,M15,1143500,1.40523036218e-05,1.27588646787
USD_CAD,M15,1144000,1.40517228576e-05,1.27588843455
USD_CAD,M15,1144500,1.40511434327e-05,1.27589039546
USD_CAD,M15,1145000,1.40505653439e-05,1.27589235061
USD_CAD,M15,1145500,1.40499885878e-05,1.27589430001
USD_CAD,M15,1146000,1.40494131609e-05,1.2758962437
USD_CAD,M15,1146500,1.404883906e-05,1.27589818168
USD_CAD,M15,1147000,1.40482662817e-05,1.27590011398
USD_CAD,M15,1147500,1.40476948227e-05,1.2759020406
USD_CAD,M15,1148000,1.40471246797e-05,1.27590396157
USD_CAD,M15,1148500,1.40465558494e-05,1.27590587691
USD_CAD,M15,1149000,1.40459883285e-05,1.27590778664
USD_CAD,M15,1149500,1.40454221137e-05,1.27590969076
USD_CAD,M15,1150000,1.40448572017e-05,1.2759115893
USD_CAD,M15,1150500,1.40442935892e-05,1.27591348227
USD_CAD,M15,1151000,1.40437312731e-05,1.27591536969
USD_CAD,M15,1151500,1.404317025e-05,1.27591725159
USD_CAD,M15,1152000,1.40426105167e-05,1.27591912797
USD_CAD,M15,1152500,1.40420520701e-05,1.27592099885
USD_CAD,M15,1153000,1.40414949068e-05,1.27592286425
USD_CAD,M15,1153500,1.40409390236e-05,1.27592472419
USD_CAD,M15,1154000,1.40403844174e-05,1.27592657869
USD_CAD,M15,1154500,1.4039831085e-05,1.27592842775
USD_CAD,M15,1155000,1.40392790231e-05,1.2759302714
USD_CAD,M15,1155500,1.40387282286e-05,1.27593210965
USD_CAD,M15,1156000,1.40381786984e-05,1.27593394252
USD_CAD,M15,1156500,1.40376304293e-05,1.27593577003
USD_CAD,M15,1157000,1.4037083418e-05,1.27593759219
USD_CAD,M15,1157500,1.40365376616e-05,1.27593940902
USD_CAD,M15,1158000,1.40359931568e-05,1.27594122053
USD_CAD,M15,1158500,1.40354499006e-05,1.27594302675
USD_CAD,M15,1159000,1.40349078898e-05,1.27594482768
USD_CAD,M15,1159500,1.40343671213e-05,1.27594662335
USD_CAD,M15,1160000,1.4033827592e-05,1.27594841377
USD_CAD,M15,1160500,1.40332892989e-05,1.27595019895
USD_CAD,M15,1161000,1.40327522388e-05,1.27595197892
USD_CAD,M15,1161500,1.40322164087e-05,1.27595375368
USD_CAD,M15,1162000,1.40316818056e-05,1.27595552326
USD_CAD,M15,1162500,1.40311484263e-05,1.27595728767
USD_CAD,M15,1163000,1.40306162678e-05,1.27595904692
USD_CAD,M15,1163500,1.40300853272e-05,1.27596080103
USD_CAD,M15,1164000,1.40295556013e-05,1.27596255002
USD_CAD,M15,1164500,1.40290270872e-05,1.2759642939
USD_CAD,M15,1165000,1.40284997818e-05,1.27596603269
USD_CAD,M15,1165500,1.40279736821e-05,1.27596776641
USD_CAD,M15,1166000,1.40274487852e-05,1.27596949506
USD_CAD,M15,1166500,1.40269250881e-05,1.27597121866
USD_CAD,M15,1167000,1.40264025877e-05,1.27597293724
USD_CAD,M15,1167500,1.40258812812e-05,1.27597465079
USD_CAD,M15,1168000,1.40253611655e-05,1.27597635935
USD_CAD,M15,1168500,1.40248422377e-05,1.27597806293
USD_CAD,M15,1169000,1.40243244949e-05,1.27597976153
USD_CAD,M15,1169500,1.40238079341e-05,1.27598145518
USD_CAD,M15,1170000,1.40232925525e-05,1.27598314388
USD_CAD,M15,1170500,1.40227783469e-05,1.27598482767
USD_CAD,M15,1171000,1.40222653147e-05,1.27598650654
USD_CAD,M15,1171500,1.40217534528e-05,1.27598818052
USD_CAD,M15,1172000,1.40212427585e-05,1.27598984961
USD_CAD,M15,1172500,1.40207332286e-05,1.27599151384
USD_CAD,M15,1173000,1.40202248605e-05,1.27599317322
USD_CAD,M15,1173500,1.40197176513e-05,1.27599482777
USD_CAD,M15,1174000,1.4019211598e-05,1.27599647749
USD_CAD,M15,1174500,1.40187066978e-05,1.2759981224
USD_CAD,M15,1175000,1.40182029479e-05,1.27599976252
USD_CAD,M15,1175500,1.40177003455e-05,1.27600139786
USD_CAD,M15,1176000,1.40171988876e-05,1.27600302844
USD_CAD,M15,1176500,1.40166985715e-05,1.27600465427
USD_CAD,M15,1177000,1.40161993944e-05,1.27600627536
USD_CAD,M15,1177500,1.40157013535e-05,1.27600789173
USD_CAD,M15,1178000,1.40152044459e-05,1.2760095034
USD_CAD,M15,1178500,1.40147086688e-05,1.27601111037
USD_CAD,M15,1179000,1.40142140196e-05,1.27601271266
USD_CAD,M15,1179500,1.40137204953e-05,1.27601431029
USD_CAD,M15,1180000,1.40132280933e-05,1.27601590327
USD_CAD,M15,1180500,1.40127368108e-05,1.27601749161
USD_CAD,M15,1181000,1.4012246645e-05,1.27601907532
USD_CAD,M15,1181500,1.40117575931e-05,1.27602065443
USD_CAD,M15,1182000,1.40112696525e-05,1.27602222895
USD_CAD,M15,1182500,1.40107828204e-05,1.27602379888
USD_CAD,M15,1183000,1.4010297094e-05,1.27602536424
USD_CAD,M15,1183500,1.40098124708e-05,1.27602692505
USD_CAD,M15,1184000,1.40093289478e-05,1.27602848132
USD_CAD,M15,1184500,1.40088465226e-05,1.27603003306
USD_CAD,M15,1185000,1.40083651923e-05,1.27603158029
USD_CAD,M15,1185500,1.40078849542e-05,1.27603312301
USD_CAD,M15,1186000,1.40074058058e-05,1.27603466126
USD_CAD,M15,1186500,1.40069277443e-05,1.27603619502
USD_CAD,M15,1187000,1.4006450767e-05,1.27603772433
USD_CAD,M15,1187500,1.40059748713e-05,1.27603924919
USD_CAD,M15,1188000,1.40055000546e-05,1.27604076962
USD_CAD,M15,1188500,1.40050263142e-05,1.27604228563
USD_CAD,M15,1189000,1.40045536475e-05,1.27604379723
USD_CAD,M15,1189500,1.40040820518e-05,1.27604530444
USD_CAD,M15,1190000,1.40036115245e-05,1.27604680727
USD_CAD,M15,1190500,1.4003142063e-05,1.27604830572
USD_CAD,M15,1191000,1.40026736648e-05,1.27604979983
USD_CAD,M15,1191500,1.40022063271e-05,1.27605128959
USD_CAD,M15,1192000,1.40017400474e-05,1.27605277503
USD_CAD,M15,1192500,1.40012748232e-05,1.27605425614
USD_CAD,M15,1193000,1.40008106518e-05,1.27605573296
USD_CAD,M15,1193500,1.40003475307e-05,1.27605720548
USD_CAD,M15,1194000,1.39998854573e-05,1.27605867373
USD_CAD,M15,1194500,1.39994244291e-05,1.27606013771
USD_CAD,M15,1195000,1.39989644434e-05,1.27606159744
USD_CAD,M15,1195500,1.39985054978e-05,1.27606305292
USD_CAD,M15,1196000,1.39980475897e-05,1.27606450419
USD_CAD,M15,1196500,1.39975907167e-05,1.27606595123
USD_CAD,M15,1197000,1.39971348761e-05,1.27606739408
USD_CAD,M15,1197500,1.39966800654e-05,1.27606883273
USD_CAD,M15,1198000,1.39962262822e-05,1.27607026721
USD_CAD,M15,1198500,1.39957735239e-05,1.27607169752
USD_CAD,M15,1199000,1.39953217881e-05,1.27607312368
USD_CAD,M15,1199500,1.39948710722e-05,1.27607454569
USD_CAD,M15,1200000,1.39944213738e-05,1.27607596358
USD_CAD,M15,1200500,1.39939726904e-05,1.27607737736
USD_CAD,M15,1201000,1.39935250196e-05,1.27607878703
USD_CAD,M15,1201500,1.39930783588e-05,1.2760801926
USD_CAD,M15,1202000,1.39926327056e-05,1.2760815941
USD_CAD,M15,1202500,1.39921880575e-05,1.27608299153
USD_CAD,M15,1203000,1.39917444122e-05,1.2760843849
USD_CAD,M15,1203500,1.39913017672e-05,1.27608577423
USD_CAD,M15,1204000,1.39908601201e-05,1.27608715953
USD_CAD,M15,1204500,1.39904194684e-05,1.27608854081
USD_CAD,M15,1205000,1.39899798097e-05,1.27608991807
USD_CAD,M15,1205500,1.39895411416e-05,1.27609129135
USD_CAD,M15,1206000,1.39891034617e-05,1.27609266063
USD_CAD,M15,1206500,1.39886667676e-05,1.27609402595
USD_CAD,M15,1207000,1.3988231057e-05,1.2760953873
USD_CAD,M15,1207500,1.39877963274e-05,1.2760967447
USD_CAD,M15,1208000,1.39873625764e-05,1.27609809816
USD_CAD,M15,1208500,1.39869298018e-05,1.2760994477
USD_CAD,M15,1209000,1.3986498001e-05,1.27610079332
USD_CAD,M15,1209500,1.39860671719e-05,1.27610213504
USD_CAD,M15,1210000,1.39856373119e-05,1.27610347287
USD_CAD,M15,1210500,1.39852084188e-05,1.27610480681
USD_CAD,M15,1211000,1.39847804903e-05,1.27610613688
USD_CAD,M15,1211500,1.3984353524e-05,1.2761074631
USD_CAD,M15,1212000,1.39839275175e-05,1.27610878547
USD_CAD,M15,1212500,1.39835024686e-05,1.276110104
USD_CAD,M15,1213000,1.39830783749e-05,1.27611141871
USD_CAD,M15,1213500,1.39826552341e-05,1.27611272961
USD_CAD,M15,1214000,1.3982233044e-05,1.2761140367
USD_CAD,M15,1214500,1.39818118022e-05,1.27611534
USD_CAD,M15,1215000,1.39813915065e-05,1.27611663952
USD_CAD,M15,1215500,1.39809721545e-05,1.27611793527
USD_CAD,M15,1216000,1.39805537441e-05,1.27611922727
USD_CAD,M15,1216500,1.39801362728e-05,1.27612051551
USD_CAD,M15,1217000,1.39797197385e-05,1.27612180002
USD_CAD,M15,1217500,1.39793041388e-05,1.27612308081
USD_CAD,M15,1218000,1.39788894716e-05,1.27612435788
USD_CAD,M15,1218500,1.39784757346e-05,1.27612563125
USD_CAD,M15,1219000,1.39780629256e-05,1.27612690092
USD_CAD,M15,1219500,1.39776510422e-05,1.27612816691
USD_CAD,M15,1220000,1.39772400824e-05,1.27612942923
USD_CAD,M15,1220500,1.39768300438e-05,1.27613068789
USD_CAD,M15,1221000,1.39764209242e-05,1.2761319429
USD_CAD,M15,1221500,1.39760127215e-05,1.27613319427
USD_CAD,M15,1222000,1.39756054335e-05,1.27613444201
USD_CAD,M15,1222500,1.39751990578e-05,1.27613568613
USD_CAD,M15,1223000,1.39747935924e-05,1.27613692664
USD_CAD,M15,1223500,1.3974389035e-05,1.27613816356
USD_CAD,M15,1224000,1.39739853836e-05,1.27613939688
USD_CAD,M15,1224500,1.39735826358e-05,1.27614062663
USD_CAD,M15,1225000,1.39731807895e-05,1.27614185282
USD_CAD,M15,1225500,1.39727798426e-05,1.27614307545
USD_CAD,M15,1226000,1.39723797929e-05,1.27614429453
USD_CAD,M15,1226500,1.39719806382e-05,1.27614551008
USD_CAD,M15,1227000,1.39715823764e-05,1.2761467221
USD_CAD,M15,1227500,1.39711850054e-05,1.27614793061
USD_CAD,M15,1228000,1.3970788523e-05,1.27614913561
USD_CAD,M15,1228500,1.39703929271e-05,1.27615033711
USD_CAD,M15,1229000,1.39699982155e-05,1.27615153513
USD_CAD,M15,1229500,1.39696043863e-05,1.27615272968
USD_CAD,M15,1230000,1.39692114371e-05,1.27615392076
USD_CAD,M15,1230500,1.3968819366e-05,1.27615510839
USD_CAD,M15,1231000,1.39684281708e-05,1.27615629257
USD_CAD,M15,1231500,1.39680378494e-05,1.27615747332
USD_CAD,M15,1232000,1.39676483997e-05,1.27615865064
USD_CAD,M15,1232500,1.39672598197e-05,1.27615982455
USD_CAD,M15,1233000,1.39668721073e-05,1.27616099505
USD_CAD,M15,1233500,1.39664852604e-05,1.27616216216
USD_CAD,M15,1234000,1.39660992769e-05,1.27616332588
USD_CAD,M15,1234500,1.39657141547e-05,1.27616448622
USD_CAD,M15,1235000,1.39653298919e-05,1.2761656432
USD_CAD,M15,1235500,1.39649464863e-05,1.27616679683
USD_CAD,M15,1236000,1.39645639359e-05,1.2761679471
USD_CAD,M15,1236500,1.39641822387e-05,1.27616909404
USD_CAD,M15,1237000,1.39638013926e-05,1.27617023765
USD_CAD,M15,1237500,1.39634213956e-05,1.27617137794
USD_CAD,M15,1238000,1.39630422457e-05,1.27617251492
USD_CAD,M15,1238500,1.39626639408e-05,1.27617364861
USD_CAD,M15,1239000,1.39622864789e-05,1.276174779
USD_CAD,M15,1239500,1.39619098581e-05,1.27617590611
USD_CAD,M15,1240000,1.39615340763e-05,1.27617702996
USD_CAD,M15,1240500,1.39611591315e-05,1.27617815054
USD_CAD,M15,1241000,1.39607850217e-05,1.27617926787
USD_CAD,M15,1241500,1.3960411745e-05,1.27618038195
USD_CAD,M15,1242000,1.39600392993e-05,1.27618149281
USD_CAD,M15,1242500,1.39596676827e-05,1.27618260043
USD_CAD,M15,1243000,1.39592968932e-05,1.27618370485
USD_CAD,M15,1243500,1.39589269288e-05,1.27618480605
USD_CAD,M15,1244000,1.39585577876e-05,1.27618590406
USD_CAD,M15,1244500,1.39581894676e-05,1.27618699889
USD_CAD,M15,1245000,1.39578219668e-05,1.27618809053
USD_CAD,M15,1245500,1.39574552834e-05,1.27618917901
USD_CAD,M15,1246000,1.39570894153e-05,1.27619026432
USD_CAD,M15,1246500,1.39567243607e-05,1.27619134648
USD_CAD,M15,1247000,1.39563601175e-05,1.2761924255
USD_CAD,M15,1247500,1.39559966839e-05,1.27619350139
USD_CAD,M15,1248000,1.3955634058e-05,1.27619457415
USD_CAD,M15,1248500,1.39552722378e-05,1.2761956438
USD_CAD,M15,1249000,1.39549112214e-05,1.27619671034
USD_CAD,M15,1249500,1.3954551007e-05,1.27619777378
USD_CAD,M15,1250000,1.39541915925e-05,1.27619883413
USD_CAD,M15,1250500,1.39538329761e-05,1.2761998914
USD_CAD,M15,1251000,1.3953475156e-05,1.2762009456
USD_CAD,M15,1251500,1.39531181302e-05,1.27620199674
USD_CAD,M15,1252000,1.39527618969e-05,1.27620304482
USD_CAD,M15,1252500,1.39524064541e-05,1.27620408986
USD_CAD,M15,1253000,1.39520518e-05,1.27620513186
USD_CAD,M15,1253500,1.39516979327e-05,1.27620617084
USD_CAD,M15,1254000,1.39513448504e-05,1.27620720679
USD_CAD,M15,1254500,1.39509925513e-05,1.27620823973
USD_CAD,M15,1255000,1.39506410333e-05,1.27620926967
USD_CAD,M15,1255500,1.39502902948e-05,1.27621029662
USD_CAD,M15,1256000,1.39499403339e-05,1.27621132058
USD_CAD,M15,1256500,1.39495911486e-05,1.27621234156
USD_CAD,M15,1257000,1.39492427373e-05,1.27621335958
USD_CAD,M15,1257500,1.3948895098e-05,1.27621437463
USD_CAD,M15,1258000,1.39485482289e-05,1.27621538673
USD_CAD,M15,1258500,1.39482021283e-05,1.27621639589
USD_CAD,M15,1259000,1.39478567943e-05,1.27621740212
USD_CAD,M15,1259500,1.3947512225e-05,1.27621840542
USD_CAD,M15,1260000,1.39471684188e-05,1.27621940579
USD_CAD,M15,1260500,1.39468253737e-05,1.27622040326
USD_CAD,M15,1261000,1.3946483088e-05,1.27622139783
USD_CAD,M15,1261500,1.39461415599e-05,1.2762223895
USD_CAD,M15,1262000,1.39458007876e-05,1.27622337829
USD_CAD,M15,1262500,1.39454607693e-05,1.2762243642
USD_CAD,M15,1263000,1.39451215033e-05,1.27622534724
USD_CAD,M15,1263500,1.39447829877e-05,1.27622632742
USD_CAD,M15,1264000,1.39444452209e-05,1.27622730474
USD_CAD,M15,1264500,1.3944108201e-05,1.27622827922
USD_CAD,M15,1265000,1.39437719263e-05,1.27622925087
USD_CAD,M15,1265500,1.3943436395e-05,1.27623021968
USD_CAD,M15,1266000,1.39431016053e-05,1.27623118568
USD_CAD,M15,1266500,1.39427675556e-05,1.27623214886
USD_CAD,M15,1267000,1.39424342441e-05,1.27623310923
USD_CAD,M15,1267500,1.3942101669e-05,1.27623406681
USD_CAD,M15,1268000,1.39417698287e-05,1.27623502159
USD_CAD,M15,1268500,1.39414387213e-05,1.2762359736
USD_CAD,M15,1269000,1.39411083452e-05,1.27623692283
USD_CAD,M15,1269500,1.39407786987e-05,1.2762378693
USD_CAD,M15,1270000,1.394044978e-05,1.27623881301
USD_CAD,M15,1270500,1.39401215874e-05,1.27623975396
USD_CAD,M15,1271000,1.39397941192e-05,1.27624069218
USD_CAD,M15,1271500,1.39394673737e-05,1.27624162766
USD_CAD,M15,1272000,1.39391413492e-05,1.27624256041
USD_CAD,M15,1272500,1.39388160441e-05,1.27624349044
USD_CAD,M15,1273000,1.39384914566e-05,1.27624441776
USD_CAD,M15,1273500,1.3938167585e-05,1.27624534238
USD_CAD,M15,1274000,1.39378444277e-05,1.27624626429
USD_CAD,M15,1274500,1.3937521983e-05,1.27624718352
USD_CAD,M15,1275000,1.39372002493e-05,1.27624810007
USD_CAD,M15,1275500,1.39368792248e-05,1.27624901394
USD_CAD,M15,1276000,1.39365589078e-05,1.27624992515
USD_CAD,M15,1276500,1.39362392968e-05,1.27625083369
USD_CAD,M15,1277000,1.39359203901e-05,1.27625173959
USD_CAD,M15,1277500,1.3935602186e-05,1.27625264284
USD_CAD,M15,1278000,1.39352846829e-05,1.27625354345
USD_CAD,M15,1278500,1.39349678792e-05,1.27625444144
USD_CAD,M15,1279000,1.39346517731e-05,1.2762553368
USD_CAD,M15,1279500,1.39343363632e-05,1.27625622954
USD_CAD,M15,1280000,1.39340216476e-05,1.27625711968
USD_CAD,M15,1280500,1.39337076249e-05,1.27625800722
USD_CAD,M15,1281000,1.39333942934e-05,1.27625889216
USD_CAD,M15,1281500,1.39330816514e-05,1.27625977452
USD_CAD,M15,1282000,1.39327696975e-05,1.2762606543
USD_CAD,M15,1282500,1.39324584299e-05,1.27626153151
USD_CAD,M15,1283000,1.3932147847e-05,1.27626240616
USD_CAD,M15,1283500,1.39318379473e-05,1.27626327824
USD_CAD,M15,1284000,1.39315287292e-05,1.27626414778
USD_CAD,M15,1284500,1.3931220191e-05,1.27626501477
USD_CAD,M15,1285000,1.39309123312e-05,1.27626587923
USD_CAD,M15,1285500,1.39306051482e-05,1.27626674116
USD_CAD,M15,1286000,1.39302986404e-05,1.27626760057
USD_CAD,M15,1286500,1.39299928063e-05,1.27626845746
USD_CAD,M15,1287000,1.39296876442e-05,1.27626931185
USD_CAD,M15,1287500,1.39293831526e-05,1.27627016373
USD_CAD,M15,1288000,1.392907933e-05,1.27627101312
USD_CAD,M15,1288500,1.39287761747e-05,1.27627186003
USD_CAD,M15,1289000,1.39284736853e-05,1.27627270445
USD_CAD,M15,1289500,1.39281718601e-05,1.2762735464
USD_CAD,M15,1290000,1.39278706977e-05,1.27627438589
USD_CAD,M15,1290500,1.39275701964e-05,1.27627522291
USD_CAD,M15,1291000,1.39272703548e-05,1.27627605749
USD_CAD,M15,1291500,1.39269711713e-05,1.27627688961
USD_CAD,M15,1292000,1.39266726443e-05,1.2762777193
USD_CAD,M15,1292500,1.39263747724e-05,1.27627854656
USD_CAD,M15,1293000,1.3926077554e-05,1.27627937139
USD_CAD,M15,1293500,1.39257809876e-05,1.2762801938
USD_CAD,M15,1294000,1.39254850717e-05,1.2762810138
USD_CAD,M15,1294500,1.39251898047e-05,1.2762818314
USD_CAD,M15,1295000,1.39248951852e-05,1.2762826466
USD_CAD,M15,1295500,1.39246012116e-05,1.2762834594
USD_CAD,M15,1296000,1.39243078825e-05,1.27628426982
USD_CAD,M15,1296500,1.39240151964e-05,1.27628507787
USD_CAD,M15,1297000,1.39237231517e-05,1.27628588353
USD_CAD,M15,1297500,1.39234317469e-05,1.27628668684
USD_CAD,M15,1298000,1.39231409807e-05,1.27628748778
USD_CAD,M15,1298500,1.39228508514e-05,1.27628828638
USD_CAD,M15,1299000,1.39225613577e-05,1.27628908262
USD_CAD,M15,1299500,1.3922272498e-05,1.27628987653
USD_CAD,M15,1300000,1.39219842709e-05,1.27629066811
USD_CAD,M15,1300500,1.39216966749e-05,1.27629145736
USD_CAD,M15,1301000,1.39214097086e-05,1.27629224428
USD_CAD,M15,1301500,1.39211233704e-05,1.2762930289
USD_CAD,M15,1302000,1.39208376589e-05,1.27629381121
USD_CAD,M15,1302500,1.39205525728e-05,1.27629459121
USD_CAD,M15,1303000,1.39202681104e-05,1.27629536892
USD_CAD,M15,1303500,1.39199842704e-05,1.27629614435
USD_CAD,M15,1304000,1.39197010514e-05,1.27629691749
USD_CAD,M15,1304500,1.39194184518e-05,1.27629768836
USD_CAD,M15,1305000,1.39191364704e-05,1.27629845696
USD_CAD,M15,1305500,1.39188551055e-05,1.27629922329
USD_CAD,M15,1306000,1.39185743559e-05,1.27629998737
USD_CAD,M15,1306500,1.391829422e-05,1.2763007492
USD_CAD,M15,1307000,1.39180146965e-05,1.27630150878
USD_CAD,M15,1307500,1.39177357839e-05,1.27630226612
USD_CAD,M15,1308000,1.39174574809e-05,1.27630302124
USD_CAD,M15,1308500,1.3917179786e-05,1.27630377412
USD_CAD,M15,1309000,1.39169026978e-05,1.27630452479
USD_CAD,M15,1309500,1.39166262149e-05,1.27630527324
USD_CAD,M15,1310000,1.39163503359e-05,1.27630601949
USD_CAD,M15,1310500,1.39160750595e-05,1.27630676354
USD_CAD,M15,1311000,1.39158003841e-05,1.27630750539
USD_CAD,M15,1311500,1.39155263085e-05,1.27630824505
USD_CAD,M15,1312000,1.39152528313e-05,1.27630898252
USD_CAD,M15,1312500,1.3914979951e-05,1.27630971782
USD_CAD,M15,1313000,1.39147076664e-05,1.27631045095
USD_CAD,M15,1313500,1.39144359759e-05,1.27631118192
USD_CAD,M15,1314000,1.39141648783e-05,1.27631191072
USD_CAD,M15,1314500,1.39138943721e-05,1.27631263737
USD_CAD,M15,1315000,1.39136244561e-05,1.27631336187
USD_CAD,M15,1315500,1.39133551289e-05,1.27631408423
USD_CAD,M15,1316000,1.3913086389e-05,1.27631480446
USD_CAD,M15,1316500,1.39128182351e-05,1.27631552256
USD_CAD,M15,1317000,1.3912550666e-05,1.27631623853
USD_CAD,M15,1317500,1.39122836802e-05,1.27631695238
USD_CAD,M15,1318000,1.39120172764e-05,1.27631766412
USD_CAD,M15,1318500,1.39117514533e-05,1.27631837376
USD_CAD,M15,1319000,1.39114862095e-05,1.27631908129
USD_CAD,M15,1319500,1.39112215436e-05,1.27631978673
USD_CAD,M15,1320000,1.39109574545e-05,1.27632049008
USD_CAD,M15,1320500,1.39106939406e-05,1.27632119135
USD_CAD,M15,1321000,1.39104310008e-05,1.27632189053
USD_CAD,M15,1321500,1.39101686336e-05,1.27632258765
USD_CAD,M15,1322000,1.39099068379e-05,1.2763232827
USD_CAD,M15,1322500,1.39096456121e-05,1.27632397569
USD_CAD,M15,1323000,1.39093849552e-05,1.27632466662
USD_CAD,M15,1323500,1.39091248656e-05,1.27632535551
USD_CAD,M15,1324000,1.39088653422e-05,1.27632604235
USD_CAD,M15,1324500,1.39086063836e-05,1.27632672715
USD_CAD,M15,1325000,1.39083479886e-05,1.27632740992
USD_CAD,M15,1325500,1.39080901557e-05,1.27632809066
USD_CAD,M15,1326000,1.39078328839e-05,1.27632876938
USD_CAD,M15,1326500,1.39075761717e-05,1.27632944608
USD_CAD,M15,1327000,1.39073200178e-05,1.27633012078
USD_CAD,M15,1327500,1.39070644211e-05,1.27633079346
USD_CAD,M15,1328000,1.39068093801e-05,1.27633146415
USD_CAD,M15,1328500,1.39065548937e-05,1.27633213285
USD_CAD,M15,1329000,1.39063009606e-05,1.27633279955
USD_CAD,M15,1329500,1.39060475795e-05,1.27633346427
USD_CAD,M15,1330000,1.39057947491e-05,1.27633412702
USD_CAD,M15,1330500,1.39055424681e-05,1.27633478779
USD_CAD,M15,1331000,1.39052907354e-05,1.27633544659
USD_CAD,M15,1331500,1.39050395496e-05,1.27633610344
USD_CAD,M15,1332000,1.39047889096e-05,1.27633675832
USD_CAD,M15,1332500,1.39045388139e-05,1.27633741126
USD_CAD,M15,1333000,1.39042892615e-05,1.27633806225
USD_CAD,M15,1333500,1.3904040251e-05,1.2763387113
USD_CAD,M15,1334000,1.39037917813e-05,1.27633935841
USD_CAD,M15,1334500,1.3903543851e-05,1.27634000359
USD_CAD,M15,1335000,1.3903296459e-05,1.27634064685
USD_CAD,M15,1335500,1.39030496039e-05,1.27634128819
USD_CAD,M15,1336000,1.39028032847e-05,1.27634192762
USD_CAD,M15,1336500,1.39025575e-05,1.27634256513
USD_CAD,M15,1337000,1.39023122487e-05,1.27634320075
USD_CAD,M15,1337500,1.39020675294e-05,1.27634383446
USD_CAD,M15,1338000,1.39018233411e-05,1.27634446628
USD_CAD,M15,1338500,1.39015796824e-05,1.27634509622
USD_CAD,M15,1339000,1.39013365523e-05,1.27634572427
USD_CAD,M15,1339500,1.39010939493e-05,1.27634635044
USD_CAD,M15,1340000,1.39008518725e-05,1.27634697474
USD_CAD,M15,1340500,1.39006103205e-05,1.27634759717
USD_CAD,M15,1341000,1.39003692922e-05,1.27634821774
USD_CAD,M15,1341500,1.39001287863e-05,1.27634883645
USD_CAD,M15,1342000,1.38998888017e-05,1.27634945331
USD_CAD,M15,1342500,1.38996493372e-05,1.27635006832
USD_CAD,M15,1343000,1.38994103916e-05,1.27635068148
USD_CAD,M15,1343500,1.38991719637e-05,1.27635129281
USD_CAD,M15,1344000,1.38989340523e-05,1.27635190231
USD_CAD,M15,1344500,1.38986966563e-05,1.27635250998
USD_CAD,M15,1345000,1.38984597744e-05,1.27635311583
USD_CAD,M15,1345500,1.38982234056e-05,1.27635371986
USD_CAD,M15,1346000,1.38979875485e-05,1.27635432208
USD_CAD,M15,1346500,1.38977522022e-05,1.27635492249
USD_CAD,M15,1347000,1.38975173654e-05,1.27635552109
USD_CAD,M15,1347500,1.38972830369e-05,1.2763561179
USD_CAD,M15,1348000,1.38970492156e-05,1.27635671292
USD_CAD,M15,1348500,1.38968159003e-05,1.27635730615
USD_CAD,M15,1349000,1.38965830899e-05,1.27635789759
USD_CAD,M15,1349500,1.38963507832e-05,1.27635848726
USD_CAD,M15,1350000,1.38961189791e-05,1.27635907515
USD_CAD,M15,1350500,1.38958876765e-05,1.27635966127
USD_CAD,M15,1351000,1.38956568741e-05,1.27636024563
USD_CAD,M15,1351500,1.38954265709e-05,1.27636082823
USD_CAD,M15,1352000,1.38951967657e-05,1.27636140907
USD_CAD,M15,1352500,1.38949674574e-05,1.27636198817
USD_CAD,M15,1353000,1.38947386449e-05,1.27636256552
USD_CAD,M15,1353500,1.3894510327e-05,1.27636314112
USD_CAD,M15,1354000,1.38942825026e-05,1.276363715
USD_CAD,M15,1354500,1.38940551706e-05,1.27636428714
USD_CAD,M15,1355000,1.38938283299e-05,1.27636485756
USD_CAD,M15,1355500,1.38936019793e-05,1.27636542625
USD_CAD,M15,1356000,1.38933761178e-05,1.27636599323
USD_CAD,M15,1356500,1.38931507442e-05,1.27636655849
USD_CAD,M15,1357000,1.38929258574e-05,1.27636712205
USD_CAD,M15,1357500,1.38927014563e-05,1.27636768391
USD_CAD,M15,1358000,1.38924775398e-05,1.27636824406
USD_CAD,M15,1358500,1.38922541069e-05,1.27636880252
USD_CAD,M15,1359000,1.38920311563e-05,1.2763693593
USD_CAD,M15,1359500,1.38918086871e-05,1.27636991438
USD_CAD,M15,1360000,1.38915866981e-05,1.27637046779
USD_CAD,M15,1360500,1.38913651883e-05,1.27637101952
USD_CAD,M15,1361000,1.38911441565e-05,1.27637156958
USD_CAD,M15,1361500,1.38909236017e-05,1.27637211798
USD_CAD,M15,1362000,1.38907035227e-05,1.27637266471
USD_CAD,M15,1362500,1.38904839186e-05,1.27637320979
USD_CAD,M15,1363000,1.38902647882e-05,1.27637375321
USD_CAD,M15,1363500,1.38900461304e-05,1.27637429498
USD_CAD,M15,1364000,1.38898279443e-05,1.27637483511
USD_CAD,M15,1364500,1.38896102287e-05,1.2763753736
USD_CAD,M15,1365000,1.38893929825e-05,1.27637591045
USD_CAD,M15,1365500,1.38891762047e-05,1.27637644567
USD_CAD,M15,1366000,1.38889598943e-05,1.27637697927
USD_CAD,M15,1366500,1.38887440501e-05,1.27637751124
USD_CAD,M15,1367000,1.38885286711e-05,1.2763780416
USD_CAD,M15,1367500,1.38883137564e-05,1.27637857034
USD_CAD,M15,1368000,1.38880993047e-05,1.27637909747
USD_CAD,M15,1368500,1.38878853151e-05,1.276379623
USD_CAD,M15,1369000,1.38876717865e-05,1.27638014693
USD_CAD,M15,1369500,1.38874587179e-05,1.27638066926
USD_CAD,M15,1370000,1.38872461083e-05,1.27638119
USD_CAD,M15,1370500,1.38870339565e-05,1.27638170916
USD_CAD,M15,1371000,1.38868222617e-05,1.27638222673
USD_CAD,M15,1371500,1.38866110226e-05,1.27638274272
USD_CAD,M15,1372000,1.38864002384e-05,1.27638325713
USD_CAD,M15,1372500,1.3886189908e-05,1.27638376998
USD_CAD,M15,1373000,1.38859800303e-05,1.27638428126
USD_CAD,M15,1373500,1.38857706043e-05,1.27638479097
USD_CAD,M15,1374000,1.38855616291e-05,1.27638529913
USD_CAD,M15,1374500,1.38853531036e-05,1.27638580574
USD_CAD,M15,1375000,1.38851450267e-05,1.27638631079
USD_CAD,M15,1375500,1.38849373975e-05,1.2763868143
USD_CAD,M15,1376000,1.3884730215e-05,1.27638731627
USD_CAD,M15,1376500,1.38845234781e-05,1.2763878167
USD_CAD,M15,1377000,1.38843171859e-05,1.2763883156
USD_CAD,M15,1377500,1.38841113373e-05,1.27638881298
USD_CAD,M15,1378000,1.38839059313e-05,1.27638930882
USD_CAD,M15,1378500,1.38837009671e-05,1.27638980315
USD_CAD,M15,1379000,1.38834964434e-05,1.27639029596
USD_CAD,M15,1379500,1.38832923594e-05,1.27639078725
USD_CAD,M15,1380000,1.38830887141e-05,1.27639127704
USD_CAD,M15,1380500,1.38828855065e-05,1.27639176533
USD_CAD,M15,1381000,1.38826827355e-05,1.27639225211
USD_CAD,M15,1381500,1.38824804003e-05,1.2763927374
USD_CAD,M15,1382000,1.38822784998e-05,1.27639322119
USD_CAD,M15,1382500,1.38820770331e-05,1.2763937035
USD_CAD,M15,1383000,1.38818759991e-05,1.27639418433
USD_CAD,M15,1383500,1.38816753969e-05,1.27639466367
USD_CAD,M15,1384000,1.38814752256e-05,1.27639514154
USD_CAD,M15,1384500,1.38812754841e-05,1.27639561793
USD_CAD,M15,1385000,1.38810761715e-05,1.27639609286
USD_CAD,M15,1385500,1.38808772868e-05,1.27639656632
USD_CAD,M15,1386000,1.38806788291e-05,1.27639703832
USD_CAD,M15,1386500,1.38804807975e-05,1.27639750887
USD_CAD,M15,1387000,1.38802831908e-05,1.27639797796
USD_CAD,M15,1387500,1.38800860083e-05,1.2763984456
USD_CAD,M15,1388000,1.38798892489e-05,1.2763989118
USD_CAD,M15,1388500,1.38796929116e-05,1.27639937656
USD_CAD,M15,1389000,1.38794969957e-05,1.27639983988
USD_CAD,M15,1389500,1.38793015e-05,1.27640030177
USD_CAD,M15,1390000,1.38791064237e-05,1.27640076223
USD_CAD,M15,1390500,1.38789117658e-05,1.27640122126
USD_CAD,M15,1391000,1.38787175253e-05,1.27640167887
USD_CAD,M15,1391500,1.38785237014e-05,1.27640213507
USD_CAD,M15,1392000,1.38783302931e-05,1.27640258985
USD_CAD,M15,1392500,1.38781372994e-05,1.27640304322
USD_CAD,M15,1393000,1.38779447195e-05,1.27640349518
USD_CAD,M15,1393500,1.38777525524e-05,1.27640394574
USD_CAD,M15,1394000,1.38775607972e-05,1.2764043949
USD_CAD,M15,1394500,1.3877369453e-05,1.27640484267
USD_CAD,M15,1395000,1.38771785187e-05,1.27640528904
USD_CAD,M15,1395500,1.38769879936e-05,1.27640573403
USD_CAD,M15,1396000,1.38767978767e-05,1.27640617763
USD_CAD,M15,1396500,1.38766081671e-05,1.27640661985
USD_CAD,M15,1397000,1.38764188639e-05,1.2764070607
USD_CAD,M15,1397500,1.38762299661e-05,1.27640750017
USD_CAD,M15,1398000,1.38760414729e-05,1.27640793827
USD_CAD,M15,1398500,1.38758533833e-05,1.27640837501
USD_CAD,M15,1399000,1.38756656965e-05,1.27640881039
USD_CAD,M15,1399500,1.38754784115e-05,1.2764092444
USD_CAD,M15,1400000,1.38752915274e-05,1.27640967707
USD_CAD,M15,1400500,1.38751050434e-05,1.27641010838
USD_CAD,M15,1401000,1.38749189586e-05,1.27641053834
USD_CAD,M15,1401500,1.3874733272e-05,1.27641096696
USD_CAD,M15,1402000,1.38745479828e-05,1.27641139424
USD_CAD,M15,1402500,1.38743630901e-05,1.27641182018
USD_CAD,M15,1403000,1.38741785929e-05,1.2764122448
USD_CAD,M15,1403500,1.38739944905e-05,1.27641266808
USD_CAD,M15,1404000,1.38738107819e-05,1.27641309003
USD_CAD,M15,1404500,1.38736274662e-05,1.27641351066
