USD_CHF,M15,102000,0.00052175966276,0.964734921302
USD_CHF,M15,102500,0.000327561738954,0.959391386849
USD_CHF,M15,103000,0.000238243203091,0.956190332206
USD_CHF,M15,103500,0.000186609135491,0.953967878579
USD_CHF,M15,104000,0.000155422592652,0.952322912549
USD_CHF,M15,104500,0.000136139017591,0.951063607512
USD_CHF,M15,105000,0.000123933581594,0.950078871375
USD_CHF,M15,105500,0.000115985289703,0.949296910061
USD_CHF,M15,106000,0.000110619658424,0.948668217175
USD_CHF,M15,106500,0.000106834663327,0.948157229281
USD_CHF,M15,107000,0.00010402758622,0.94773769262
USD_CHF,M15,107500,0.000101834389978,0.94738985791
USD_CHF,M15,108000,0.000100034262842,0.947098670507
USD_CHF,M15,108500,9.84925696079e-05,0.94685254461
USD_CHF,M15,109000,9.71266463898e-05,0.946642501176
USD_CHF,M15,109500,9.58852494368e-05,0.946461543869
USD_CHF,M15,110000,9.47361879732e-05,0.946304197394
USD_CHF,M15,110500,9.3658870896e-05,0.94616616048
USD_CHF,M15,111000,9.26398075276e-05,0.946044042019
USD_CHF,M15,111500,9.16698861564e-05,0.945935158802
USD_CHF,M15,112000,9.07427236315e-05,0.945837379588
USD_CHF,M15,112500,8.98536610193e-05,0.945749004406
USD_CHF,M15,113000,8.89991495401e-05,0.945668670887
USD_CHF,M15,113500,8.81763727137e-05,0.945595281413
USD_CHF,M15,114000,8.73830118123e-05,0.945527946386
USD_CHF,M15,114500,8.6617098537e-05,0.945465939996
USD_CHF,M15,115000,8.58769210124e-05,0.945408665704
USD_CHF,M15,115500,8.51609625645e-05,0.945355629276
USD_CHF,M15,116000,8.44678608111e-05,0.945306417714
USD_CHF,M15,116500,8.37963794754e-05,0.945260682751
USD_CHF,M15,117000,8.31453882752e-05,0.945218127938
USD_CHF,M15,117500,8.25138480366e-05,0.945178498503
USD_CHF,M15,118000,8.19007992605e-05,0.945141573384
USD_CHF,M15,118500,8.13053530387e-05,0.945107158968
USD_CHF,M15,119000,8.07266836171e-05,0.945075084137
USD_CHF,M15,119500,8.01640221561e-05,0.945045196364
USD_CHF,M15,120000,7.96166513916e-05,0.945017358604
USD_CHF,M15,120500,7.90839009956e-05,0.944991446829
USD_CHF,M15,121000,7.85651435e-05,0.944967348048
USD_CHF,M15,121500,7.80597906811e-05,0.944944958725
USD_CHF,M15,122000,7.75672903344e-05,0.944924183493
USD_CHF,M15,122500,7.70871233803e-05,0.944904934116
USD_CHF,M15,123000,7.66188012584e-05,0.944887128633
USD_CHF,M15,123500,7.61618635732e-05,0.944870690658
USD_CHF,M15,124000,7.57158759615e-05,0.944855548795
USD_CHF,M15,124500,7.52804281564e-05,0.944841636151
USD_CHF,M15,125000,7.4855132226e-05,0.944828889914
USD_CHF,M15,125500,7.44396209693e-05,0.944817251008
USD_CHF,M15,126000,7.40335464511e-05,0.944806663783
USD_CHF,M15,126500,7.3636578664e-05,0.944797075751
USD_CHF,M15,127000,7.32484043023e-05,0.94478843735
USD_CHF,M15,127500,7.28687256394e-05,0.944780701744
USD_CHF,M15,128000,7.2497259497e-05,0.944773824633
USD_CHF,M15,128500,7.21337362973e-05,0.944767764089
USD_CHF,M15,129000,7.17778991922e-05,0.944762480407
USD_CHF,M15,129500,7.14295032594e-05,0.944757935968
USD_CHF,M15,130000,7.10883147627e-05,0.94475409511
USD_CHF,M15,130500,7.07541104677e-05,0.94475092402
USD_CHF,M15,131000,7.04266770101e-05,0.94474839062
USD_CHF,M15,131500,7.01058103101e-05,0.944746464473
USD_CHF,M15,132000,6.97913150313e-05,0.94474511669
USD_CHF,M15,132500,6.94830040774e-05,0.944744319841
USD_CHF,M15,133000,6.91806981262e-05,0.94474404788
USD_CHF,M15,133500,6.88842251955e-05,0.944744276066
USD_CHF,M15,134000,6.85934202399e-05,0.944744980893
USD_CHF,M15,134500,6.83081247752e-05,0.944746140026
USD_CHF,M15,135000,6.80281865282e-05,0.944747732236
USD_CHF,M15,135500,6.77534591103e-05,0.944749737342
USD_CHF,M15,136000,6.74838017118e-05,0.944752136159
USD_CHF,M15,136500,6.72190788177e-05,0.94475491044
USD_CHF,M15,137000,6.69591599399e-05,0.944758042831
USD_CHF,M15,137500,6.67039193682e-05,0.944761516824
USD_CHF,M15,138000,6.64532359359e-05,0.944765316714
USD_CHF,M15,138500,6.62069928001e-05,0.944769427554
USD_CHF,M15,139000,6.59650772357e-05,0.94477383512
USD_CHF,M15,139500,6.57273804416e-05,0.944778525872
USD_CHF,M15,140000,6.54937973587e-05,0.94478348692
USD_CHF,M15,140500,6.52642264981e-05,0.94478870599
USD_CHF,M15,141000,6.50385697804e-05,0.944794171393
USD_CHF,M15,141500,6.48167323827e-05,0.944799871996
USD_CHF,M15,142000,6.45986225958e-05,0.944805797194
USD_CHF,M15,142500,6.43841516881e-05,0.944811936883
USD_CHF,M15,143000,6.41732337782e-05,0.944818281436
USD_CHF,M15,143500,6.39657857136e-05,0.944824821677
USD_CHF,M15,144000,6.37617269564e-05,0.944831548861
USD_CHF,M15,144500,6.35609794748e-05,0.944838454651
USD_CHF,M15,145000,6.33634676409e-05,0.944845531099
USD_CHF,M15,145500,6.31691181329e-05,0.944852770627
USD_CHF,M15,146000,6.29778598436e-05,0.944860166008
USD_CHF,M15,146500,6.27896237921e-05,0.944867710349
USD_CHF,M15,147000,6.26043430411e-05,0.944875397074
USD_CHF,M15,147500,6.24219526181e-05,0.944883219912
USD_CHF,M15,148000,6.22423894397e-05,0.944891172879
USD_CHF,M15,148500,6.20655922407e-05,0.944899250262
USD_CHF,M15,149000,6.1891501506e-05,0.944907446614
USD_CHF,M15,149500,6.17200594056e-05,0.944915756733
USD_CHF,M15,150000,6.1551209733e-05,0.944924175655
USD_CHF,M15,150500,6.13848978465e-05,0.944932698641
USD_CHF,M15,151000,6.12210706128e-05,0.944941321166
USD_CHF,M15,151500,6.10596763538e-05,0.94495003891
USD_CHF,M15,152000,6.09006647948e-05,0.944958847749
USD_CHF,M15,152500,6.07439870163e-05,0.944967743743
USD_CHF,M15,153000,6.0589595407e-05,0.944976723131
USD_CHF,M15,153500,6.04374436188e-05,0.944985782319
USD_CHF,M15,154000,6.02874865245e-05,0.944994917875
USD_CHF,M15,154500,6.01396801766e-05,0.945004126521
USD_CHF,M15,155000,5.99939817683e-05,0.945013405125
USD_CHF,M15,155500,5.98503495957e-05,0.945022750694
USD_CHF,M15,156000,5.97087430219e-05,0.94503216037
USD_CHF,M15,156500,5.95691224426e-05,0.945041631421
USD_CHF,M15,157000,5.94314492527e-05,0.945051161237
USD_CHF,M15,157500,5.92956858148e-05,0.945060747323
USD_CHF,M15,158000,5.91617954285e-05,0.945070387296
USD_CHF,M15,158500,5.90297423012e-05,0.945080078878
USD_CHF,M15,159000,5.88994915197e-05,0.945089819893
USD_CHF,M15,159500,5.87710090235e-05,0.945099608258
USD_CHF,M15,160000,5.86442615784e-05,0.945109441987
USD_CHF,M15,160500,5.85192167518e-05,0.945119319178
USD_CHF,M15,161000,5.83958428881e-05,0.945129238015
USD_CHF,M15,161500,5.8274109086e-05,0.945139196762
USD_CHF,M15,162000,5.8153985176e-05,0.945149193758
USD_CHF,M15,162500,5.80354416986e-05,0.945159227419
USD_CHF,M15,163000,5.7918449884e-05,0.945169296227
USD_CHF,M15,163500,5.78029816318e-05,0.945179398734
USD_CHF,M15,164000,5.76890094918e-05,0.945189533554
USD_CHF,M15,164500,5.75765066454e-05,0.945199699365
USD_CHF,M15,165000,5.74654468879e-05,0.9452098949
USD_CHF,M15,165500,5.73558046106e-05,0.94522011895
USD_CHF,M15,166000,5.72475547846e-05,0.94523037036
USD_CHF,M15,166500,5.71406729446e-05,0.945240648026
USD_CHF,M15,167000,5.70351351732e-05,0.945250950891
USD_CHF,M15,167500,5.69309180856e-05,0.945261277948
USD_CHF,M15,168000,5.68279988154e-05,0.945271628232
USD_CHF,M15,168500,5.67263550006e-05,0.945282000823
USD_CHF,M15,169000,5.66259647696e-05,0.945292394841
USD_CHF,M15,169500,5.65268067281e-05,0.945302809446
USD_CHF,M15,170000,5.64288599466e-05,0.945313243834
USD_CHF,M15,170500,5.63321039481e-05,0.945323697239
USD_CHF,M15,171000,5.62365186957e-05,0.945334168928
USD_CHF,M15,171500,5.61420845817e-05,0.945344658201
USD_CHF,M15,172000,5.60487824157e-05,0.94535516439
USD_CHF,M15,172500,5.59565934144e-05,0.945365686857
USD_CHF,M15,173000,5.58654991908e-05,0.945376224994
USD_CHF,M15,173500,5.57754817441e-05,0.945386778218
USD_CHF,M15,174000,5.56865234495e-05,0.945397345975
USD_CHF,M15,174500,5.55986070494e-05,0.945407927735
USD_CHF,M15,175000,5.55117156432e-05,0.945418522992
USD_CHF,M15,175500,5.54258326792e-05,0.945429131264
USD_CHF,M15,176000,5.53409419452e-05,0.94543975209
USD_CHF,M15,176500,5.52570275603e-05,0.945450385033
USD_CHF,M15,177000,5.51740739668e-05,0.945461029673
USD_CHF,M15,177500,5.5092065922e-05,0.945471685611
USD_CHF,M15,178000,5.50109884907e-05,0.945482352466
USD_CHF,M15,178500,5.49308270375e-05,0.945493029876
USD_CHF,M15,179000,5.48515672195e-05,0.945503717495
USD_CHF,M15,179500,5.47731949795e-05,0.945514414994
USD_CHF,M15,180000,5.46956965388e-05,0.945525122058
USD_CHF,M15,180500,5.46190583905e-05,0.945535838389
USD_CHF,M15,181000,5.45432672933e-05,0.945546563703
USD_CHF,M15,181500,5.4468310265e-05,0.945557297728
USD_CHF,M15,182000,5.43941745763e-05,0.945568040207
USD_CHF,M15,182500,5.43208477449e-05,0.945578790894
USD_CHF,M15,183000,5.424831753e-05,0.945589549556
USD_CHF,M15,183500,5.41765719259e-05,0.945600315971
USD_CHF,M15,184000,5.41055991574e-05,0.945611089928
USD_CHF,M15,184500,5.40353876739e-05,0.945621871226
USD_CHF,M15,185000,5.39659261442e-05,0.945632659674
USD_CHF,M15,185500,5.3897203452e-05,0.945643455093
USD_CHF,M15,186000,5.38292086902e-05,0.945654257309
USD_CHF,M15,186500,5.37619311567e-05,0.94566506616
USD_CHF,M15,187000,5.36953603497e-05,0.94567588149
USD_CHF,M15,187500,5.36294859627e-05,0.945686703153
USD_CHF,M15,188000,5.35642978806e-05,0.94569753101
USD_CHF,M15,188500,5.34997861754e-05,0.945708364929
USD_CHF,M15,189000,5.34359411015e-05,0.945719204783
USD_CHF,M15,189500,5.33727530922e-05,0.945730050456
USD_CHF,M15,190000,5.33102127553e-05,0.945740901835
USD_CHF,M15,190500,5.32483108696e-05,0.945751758813
USD_CHF,M15,191000,5.3187038381e-05,0.945762621291
USD_CHF,M15,191500,5.31263863987e-05,0.945773489173
USD_CHF,M15,192000,5.30663461916e-05,0.945784362369
USD_CHF,M15,192500,5.30069091852e-05,0.945795240795
USD_CHF,M15,193000,5.29480669577e-05,0.945806124372
USD_CHF,M15,193500,5.28898112372e-05,0.945817013022
USD_CHF,M15,194000,5.28321338979e-05,0.945827906677
USD_CHF,M15,194500,5.27750269575e-05,0.945838805267
USD_CHF,M15,195000,5.27184825738e-05,0.94584970873
USD_CHF,M15,195500,5.26624930418e-05,0.945860617007
USD_CHF,M15,196000,5.26070507909e-05,0.945871530041
USD_CHF,M15,196500,5.25521483816e-05,0.945882447781
USD_CHF,M15,197000,5.24977785035e-05,0.945893370176
USD_CHF,M15,197500,5.24439339719e-05,0.94590429718
USD_CHF,M15,198000,5.23906077256e-05,0.945915228749
USD_CHF,M15,198500,5.23377928239e-05,0.945926164843
USD_CHF,M15,199000,5.22854824446e-05,0.945937105424
USD_CHF,M15,199500,5.2233669881e-05,0.945948050455
USD_CHF,M15,200000,5.21823485402e-05,0.945958999903
USD_CHF,M15,200500,5.21315119399e-05,0.945969953736
USD_CHF,M15,201000,5.20811537069e-05,0.945980911926
USD_CHF,M15,201500,5.20312675743e-05,0.945991874445
USD_CHF,M15,202000,5.19818473799e-05,0.946002841267
USD_CHF,M15,202500,5.19328870635e-05,0.946013812369
USD_CHF,M15,203000,5.18843806651e-05,0.946024787728
USD_CHF,M15,203500,5.18363223231e-05,0.946035767324
USD_CHF,M15,204000,5.17887062718e-05,0.946046751138
USD_CHF,M15,204500,5.17415268399e-05,0.946057739151
USD_CHF,M15,205000,5.16947784485e-05,0.946068731348
USD_CHF,M15,205500,5.16484556093e-05,0.946079727712
USD_CHF,M15,206000,5.16025529227e-05,0.946090728229
USD_CHF,M15,206500,5.1557065076e-05,0.946101732887
USD_CHF,M15,207000,5.15119868419e-05,0.946112741673
USD_CHF,M15,207500,5.14673130767e-05,0.946123754575
USD_CHF,M15,208000,5.14230387187e-05,0.946134771583
USD_CHF,M15,208500,5.13791587865e-05,0.946145792688
USD_CHF,M15,209000,5.13356683776e-05,0.946156817879
USD_CHF,M15,209500,5.12925626666e-05,0.946167847149
USD_CHF,M15,210000,5.12498369042e-05,0.94617888049
USD_CHF,M15,210500,5.12074864152e-05,0.946189917895
USD_CHF,M15,211000,5.11655065975e-05,0.946200959357
USD_CHF,M15,211500,5.11238929203e-05,0.946212004869
USD_CHF,M15,212000,5.10826409231e-05,0.946223054425
USD_CHF,M15,212500,5.10417462143e-05,0.946234108021
USD_CHF,M15,213000,5.10012044698e-05,0.946245165651
USD_CHF,M15,213500,5.09610114315e-05,0.946256227309
USD_CHF,M15,214000,5.09211629066e-05,0.946267292992
USD_CHF,M15,214500,5.08816547661e-05,0.946278362695
USD_CHF,M15,215000,5.08424829435e-05,0.946289436413
USD_CHF,M15,215500,5.08036434336e-05,0.946300514143
USD_CHF,M15,216000,5.07651322918e-05,0.94631159588
USD_CHF,M15,216500,5.07269456325e-05,0.946322681621
USD_CHF,M15,217000,5.06890796283e-05,0.946333771361
USD_CHF,M15,217500,5.06515305087e-05,0.946344865098
USD_CHF,M15,218000,5.06142945594e-05,0.946355962826
USD_CHF,M15,218500,5.05773681208e-05,0.946367064543
USD_CHF,M15,219000,5.05407475876e-05,0.946378170244
USD_CHF,M15,219500,5.05044294071e-05,0.946389279926
USD_CHF,M15,220000,5.04684100791e-05,0.946400393584
USD_CHF,M15,220500,5.04326861541e-05,0.946411511215
USD_CHF,M15,221000,5.0397254233e-05,0.946422632815
USD_CHF,M15,221500,5.0362110966e-05,0.946433758379
USD_CHF,M15,222000,5.03272530516e-05,0.946444887903
USD_CHF,M15,222500,5.02926772361e-05,0.946456021382
USD_CHF,M15,223000,5.02583803121e-05,0.946467158812
USD_CHF,M15,223500,5.02243591186e-05,0.946478300187
USD_CHF,M15,224000,5.01906105393e-05,0.946489445504
USD_CHF,M15,224500,5.01571315024e-05,0.946500594755
USD_CHF,M15,225000,5.01239189795e-05,0.946511747937
USD_CHF,M15,225500,5.00909699852e-05,0.946522905043
USD_CHF,M15,226000,5.00582815758e-05,0.946534066067
USD_CHF,M15,226500,5.00258508493e-05,0.946545231003
USD_CHF,M15,227000,4.99936749439e-05,0.946556399845
USD_CHF,M15,227500,4.99617510379e-05,0.946567572586
USD_CHF,M15,228000,4.99300763489e-05,0.946578749219
USD_CHF,M15,228500,4.9898648133e-05,0.946589929737
USD_CHF,M15,229000,4.9867463684e-05,0.946601114132
USD_CHF,M15,229500,4.98365203333e-05,0.946612302397
USD_CHF,M15,230000,4.98058154486e-05,0.946623494523
USD_CHF,M15,230500,4.97753464338e-05,0.946634690503
USD_CHF,M15,231000,4.97451107281e-05,0.946645890328
USD_CHF,M15,231500,4.97151058058e-05,0.946657093989
USD_CHF,M15,232000,4.9685329175e-05,0.946668301476
USD_CHF,M15,232500,4.96557783778e-05,0.946679512781
USD_CHF,M15,233000,4.96264509893e-05,0.946690727893
USD_CHF,M15,233500,4.95973446172e-05,0.946701946802
USD_CHF,M15,234000,4.95684569012e-05,0.946713169499
USD_CHF,M15,234500,4.95397855125e-05,0.946724395972
USD_CHF,M15,235000,4.95113281535e-05,0.94673562621
USD_CHF,M15,235500,4.94830825567e-05,0.946746860202
USD_CHF,M15,236000,4.9455046485e-05,0.946758097937
USD_CHF,M15,236500,4.94272177306e-05,0.946769339403
USD_CHF,M15,237000,4.93995941148e-05,0.946780584587
USD_CHF,M15,237500,4.93721734874e-05,0.946791833477
USD_CHF,M15,238000,4.93449537264e-05,0.94680308606
USD_CHF,M15,238500,4.93179327375e-05,0.946814342324
USD_CHF,M15,239000,4.92911084536e-05,0.946825602254
USD_CHF,M15,239500,4.92644788344e-05,0.946836865837
USD_CHF,M15,240000,4.92380418659e-05,0.94684813306
USD_CHF,M15,240500,4.92117955601e-05,0.946859403907
USD_CHF,M15,241000,4.91857379547e-05,0.946870678364
USD_CHF,M15,241500,4.91598671124e-05,0.946881956417
USD_CHF,M15,242000,4.91341811207e-05,0.94689323805
USD_CHF,M15,242500,4.91086780914e-05,0.946904523249
USD_CHF,M15,243000,4.90833561605e-05,0.946915811996
USD_CHF,M15,243500,4.90582134876e-05,0.946927104276
USD_CHF,M15,244000,4.90332482553e-05,0.946938400074
USD_CHF,M15,244500,4.90084586694e-05,0.946949699372
USD_CHF,M15,245000,4.89838429582e-05,0.946961002154
USD_CHF,M15,245500,4.89593993721e-05,0.946972308402
USD_CHF,M15,246000,4.89351261836e-05,0.9469836181
USD_CHF,M15,246500,4.89110216865e-05,0.946994931229
USD_CHF,M15,247000,4.88870841961e-05,0.947006247772
USD_CHF,M15,247500,4.88633120483e-05,0.947017567711
USD_CHF,M15,248000,4.88397035999e-05,0.947028891027
USD_CHF,M15,248500,4.88162572276e-05,0.947040217702
USD_CHF,M15,249000,4.87929713286e-05,0.947051547717
USD_CHF,M15,249500,4.87698443193e-05,0.947062881053
USD_CHF,M15,250000,4.87468746359e-05,0.947074217691
USD_CHF,M15,250500,4.87240607332e-05,0.94708555761
USD_CHF,M15,251000,4.87014010855e-05,0.947096900792
USD_CHF,M15,251500,4.8678894185e-05,0.947108247216
USD_CHF,M15,252000,4.86565385426e-05,0.947119596863
USD_CHF,M15,252500,4.86343326871e-05,0.94713094971
USD_CHF,M15,253000,4.86122751649e-05,0.947142305739
USD_CHF,M15,253500,4.85903645402e-05,0.947153664928
USD_CHF,M15,254000,4.85685993942e-05,0.947165027256
USD_CHF,M15,254500,4.85469783251e-05,0.947176392701
USD_CHF,M15,255000,4.8525499948e-05,0.947187761243
USD_CHF,M15,255500,4.85041628943e-05,0.947199132859
USD_CHF,M15,256000,4.84829658119e-05,0.947210507529
USD_CHF,M15,256500,4.84619073647e-05,0.947221885228
USD_CHF,M15,257000,4.84409862321e-05,0.947233265937
USD_CHF,M15,257500,4.84202011096e-05,0.947244649631
USD_CHF,M15,258000,4.83995507077e-05,0.947256036289
USD_CHF,M15,258500,4.83790337521e-05,0.947267425888
USD_CHF,M15,259000,4.83586489836e-05,0.947278818405
USD_CHF,M15,259500,4.83383951575e-05,0.947290213816
USD_CHF,M15,260000,4.83182710439e-05,0.947301612099
USD_CHF,M15,260500,4.82982754271e-05,0.94731301323
USD_CHF,M15,261000,4.82784071053e-05,0.947324417186
USD_CHF,M15,261500,4.82586648911e-05,0.947335823943
USD_CHF,M15,262000,4.82390476104e-05,0.947347233476
USD_CHF,M15,262500,4.82195541028e-05,0.947358645763
USD_CHF,M15,263000,4.82001832215e-05,0.947370060779
USD_CHF,M15,263500,4.81809338324e-05,0.9473814785
USD_CHF,M15,264000,4.81618048149e-05,0.9473928989
USD_CHF,M15,264500,4.81427950608e-05,0.947404321957
USD_CHF,M15,265000,4.81239034749e-05,0.947415747645
USD_CHF,M15,265500,4.81051289742e-05,0.94742717594
USD_CHF,M15,266000,4.80864704881e-05,0.947438606816
USD_CHF,M15,266500,4.80679269583e-05,0.947450040248
USD_CHF,M15,267000,4.80494973382e-05,0.947461476212
USD_CHF,M15,267500,4.80311805933e-05,0.947472914683
USD_CHF,M15,268000,4.80129757005e-05,0.947484355635
USD_CHF,M15,268500,4.79948816485e-05,0.947495799042
USD_CHF,M15,269000,4.7976897437e-05,0.947507244879
USD_CHF,M15,269500,4.79590220773e-05,0.947518693122
USD_CHF,M15,270000,4.79412545914e-05,0.947530143743
USD_CHF,M15,270500,4.79235940123e-05,0.947541596717
USD_CHF,M15,271000,4.79060393841e-05,0.947553052019
USD_CHF,M15,271500,4.78885897609e-05,0.947564509622
USD_CHF,M15,272000,4.78712442079e-05,0.947575969501
USD_CHF,M15,272500,4.78540018003e-05,0.947587431629
USD_CHF,M15,273000,4.78368616236e-05,0.947598895981
USD_CHF,M15,273500,4.78198227733e-05,0.947610362529
USD_CHF,M15,274000,4.7802884355e-05,0.947621831249
USD_CHF,M15,274500,4.77860454841e-05,0.947633302113
USD_CHF,M15,275000,4.77693052855e-05,0.947644775095
USD_CHF,M15,275500,4.77526628939e-05,0.947656250169
USD_CHF,M15,276000,4.77361174535e-05,0.947667727309
USD_CHF,M15,276500,4.77196681174e-05,0.947679206487
USD_CHF,M15,277000,4.77033140485e-05,0.947690687677
USD_CHF,M15,277500,4.76870544182e-05,0.947702170853
USD_CHF,M15,278000,4.76708884074e-05,0.947713655988
USD_CHF,M15,278500,4.76548152055e-05,0.947725143055
USD_CHF,M15,279000,4.76388340109e-05,0.947736632028
USD_CHF,M15,279500,4.76229440303e-05,0.947748122879
USD_CHF,M15,280000,4.76071444793e-05,0.947759615582
USD_CHF,M15,280500,4.75914345817e-05,0.947771110111
USD_CHF,M15,281000,4.75758135697e-05,0.947782606437
USD_CHF,M15,281500,4.75602806838e-05,0.947794104535
USD_CHF,M15,282000,4.75448351723e-05,0.947805604378
USD_CHF,M15,282500,4.75294762918e-05,0.947817105938
USD_CHF,M15,283000,4.75142033067e-05,0.947828609189
USD_CHF,M15,283500,4.74990154893e-05,0.947840114103
USD_CHF,M15,284000,4.74839121195e-05,0.947851620655
USD_CHF,M15,284500,4.74688924849e-05,0.947863128816
USD_CHF,M15,285000,4.74539558805e-05,0.94787463856
USD_CHF,M15,285500,4.7439101609e-05,0.94788614986
USD_CHF,M15,286000,4.742432898e-05,0.947897662689
USD_CHF,M15,286500,4.74096373109e-05,0.947909177019
USD_CHF,M15,287000,4.73950259258e-05,0.947920692825
USD_CHF,M15,287500,4.73804941561e-05,0.947932210079
USD_CHF,M15,288000,4.73660413402e-05,0.947943728754
USD_CHF,M15,288500,4.73516668233e-05,0.947955248823
USD_CHF,M15,289000,4.73373699575e-05,0.947966770259
USD_CHF,M15,289500,4.73231501016e-05,0.947978293035
USD_CHF,M15,290000,4.7309006621e-05,0.947989817124
USD_CHF,M15,290500,4.72949388879e-05,0.9480013425
USD_CHF,M15,291000,4.72809462807e-05,0.948012869135
USD_CHF,M15,291500,4.72670281844e-05,0.948024397003
USD_CHF,M15,292000,4.72531839904e-05,0.948035926077
USD_CHF,M15,292500,4.72394130962e-05,0.94804745633
USD_CHF,M15,293000,4.72257149055e-05,0.948058987734
USD_CHF,M15,293500,4.72120888283e-05,0.948070520264
USD_CHF,M15,294000,4.71985342805e-05,0.948082053893
USD_CHF,M15,294500,4.7185050684e-05,0.948093588593
USD_CHF,M15,295000,4.71716374666e-05,0.948105124338
USD_CHF,M15,295500,4.7158294062e-05,0.948116661102
USD_CHF,M15,296000,4.71450199095e-05,0.948128198858
USD_CHF,M15,296500,4.71318144543e-05,0.948139737579
USD_CHF,M15,297000,4.71186771471e-05,0.948151277238
USD_CHF,M15,297500,4.71056074442e-05,0.94816281781
USD_CHF,M15,298000,4.70926048075e-05,0.948174359267
USD_CHF,M15,298500,4.7079668704e-05,0.948185901583
USD_CHF,M15,299000,4.70667986066e-05,0.948197444733
USD_CHF,M15,299500,4.70539939929e-05,0.948208988688
USD_CHF,M15,300000,4.70412543463e-05,0.948220533423
USD_CHF,M15,300500,4.70285791551e-05,0.948232078912
USD_CHF,M15,301000,4.70159679127e-05,0.948243625129
USD_CHF,M15,301500,4.70034201178e-05,0.948255172047
USD_CHF,M15,302000,4.69909352737e-05,0.94826671964
USD_CHF,M15,302500,4.69785128891e-05,0.948278267882
USD_CHF,M15,303000,4.69661524773e-05,0.948289816747
USD_CHF,M15,303500,4.69538535565e-05,0.948301366209
USD_CHF,M15,304000,4.69416156498e-05,0.948312916242
USD_CHF,M15,304500,4.69294382849e-05,0.94832446682
USD_CHF,M15,305000,4.69173209942e-05,0.948336017918
USD_CHF,M15,305500,4.69052633148e-05,0.948347569509
USD_CHF,M15,306000,4.68932647882e-05,0.948359121568
USD_CHF,M15,306500,4.68813249605e-05,0.948370674068
USD_CHF,M15,307000,4.68694433823e-05,0.948382226986
USD_CHF,M15,307500,4.68576196087e-05,0.948393780294
USD_CHF,M15,308000,4.68458531989e-05,0.948405333967
USD_CHF,M15,308500,4.68341437166e-05,0.948416887981
USD_CHF,M15,309000,4.68224907298e-05,0.948428442309
USD_CHF,M15,309500,4.68108938105e-05,0.948439996927
USD_CHF,M15,310000,4.67993525352e-05,0.948451551808
USD_CHF,M15,310500,4.67878664842e-05,0.948463106928
USD_CHF,M15,311000,4.67764352421e-05,0.948474662262
USD_CHF,M15,311500,4.67650583974e-05,0.948486217785
USD_CHF,M15,312000,4.67537355426e-05,0.948497773471
USD_CHF,M15,312500,4.67424662742e-05,0.948509329296
USD_CHF,M15,313000,4.67312501925e-05,0.948520885235
USD_CHF,M15,313500,4.67200869019e-05,0.948532441262
USD_CHF,M15,314000,4.67089760103e-05,0.948543997354
USD_CHF,M15,314500,4.66979171295e-05,0.948555553486
USD_CHF,M15,315000,4.6686909875e-05,0.948567109633
USD_CHF,M15,315500,4.66759538662e-05,0.94857866577
USD_CHF,M15,316000,4.66650487257e-05,0.948590221873
USD_CHF,M15,316500,4.66541940801e-05,0.948601777918
USD_CHF,M15,317000,4.66433895594e-05,0.94861333388
USD_CHF,M15,317500,4.66326347971e-05,0.948624889735
USD_CHF,M15,318000,4.66219294304e-05,0.948636445459
USD_CHF,M15,318500,4.66112730996e-05,0.948648001028
USD_CHF,M15,319000,4.66006654487e-05,0.948659556417
USD_CHF,M15,319500,4.65901061249e-05,0.948671111603
USD_CHF,M15,320000,4.65795947788e-05,0.948682666563
USD_CHF,M15,320500,4.65691310645e-05,0.948694221271
USD_CHF,M15,321000,4.65587146389e-05,0.948705775705
USD_CHF,M15,321500,4.65483451625e-05,0.94871732984
USD_CHF,M15,322000,4.6538022299e-05,0.948728883654
USD_CHF,M15,322500,4.6527745715e-05,0.948740437122
USD_CHF,M15,323000,4.65175150804e-05,0.948751990221
USD_CHF,M15,323500,4.65073300682e-05,0.948763542929
USD_CHF,M15,324000,4.64971903545e-05,0.94877509522
USD_CHF,M15,324500,4.64870956181e-05,0.948786647074
USD_CHF,M15,325000,4.64770455413e-05,0.948798198465
USD_CHF,M15,325500,4.6467039809e-05,0.948809749371
USD_CHF,M15,326000,4.6457078109e-05,0.94882129977
USD_CHF,M15,326500,4.64471601323e-05,0.948832849638
USD_CHF,M15,327000,4.64372855725e-05,0.948844398952
USD_CHF,M15,327500,4.64274541261e-05,0.94885594769
USD_CHF,M15,328000,4.64176654925e-05,0.948867495829
USD_CHF,M15,328500,4.64079193737e-05,0.948879043347
USD_CHF,M15,329000,4.63982154745e-05,0.94889059022
USD_CHF,M15,329500,4.63885535026e-05,0.948902136427
USD_CHF,M15,330000,4.63789331682e-05,0.948913681945
USD_CHF,M15,330500,4.63693541841e-05,0.948925226752
USD_CHF,M15,331000,4.63598162659e-05,0.948936770826
USD_CHF,M15,331500,4.63503191316e-05,0.948948314144
USD_CHF,M15,332000,4.63408625021e-05,0.948959856685
USD_CHF,M15,332500,4.63314461006e-05,0.948971398427
USD_CHF,M15,333000,4.63220696527e-05,0.948982939347
USD_CHF,M15,333500,4.63127328868e-05,0.948994479424
USD_CHF,M15,334000,4.63034355336e-05,0.949006018636
USD_CHF,M15,334500,4.62941773263e-05,0.949017556962
USD_CHF,M15,335000,4.62849580004e-05,0.94902909438
USD_CHF,M15,335500,4.62757772938e-05,0.949040630869
USD_CHF,M15,336000,4.6266634947e-05,0.949052166407
USD_CHF,M15,336500,4.62575307026e-05,0.949063700972
USD_CHF,M15,337000,4.62484643056e-05,0.949075234544
USD_CHF,M15,337500,4.62394355033e-05,0.949086767102
USD_CHF,M15,338000,4.62304440451e-05,0.949098298624
USD_CHF,M15,338500,4.62214896829e-05,0.949109829089
USD_CHF,M15,339000,4.62125721708e-05,0.949121358477
USD_CHF,M15,339500,4.62036912648e-05,0.949132886766
USD_CHF,M15,340000,4.61948467233e-05,0.949144413936
USD_CHF,M15,340500,4.6186038307e-05,0.949155939967
USD_CHF,M15,341000,4.61772657784e-05,0.949167464837
USD_CHF,M15,341500,4.61685289024e-05,0.949178988526
USD_CHF,M15,342000,4.61598274457e-05,0.949190511013
USD_CHF,M15,342500,4.61511611772e-05,0.949202032279
USD_CHF,M15,343000,4.6142529868e-05,0.949213552303
USD_CHF,M15,343500,4.6133933291e-05,0.949225071065
USD_CHF,M15,344000,4.61253712211e-05,0.949236588545
USD_CHF,M15,344500,4.61168434353e-05,0.949248104722
USD_CHF,M15,345000,4.61083497126e-05,0.949259619576
USD_CHF,M15,345500,4.60998898337e-05,0.949271133089
USD_CHF,M15,346000,4.60914635815e-05,0.94928264524
USD_CHF,M15,346500,4.60830707406e-05,0.949294156009
USD_CHF,M15,347000,4.60747110976e-05,0.949305665376
USD_CHF,M15,347500,4.60663844408e-05,0.949317173323
USD_CHF,M15,348000,4.60580905605e-05,0.949328679829
USD_CHF,M15,348500,4.60498292488e-05,0.949340184875
USD_CHF,M15,349000,4.60416002996e-05,0.949351688443
USD_CHF,M15,349500,4.60334035085e-05,0.949363190512
USD_CHF,M15,350000,4.6025238673e-05,0.949374691063
USD_CHF,M15,350500,4.60171055922e-05,0.949386190078
USD_CHF,M15,351000,4.60090040671e-05,0.949397687537
USD_CHF,M15,351500,4.60009339002e-05,0.949409183421
USD_CHF,M15,352000,4.59928948959e-05,0.949420677712
USD_CHF,M15,352500,4.59848868603e-05,0.949432170391
USD_CHF,M15,353000,4.59769096009e-05,0.949443661439
USD_CHF,M15,353500,4.5968962927e-05,0.949455150838
USD_CHF,M15,354000,4.59610466497e-05,0.949466638568
USD_CHF,M15,354500,4.59531605815e-05,0.949478124612
USD_CHF,M15,355000,4.59453045365e-05,0.94948960895
USD_CHF,M15,355500,4.59374783304e-05,0.949501091566
USD_CHF,M15,356000,4.59296817806e-05,0.94951257244
USD_CHF,M15,356500,4.59219147059e-05,0.949524051554
USD_CHF,M15,357000,4.59141769266e-05,0.949535528891
USD_CHF,M15,357500,4.59064682648e-05,0.949547004432
USD_CHF,M15,358000,4.58987885437e-05,0.949558478159
USD_CHF,M15,358500,4.58911375882e-05,0.949569950054
USD_CHF,M15,359000,4.58835152248e-05,0.949581420101
USD_CHF,M15,359500,4.58759212812e-05,0.94959288828
USD_CHF,M15,360000,4.58683555867e-05,0.949604354574
USD_CHF,M15,360500,4.5860817972e-05,0.949615818966
USD_CHF,M15,361000,4.58533082691e-05,0.949627281439
USD_CHF,M15,361500,4.58458263117e-05,0.949638741974
USD_CHF,M15,362000,4.58383719346e-05,0.949650200555
USD_CHF,M15,362500,4.58309449741e-05,0.949661657165
USD_CHF,M15,363000,4.58235452678e-05,0.949673111785
USD_CHF,M15,363500,4.58161726546e-05,0.949684564399
USD_CHF,M15,364000,4.5808826975e-05,0.949696014991
USD_CHF,M15,364500,4.58015080704e-05,0.949707463542
USD_CHF,M15,365000,4.57942157839e-05,0.949718910036
USD_CHF,M15,365500,4.57869499597e-05,0.949730354457
USD_CHF,M15,366000,4.57797104433e-05,0.949741796787
USD_CHF,M15,366500,4.57724970815e-05,0.94975323701
USD_CHF,M15,367000,4.57653097222e-05,0.949764675109
USD_CHF,M15,367500,4.57581482149e-05,0.949776111068
USD_CHF,M15,368000,4.575101241e-05,0.949787544871
USD_CHF,M15,368500,4.57439021592e-05,0.9497989765
USD_CHF,M15,369000,4.57368173155e-05,0.949810405939
USD_CHF,M15,369500,4.5729757733e-05,0.949821833173
USD_CHF,M15,370000,4.57227232671e-05,0.949833258186
USD_CHF,M15,370500,4.57157137742e-05,0.94984468096
USD_CHF,M15,371000,4.5708729112e-05,0.94985610148
USD_CHF,M15,371500,4.57017691393e-05,0.94986751973
USD_CHF,M15,372000,4.5694833716e-05,0.949878935695
USD_CHF,M15,372500,4.56879227032e-05,0.949890349358
USD_CHF,M15,373000,4.56810359632e-05,0.949901760703
USD_CHF,M15,373500,4.56741733591e-05,0.949913169715
USD_CHF,M15,374000,4.56673347555e-05,0.949924576379
USD_CHF,M15,374500,4.56605200177e-05,0.949935980678
USD_CHF,M15,375000,4.56537290123e-05,0.949947382598
USD_CHF,M15,375500,4.56469616069e-05,0.949958782122
USD_CHF,M15,376000,4.56402176703e-05,0.949970179236
USD_CHF,M15,376500,4.5633497072e-05,0.949981573924
USD_CHF,M15,377000,4.5626799683e-05,0.949992966172
USD_CHF,M15,377500,4.56201253748e-05,0.950004355963
USD_CHF,M15,378000,4.56134740204e-05,0.950015743283
USD_CHF,M15,378500,4.56068454934e-05,0.950027128117
USD_CHF,M15,379000,4.56002396687e-05,0.95003851045
USD_CHF,M15,379500,4.55936564221e-05,0.950049890266
USD_CHF,M15,380000,4.55870956303e-05,0.950061267552
USD_CHF,M15,380500,4.55805571709e-05,0.950072642293
USD_CHF,M15,381000,4.55740409227e-05,0.950084014473
USD_CHF,M15,381500,4.55675467653e-05,0.950095384079
USD_CHF,M15,382000,4.55610745792e-05,0.950106751095
USD_CHF,M15,382500,4.5554624246e-05,0.950118115507
USD_CHF,M15,383000,4.55481956479e-05,0.950129477301
USD_CHF,M15,383500,4.55417886684e-05,0.950140836463
USD_CHF,M15,384000,4.55354031916e-05,0.950152192978
USD_CHF,M15,384500,4.55290391027e-05,0.950163546831
USD_CHF,M15,385000,4.55226962876e-05,0.95017489801
USD_CHF,M15,385500,4.55163746333e-05,0.950186246499
USD_CHF,M15,386000,4.55100740275e-05,0.950197592284
USD_CHF,M15,386500,4.55037943588e-05,0.950208935353
USD_CHF,M15,387000,4.54975355166e-05,0.95022027569
USD_CHF,M15,387500,4.54912973914e-05,0.950231613282
USD_CHF,M15,388000,4.54850798742e-05,0.950242948115
USD_CHF,M15,388500,4.5478882857e-05,0.950254280175
USD_CHF,M15,389000,4.54727062326e-05,0.95026560945
USD_CHF,M15,389500,4.54665498946e-05,0.950276935924
USD_CHF,M15,390000,4.54604137375e-05,0.950288259585
USD_CHF,M15,390500,4.54542976565e-05,0.95029958042
USD_CHF,M15,391000,4.54482015476e-05,0.950310898414
USD_CHF,M15,391500,4.54421253075e-05,0.950322213554
USD_CHF,M15,392000,4.54360688339e-05,0.950333525828
USD_CHF,M15,392500,4.54300320252e-05,0.950344835221
USD_CHF,M15,393000,4.54240147803e-05,0.950356141721
USD_CHF,M15,393500,4.54180169993e-05,0.950367445315
USD_CHF,M15,394000,4.54120385826e-05,0.950378745989
USD_CHF,M15,394500,4.54060794317e-05,0.950390043731
USD_CHF,M15,395000,4.54001394486e-05,0.950401338527
USD_CHF,M15,395500,4.53942185362e-05,0.950412630365
USD_CHF,M15,396000,4.53883165979e-05,0.950423919233
USD_CHF,M15,396500,4.53824335382e-05,0.950435205116
USD_CHF,M15,397000,4.53765692618e-05,0.950446488002
USD_CHF,M15,397500,4.53707236745e-05,0.95045776788
USD_CHF,M15,398000,4.53648966827e-05,0.950469044735
USD_CHF,M15,398500,4.53590881933e-05,0.950480318557
USD_CHF,M15,399000,4.53532981141e-05,0.950491589331
USD_CHF,M15,399500,4.53475263536e-05,0.950502857047
USD_CHF,M15,400000,4.53417728207e-05,0.95051412169
USD_CHF,M15,400500,4.53360374253e-05,0.95052538325
USD_CHF,M15,401000,4.53303200777e-05,0.950536641714
USD_CHF,M15,401500,4.5324620689e-05,0.950547897069
USD_CHF,M15,402000,4.53189391709e-05,0.950559149304
USD_CHF,M15,402500,4.53132754357e-05,0.950570398407
USD_CHF,M15,403000,4.53076293964e-05,0.950581644365
USD_CHF,M15,403500,4.53020009665e-05,0.950592887166
USD_CHF,M15,404000,4.52963900604e-05,0.950604126799
USD_CHF,M15,404500,4.52907965928e-05,0.950615363251
USD_CHF,M15,405000,4.52852204792e-05,0.950626596512
USD_CHF,M15,405500,4.52796616356e-05,0.950637826568
USD_CHF,M15,406000,4.52741199787e-05,0.950649053409
USD_CHF,M15,406500,4.52685954258e-05,0.950660277022
USD_CHF,M15,407000,4.52630878947e-05,0.950671497397
USD_CHF,M15,407500,4.52575973038e-05,0.950682714522
USD_CHF,M15,408000,4.52521235722e-05,0.950693928384
USD_CHF,M15,408500,4.52466666193e-05,0.950705138973
USD_CHF,M15,409000,4.52412263654e-05,0.950716346278
USD_CHF,M15,409500,4.52358027312e-05,0.950727550286
USD_CHF,M15,410000,4.52303956379e-05,0.950738750987
USD_CHF,M15,410500,4.52250050074e-05,0.95074994837
USD_CHF,M15,411000,4.5219630762e-05,0.950761142422
USD_CHF,M15,411500,4.52142728246e-05,0.950772333134
USD_CHF,M15,412000,4.52089311188e-05,0.950783520494
USD_CHF,M15,412500,4.52036055685e-05,0.950794704491
USD_CHF,M15,413000,4.51982960981e-05,0.950805885114
USD_CHF,M15,413500,4.51930026329e-05,0.950817062352
USD_CHF,M15,414000,4.51877250983e-05,0.950828236195
USD_CHF,M15,414500,4.51824634203e-05,0.95083940663
USD_CHF,M15,415000,4.51772175257e-05,0.950850573649
USD_CHF,M15,415500,4.51719873415e-05,0.950861737239
USD_CHF,M15,416000,4.51667727953e-05,0.950872897391
USD_CHF,M15,416500,4.51615738152e-05,0.950884054093
USD_CHF,M15,417000,4.51563903297e-05,0.950895207335
USD_CHF,M15,417500,4.51512222681e-05,0.950906357106
USD_CHF,M15,418000,4.51460695597e-05,0.950917503397
USD_CHF,M15,418500,4.51409321348e-05,0.950928646196
USD_CHF,M15,419000,4.51358099237e-05,0.950939785493
USD_CHF,M15,419500,4.51307028576e-05,0.950950921279
USD_CHF,M15,420000,4.51256108678e-05,0.950962053541
USD_CHF,M15,420500,4.51205338862e-05,0.950973182271
USD_CHF,M15,421000,4.51154718454e-05,0.950984307458
USD_CHF,M15,421500,4.5110424678e-05,0.950995429092
USD_CHF,M15,422000,4.51053923175e-05,0.951006547163
USD_CHF,M15,422500,4.51003746975e-05,0.95101766166
USD_CHF,M15,423000,4.50953717522e-05,0.951028772575
USD_CHF,M15,423500,4.50903834162e-05,0.951039879896
USD_CHF,M15,424000,4.50854096247e-05,0.951050983613
USD_CHF,M15,424500,4.50804503131e-05,0.951062083718
USD_CHF,M15,425000,4.50755054173e-05,0.9510731802
USD_CHF,M15,425500,4.50705748737e-05,0.95108427305
USD_CHF,M15,426000,4.5065658619e-05,0.951095362256
USD_CHF,M15,426500,4.50607565904e-05,0.951106447811
USD_CHF,M15,427000,4.50558687256e-05,0.951117529704
USD_CHF,M15,427500,4.50509949626e-05,0.951128607926
USD_CHF,M15,428000,4.50461352397e-05,0.951139682467
USD_CHF,M15,428500,4.50412894958e-05,0.951150753318
USD_CHF,M15,429000,4.50364576701e-05,0.951161820468
USD_CHF,M15,429500,4.50316397022e-05,0.951172883909
USD_CHF,M15,430000,4.50268355322e-05,0.951183943632
USD_CHF,M15,430500,4.50220451004e-05,0.951194999626
USD_CHF,M15,431000,4.50172683477e-05,0.951206051883
USD_CHF,M15,431500,4.50125052152e-05,0.951217100394
USD_CHF,M15,432000,4.50077556445e-05,0.951228145148
USD_CHF,M15,432500,4.50030195775e-05,0.951239186138
USD_CHF,M15,433000,4.49982969566e-05,0.951250223353
USD_CHF,M15,433500,4.49935877243e-05,0.951261256785
USD_CHF,M15,434000,4.49888918237e-05,0.951272286425
USD_CHF,M15,434500,4.49842091983e-05,0.951283312264
USD_CHF,M15,435000,4.49795397919e-05,0.951294334292
USD_CHF,M15,435500,4.49748835484e-05,0.951305352501
USD_CHF,M15,436000,4.49702404125e-05,0.951316366882
USD_CHF,M15,436500,4.4965610329e-05,0.951327377427
USD_CHF,M15,437000,4.49609932431e-05,0.951338384125
USD_CHF,M15,437500,4.49563891002e-05,0.951349386969
USD_CHF,M15,438000,4.49517978464e-05,0.95136038595
USD_CHF,M15,438500,4.49472194277e-05,0.951371381059
USD_CHF,M15,439000,4.49426537908e-05,0.951382372287
USD_CHF,M15,439500,4.49381008825e-05,0.951393359627
USD_CHF,M15,440000,4.49335606501e-05,0.951404343068
USD_CHF,M15,440500,4.49290330411e-05,0.951415322604
USD_CHF,M15,441000,4.49245180034e-05,0.951426298225
USD_CHF,M15,441500,4.49200154852e-05,0.951437269922
USD_CHF,M15,442000,4.49155254351e-05,0.951448237689
USD_CHF,M15,442500,4.49110478018e-05,0.951459201515
USD_CHF,M15,443000,4.49065825346e-05,0.951470161393
USD_CHF,M15,443500,4.49021295829e-05,0.951481117315
USD_CHF,M15,444000,4.48976888966e-05,0.951492069272
USD_CHF,M15,444500,4.48932604256e-05,0.951503017256
USD_CHF,M15,445000,4.48888441205e-05,0.951513961259
USD_CHF,M15,445500,4.48844399319e-05,0.951524901273
USD_CHF,M15,446000,4.48800478108e-05,0.95153583729
USD_CHF,M15,446500,4.48756677085e-05,0.951546769301
USD_CHF,M15,447000,4.48712995767e-05,0.951557697298
USD_CHF,M15,447500,4.48669433672e-05,0.951568621275
USD_CHF,M15,448000,4.48625990323e-05,0.951579541222
USD_CHF,M15,448500,4.48582665243e-05,0.951590457132
USD_CHF,M15,449000,4.48539457961e-05,0.951601368996
USD_CHF,M15,449500,4.48496368007e-05,0.951612276808
USD_CHF,M15,450000,4.48453394915e-05,0.951623180559
USD_CHF,M15,450500,4.4841053822e-05,0.951634080242
USD_CHF,M15,451000,4.48367797461e-05,0.951644975848
USD_CHF,M15,451500,4.48325172181e-05,0.951655867371
USD_CHF,M15,452000,4.48282661923e-05,0.951666754802
USD_CHF,M15,452500,4.48240266234e-05,0.951677638133
USD_CHF,M15,453000,4.48197984665e-05,0.951688517359
USD_CHF,M15,453500,4.48155816767e-05,0.951699392469
USD_CHF,M15,454000,4.48113762097e-05,0.951710263458
USD_CHF,M15,454500,4.4807182021e-05,0.951721130318
USD_CHF,M15,455000,4.48029990669e-05,0.951731993041
USD_CHF,M15,455500,4.47988273035e-05,0.95174285162
USD_CHF,M15,456000,4.47946666875e-05,0.951753706047
USD_CHF,M15,456500,4.47905171755e-05,0.951764556315
USD_CHF,M15,457000,4.47863787248e-05,0.951775402418
USD_CHF,M15,457500,4.47822512925e-05,0.951786244347
USD_CHF,M15,458000,4.47781348362e-05,0.951797082095
USD_CHF,M15,458500,4.47740293138e-05,0.951807915655
USD_CHF,M15,459000,4.47699346832e-05,0.951818745021
USD_CHF,M15,459500,4.47658509028e-05,0.951829570184
USD_CHF,M15,460000,4.4761777931e-05,0.951840391138
USD_CHF,M15,460500,4.47577157267e-05,0.951851207876
USD_CHF,M15,461000,4.47536642488e-05,0.951862020391
USD_CHF,M15,461500,4.47496234566e-05,0.951872828675
USD_CHF,M15,462000,4.47455933096e-05,0.951883632722
USD_CHF,M15,462500,4.47415737674e-05,0.951894432524
USD_CHF,M15,463000,4.47375647899e-05,0.951905228076
USD_CHF,M15,463500,4.47335663374e-05,0.95191601937
USD_CHF,M15,464000,4.47295783703e-05,0.951926806398
USD_CHF,M15,464500,4.4725600849e-05,0.951937589155
USD_CHF,M15,465000,4.47216337345e-05,0.951948367634
USD_CHF,M15,465500,4.47176769878e-05,0.951959141828
USD_CHF,M15,466000,4.47137305702e-05,0.951969911729
USD_CHF,M15,466500,4.47097944432e-05,0.951980677333
USD_CHF,M15,467000,4.47058685684e-05,0.951991438631
USD_CHF,M15,467500,4.47019529078e-05,0.952002195617
USD_CHF,M15,468000,4.46980474235e-05,0.952012948285
USD_CHF,M15,468500,4.46941520779e-05,0.952023696628
USD_CHF,M15,469000,4.46902668335e-05,0.95203444064
USD_CHF,M15,469500,4.46863916531e-05,0.952045180313
USD_CHF,M15,470000,4.46825264996e-05,0.952055915643
USD_CHF,M15,470500,4.46786713363e-05,0.952066646621
USD_CHF,M15,471000,4.46748261264e-05,0.952077373243
USD_CHF,M15,471500,4.46709908336e-05,0.952088095501
USD_CHF,M15,472000,4.46671654216e-05,0.952098813389
USD_CHF,M15,472500,4.46633498543e-05,0.9521095269
USD_CHF,M15,473000,4.46595440961e-05,0.95212023603
USD_CHF,M15,473500,4.46557481112e-05,0.952130940771
USD_CHF,M15,474000,4.46519618642e-05,0.952141641116
USD_CHF,M15,474500,4.46481853199e-05,0.952152337061
USD_CHF,M15,475000,4.46444184431e-05,0.952163028599
USD_CHF,M15,475500,4.46406611991e-05,0.952173715723
USD_CHF,M15,476000,4.46369135531e-05,0.952184398427
USD_CHF,M15,476500,4.46331754706e-05,0.952195076706
USD_CHF,M15,477000,4.46294469174e-05,0.952205750554
USD_CHF,M15,477500,4.46257278593e-05,0.952216419964
USD_CHF,M15,478000,4.46220182625e-05,0.95222708493
USD_CHF,M15,478500,4.4618318093e-05,0.952237745447
USD_CHF,M15,479000,4.46146273174e-05,0.952248401509
USD_CHF,M15,479500,4.46109459022e-05,0.952259053109
USD_CHF,M15,480000,4.46072738142e-05,0.952269700242
USD_CHF,M15,480500,4.46036110205e-05,0.952280342902
USD_CHF,M15,481000,4.4599957488e-05,0.952290981084
USD_CHF,M15,481500,4.45963131841e-05,0.95230161478
