USD_CAD,H1,109500,0.000138196124341,1.32054769365
USD_CAD,H1,110000,9.27241670997e-05,1.31119758566
USD_CAD,H1,110500,7.07676781138e-05,1.30600314176
USD_CAD,H1,111000,5.83869952661e-05,1.30229580639
USD_CAD,H1,111500,5.08687986807e-05,1.29934653273
USD_CAD,H1,112000,4.59726207606e-05,1.29685900401
USD_CAD,H1,112500,4.25581980297e-05,1.29468908179
USD_CAD,H1,113000,4.00258597439e-05,1.29275711888
USD_CAD,H1,113500,3.80508280084e-05,1.29101432061
USD_CAD,H1,114000,3.64509802275e-05,1.28942811407
USD_CAD,H1,114500,3.51196221701e-05,1.28797515166
USD_CAD,H1,115000,3.39908271578e-05,1.28663770998
USD_CAD,H1,115500,3.30213410386e-05,1.28540172296
USD_CAD,H1,116000,3.2181003815e-05,1.28425564982
USD_CAD,H1,116500,3.14475890349e-05,1.28318978995
USD_CAD,H1,117000,3.08039557094e-05,1.28219584676
USD_CAD,H1,117500,3.02364240691e-05,1.28126663535
USD_CAD,H1,118000,2.97338085643e-05,1.28039587659
USD_CAD,H1,118500,2.92868111421e-05,1.27957804542
USD_CAD,H1,119000,2.88876177503e-05,1.27880825455
USD_CAD,H1,119500,2.85296139768e-05,1.27808216247
USD_CAD,H1,120000,2.82071739955e-05,1.27739589896
USD_CAD,H1,120500,2.79154972073e-05,1.27674600346
USD_CAD,H1,121000,2.76504777626e-05,1.27612937354
USD_CAD,H1,121500,2.74085980079e-05,1.27554322132
USD_CAD,H1,122000,2.71868401478e-05,1.27498503619
USD_CAD,H1,122500,2.6982612269e-05,1.27445255285
USD_CAD,H1,123000,2.67936859778e-05,1.27394372375
USD_CAD,H1,123500,2.66181435959e-05,1.27345669512
USD_CAD,H1,124000,2.64543333148e-05,1.27298978607
USD_CAD,H1,124500,2.63008310303e-05,1.27254147041
USD_CAD,H1,125000,2.61564078116e-05,1.27211036059
USD_CAD,H1,125500,2.60200021408e-05,1.27169519357
USD_CAD,H1,126000,2.58906962019e-05,1.27129481844
USD_CAD,H1,126500,2.57676956107e-05,1.27090818527
USD_CAD,H1,127000,2.56503120756e-05,1.27053433541
USD_CAD,H1,127500,2.55379485537e-05,1.27017239264
USD_CAD,H1,128000,2.54300865374e-05,1.26982155547
USD_CAD,H1,128500,2.5326275157e-05,1.26948109008
USD_CAD,H1,129000,2.52261218365e-05,1.26915032409
USD_CAD,H1,129500,2.51292842743e-05,1.26882864093
USD_CAD,H1,130000,2.50354635588e-05,1.26851547478
USD_CAD,H1,130500,2.49443982546e-05,1.26821030599
USD_CAD,H1,131000,2.4855859318e-05,1.26791265697
USD_CAD,H1,131500,2.47696457252e-05,1.2676220885
USD_CAD,H1,132000,2.46855807098e-05,1.26733819628
USD_CAD,H1,132500,2.46035085225e-05,1.26706060795
USD_CAD,H1,133000,2.45232916402e-05,1.2667889803
USD_CAD,H1,133500,2.44448083595e-05,1.26652299675
USD_CAD,H1,134000,2.4367950721e-05,1.26626236506
USD_CAD,H1,134500,2.42926227178e-05,1.26600681526
USD_CAD,H1,135000,2.42187387481e-05,1.26575609779
USD_CAD,H1,135500,2.41462222782e-05,1.26550998175
USD_CAD,H1,136000,2.40750046858e-05,1.26526825331
USD_CAD,H1,136500,2.400502426e-05,1.26503071436
USD_CAD,H1,137000,2.39362253343e-05,1.26479718113
USD_CAD,H1,137500,2.38685575365e-05,1.26456748305
USD_CAD,H1,138000,2.38019751373e-05,1.26434146164
USD_CAD,H1,138500,2.37364364858e-05,1.26411896954
USD_CAD,H1,139000,2.36719035188e-05,1.26389986959
USD_CAD,H1,139500,2.3608341335e-05,1.26368403401
USD_CAD,H1,140000,2.35457178239e-05,1.26347134365
USD_CAD,H1,140500,2.34840033433e-05,1.26326168729
USD_CAD,H1,141000,2.34231704384e-05,1.26305496101
USD_CAD,H1,141500,2.33631935966e-05,1.2628510676
USD_CAD,H1,142000,2.33040490334e-05,1.26264991607
USD_CAD,H1,142500,2.3245714506e-05,1.2624514211
USD_CAD,H1,143000,2.31881691497e-05,1.26225550267
USD_CAD,H1,143500,2.31313933345e-05,1.26206208559
USD_CAD,H1,144000,2.30753685403e-05,1.26187109916
USD_CAD,H1,144500,2.30200772467e-05,1.2616824768
USD_CAD,H1,145000,2.29655028361e-05,1.26149615579
USD_CAD,H1,145500,2.29116295089e-05,1.26131207691
USD_CAD,H1,146000,2.28584422088e-05,1.26113018424
USD_CAD,H1,146500,2.28059265564e-05,1.26095042487
USD_CAD,H1,147000,2.2754068791e-05,1.2607727487
USD_CAD,H1,147500,2.27028557188e-05,1.26059710822
USD_CAD,H1,148000,2.26522746672e-05,1.26042345836
USD_CAD,H1,148500,2.26023134442e-05,1.26025175627
USD_CAD,H1,149000,2.25529603022e-05,1.26008196117
USD_CAD,H1,149500,2.25042039056e-05,1.25991403422
USD_CAD,H1,150000,2.24560333019e-05,1.25974793839
USD_CAD,H1,150500,2.24084378963e-05,1.25958363831
USD_CAD,H1,151000,2.23614074284e-05,1.25942110017
USD_CAD,H1,151500,2.23149319509e-05,1.25926029162
USD_CAD,H1,152000,2.22690018116e-05,1.25910118166
USD_CAD,H1,152500,2.22236076359e-05,1.25894374056
USD_CAD,H1,153000,2.21787403119e-05,1.25878793977
USD_CAD,H1,153500,2.21343909758e-05,1.25863375186
USD_CAD,H1,154000,2.20905509998e-05,1.25848115041
USD_CAD,H1,154500,2.20472119804e-05,1.25833011002
USD_CAD,H1,155000,2.20043657274e-05,1.25818060615
USD_CAD,H1,155500,2.19620042547e-05,1.25803261514
USD_CAD,H1,156000,2.19201197709e-05,1.25788611415
USD_CAD,H1,156500,2.18787046712e-05,1.25774108108
USD_CAD,H1,157000,2.18377515298e-05,1.25759749454
USD_CAD,H1,157500,2.17972530928e-05,1.25745533382
USD_CAD,H1,158000,2.17572022715e-05,1.25731457885
USD_CAD,H1,158500,2.17175921362e-05,1.25717521015
USD_CAD,H1,159000,2.16784159105e-05,1.25703720881
USD_CAD,H1,159500,2.16396669662e-05,1.25690055647
USD_CAD,H1,160000,2.16013388176e-05,1.25676523525
USD_CAD,H1,160500,2.15634251174e-05,1.25663122778
USD_CAD,H1,161000,2.15259196518e-05,1.25649851713
USD_CAD,H1,161500,2.14888163364e-05,1.25636708682
USD_CAD,H1,162000,2.14521092122e-05,1.25623692078
USD_CAD,H1,162500,2.14157924416e-05,1.25610800333
USD_CAD,H1,163000,2.1379860305e-05,1.25598031917
USD_CAD,H1,163500,2.13443071973e-05,1.25585385335
USD_CAD,H1,164000,2.13091276245e-05,1.25572859128
USD_CAD,H1,164500,2.12743162007e-05,1.25560451869
USD_CAD,H1,165000,2.12398676451e-05,1.25548162162
USD_CAD,H1,165500,2.12057767789e-05,1.25535988642
USD_CAD,H1,166000,2.11720385229e-05,1.25523929971
USD_CAD,H1,166500,2.11386478944e-05,1.25511984842
USD_CAD,H1,167000,2.11056000054e-05,1.25500151971
USD_CAD,H1,167500,2.10728900591e-05,1.25488430101
USD_CAD,H1,168000,2.10405133488e-05,1.25476818001
USD_CAD,H1,168500,2.10084652544e-05,1.25465314462
USD_CAD,H1,169000,2.09767412411e-05,1.25453918299
USD_CAD,H1,169500,2.09453368572e-05,1.25442628347
USD_CAD,H1,170000,2.09142477314e-05,1.25431443466
USD_CAD,H1,170500,2.08834695717e-05,1.25420362532
USD_CAD,H1,171000,2.0852998163e-05,1.25409384445
USD_CAD,H1,171500,2.08228293654e-05,1.25398508121
USD_CAD,H1,172000,2.07929591124e-05,1.25387732497
USD_CAD,H1,172500,2.07633834093e-05,1.25377056528
USD_CAD,H1,173000,2.07340983312e-05,1.25366479184
USD_CAD,H1,173500,2.07051000219e-05,1.25355999456
USD_CAD,H1,174000,2.06763846919e-05,1.25345616346
USD_CAD,H1,174500,2.06479486171e-05,1.25335328878
USD_CAD,H1,175000,2.06197881373e-05,1.25325136088
USD_CAD,H1,175500,2.05918996548e-05,1.25315037028
USD_CAD,H1,176000,2.05642796329e-05,1.25305030764
USD_CAD,H1,176500,2.05369245945e-05,1.25295116378
USD_CAD,H1,177000,2.05098311211e-05,1.25285292964
USD_CAD,H1,177500,2.04829958514e-05,1.25275559631
USD_CAD,H1,178000,2.04564154798e-05,1.25265915501
USD_CAD,H1,178500,2.04300867556e-05,1.25256359709
USD_CAD,H1,179000,2.04040064815e-05,1.25246891402
USD_CAD,H1,179500,2.03781715128e-05,1.25237509739
USD_CAD,H1,180000,2.03525787558e-05,1.25228213893
USD_CAD,H1,180500,2.03272251675e-05,1.25219003047
USD_CAD,H1,181000,2.03021077536e-05,1.25209876396
USD_CAD,H1,181500,2.02772235684e-05,1.25200833146
USD_CAD,H1,182000,2.0252569713e-05,1.25191872515
USD_CAD,H1,182500,2.02281433349e-05,1.25182993729
USD_CAD,H1,183000,2.0203941627e-05,1.25174196027
USD_CAD,H1,183500,2.01799618262e-05,1.25165478658
USD_CAD,H1,184000,2.01562012134e-05,1.25156840881
USD_CAD,H1,184500,2.01326571115e-05,1.25148281964
USD_CAD,H1,185000,2.01093268855e-05,1.25139801184
USD_CAD,H1,185500,2.00862079413e-05,1.2513139783
USD_CAD,H1,186000,2.00632977248e-05,1.25123071198
USD_CAD,H1,186500,2.00405937214e-05,1.25114820595
USD_CAD,H1,187000,2.00180934548e-05,1.25106645334
USD_CAD,H1,187500,1.99957944867e-05,1.25098544739
USD_CAD,H1,188000,1.99736944159e-05,1.25090518142
USD_CAD,H1,188500,1.99517908775e-05,1.25082564884
USD_CAD,H1,189000,1.99300815421e-05,1.25074684312
USD_CAD,H1,189500,1.99085641157e-05,1.25066875784
USD_CAD,H1,190000,1.98872363383e-05,1.25059138664
USD_CAD,H1,190500,1.98660959836e-05,1.25051472324
USD_CAD,H1,191000,1.98451408586e-05,1.25043876145
USD_CAD,H1,191500,1.98243688025e-05,1.25036349513
USD_CAD,H1,192000,1.98037776864e-05,1.25028891823
USD_CAD,H1,192500,1.97833654127e-05,1.25021502478
USD_CAD,H1,193000,1.97631299143e-05,1.25014180886
USD_CAD,H1,193500,1.97430691545e-05,1.25006926464
USD_CAD,H1,194000,1.97231811258e-05,1.24999738633
USD_CAD,H1,194500,1.97034638501e-05,1.24992616825
USD_CAD,H1,195000,1.96839153775e-05,1.24985560475
USD_CAD,H1,195500,1.96645337862e-05,1.24978569025
USD_CAD,H1,196000,1.96453171818e-05,1.24971641926
USD_CAD,H1,196500,1.96262636971e-05,1.24964778632
USD_CAD,H1,197000,1.96073714911e-05,1.24957978605
USD_CAD,H1,197500,1.95886387492e-05,1.24951241313
USD_CAD,H1,198000,1.95700636821e-05,1.24944566229
USD_CAD,H1,198500,1.95516445257e-05,1.24937952834
USD_CAD,H1,199000,1.95333795408e-05,1.24931400611
USD_CAD,H1,199500,1.95152670121e-05,1.24924909053
USD_CAD,H1,200000,1.94973052484e-05,1.24918477657
USD_CAD,H1,200500,1.9479492582e-05,1.24912105923
USD_CAD,H1,201000,1.94618273679e-05,1.2490579336
USD_CAD,H1,201500,1.94443079842e-05,1.24899539482
USD_CAD,H1,202000,1.94269328308e-05,1.24893343805
USD_CAD,H1,202500,1.94097003298e-05,1.24887205854
USD_CAD,H1,203000,1.93926089246e-05,1.24881125157
USD_CAD,H1,203500,1.937565708e-05,1.24875101247
USD_CAD,H1,204000,1.93588432812e-05,1.24869133664
USD_CAD,H1,204500,1.93421660341e-05,1.2486322195
USD_CAD,H1,205000,1.93256238648e-05,1.24857365654
USD_CAD,H1,205500,1.93092153189e-05,1.24851564328
USD_CAD,H1,206000,1.92929389617e-05,1.2484581753
USD_CAD,H1,206500,1.92767933773e-05,1.24840124823
USD_CAD,H1,207000,1.92607771689e-05,1.24834485772
USD_CAD,H1,207500,1.92448889581e-05,1.24828899949
USD_CAD,H1,208000,1.92291273847e-05,1.2482336693
USD_CAD,H1,208500,1.92134911063e-05,1.24817886295
USD_CAD,H1,209000,1.91979787984e-05,1.24812457626
USD_CAD,H1,209500,1.91825891535e-05,1.24807080514
USD_CAD,H1,210000,1.91673208813e-05,1.2480175455
USD_CAD,H1,210500,1.91521727083e-05,1.2479647933
USD_CAD,H1,211000,1.91371433775e-05,1.24791254457
USD_CAD,H1,211500,1.91222316482e-05,1.24786079533
USD_CAD,H1,212000,1.91074362956e-05,1.24780954167
USD_CAD,H1,212500,1.90927561106e-05,1.24775877973
USD_CAD,H1,213000,1.90781898998e-05,1.24770850565
USD_CAD,H1,213500,1.90637364848e-05,1.24765871564
USD_CAD,H1,214000,1.90493947024e-05,1.24760940594
USD_CAD,H1,214500,1.90351634042e-05,1.24756057281
USD_CAD,H1,215000,1.90210414562e-05,1.24751221257
USD_CAD,H1,215500,1.90070277387e-05,1.24746432155
USD_CAD,H1,216000,1.89931211464e-05,1.24741689615
USD_CAD,H1,216500,1.89793205876e-05,1.24736993277
USD_CAD,H1,217000,1.89656249844e-05,1.24732342786
USD_CAD,H1,217500,1.89520332724e-05,1.24727737791
USD_CAD,H1,218000,1.89385444003e-05,1.24723177942
USD_CAD,H1,218500,1.892515733e-05,1.24718662895
USD_CAD,H1,219000,1.89118710363e-05,1.24714192308
USD_CAD,H1,219500,1.88986845067e-05,1.24709765842
USD_CAD,H1,220000,1.88855967409e-05,1.24705383161
USD_CAD,H1,220500,1.88726067512e-05,1.24701043932
USD_CAD,H1,221000,1.8859713562e-05,1.24696747828
USD_CAD,H1,221500,1.88469162094e-05,1.2469249452
USD_CAD,H1,222000,1.88342137415e-05,1.24688283686
USD_CAD,H1,222500,1.88216052179e-05,1.24684115005
USD_CAD,H1,223000,1.88090897095e-05,1.24679988159
USD_CAD,H1,223500,1.87966662986e-05,1.24675902835
USD_CAD,H1,224000,1.87843340786e-05,1.24671858721
USD_CAD,H1,224500,1.87720921537e-05,1.24667855506
USD_CAD,H1,225000,1.87599396389e-05,1.24663892886
USD_CAD,H1,225500,1.87478756598e-05,1.24659970557
USD_CAD,H1,226000,1.87358993525e-05,1.24656088218
USD_CAD,H1,226500,1.87240098634e-05,1.24652245571
USD_CAD,H1,227000,1.87122063489e-05,1.24648442321
USD_CAD,H1,227500,1.87004879756e-05,1.24644678175
USD_CAD,H1,228000,1.868885392e-05,1.24640952843
USD_CAD,H1,228500,1.8677303368e-05,1.24637266037
USD_CAD,H1,229000,1.86658355155e-05,1.24633617471
USD_CAD,H1,229500,1.86544495676e-05,1.24630006865
USD_CAD,H1,230000,1.86431447387e-05,1.24626433937
USD_CAD,H1,230500,1.86319202525e-05,1.24622898409
USD_CAD,H1,231000,1.86207753417e-05,1.24619400007
USD_CAD,H1,231500,1.8609709248e-05,1.24615938457
USD_CAD,H1,232000,1.85987212218e-05,1.24612513489
USD_CAD,H1,232500,1.85878105222e-05,1.24609124834
USD_CAD,H1,233000,1.8576976417e-05,1.24605772227
USD_CAD,H1,233500,1.85662181822e-05,1.24602455403
USD_CAD,H1,234000,1.85555351024e-05,1.24599174103
USD_CAD,H1,234500,1.85449264701e-05,1.24595928065
USD_CAD,H1,235000,1.85343915863e-05,1.24592717033
USD_CAD,H1,235500,1.85239297596e-05,1.24589540752
USD_CAD,H1,236000,1.85135403067e-05,1.2458639897
USD_CAD,H1,236500,1.85032225519e-05,1.24583291436
USD_CAD,H1,237000,1.84929758275e-05,1.24580217901
USD_CAD,H1,237500,1.8482799473e-05,1.24577178119
USD_CAD,H1,238000,1.84726928355e-05,1.24574171845
USD_CAD,H1,238500,1.84626552695e-05,1.24571198837
USD_CAD,H1,239000,1.84526861367e-05,1.24568258855
USD_CAD,H1,239500,1.8442784806e-05,1.2456535166
USD_CAD,H1,240000,1.84329506534e-05,1.24562477016
USD_CAD,H1,240500,1.84231830617e-05,1.24559634688
USD_CAD,H1,241000,1.84134814208e-05,1.24556824444
USD_CAD,H1,241500,1.84038451273e-05,1.24554046053
USD_CAD,H1,242000,1.83942735845e-05,1.24551299286
USD_CAD,H1,242500,1.83847662023e-05,1.24548583916
USD_CAD,H1,243000,1.8375322397e-05,1.24545899718
USD_CAD,H1,243500,1.83659415917e-05,1.24543246469
USD_CAD,H1,244000,1.83566232155e-05,1.24540623947
USD_CAD,H1,244500,1.83473667038e-05,1.24538031932
USD_CAD,H1,245000,1.83381714984e-05,1.24535470207
USD_CAD,H1,245500,1.83290370471e-05,1.24532938555
USD_CAD,H1,246000,1.83199628037e-05,1.24530436762
USD_CAD,H1,246500,1.83109482279e-05,1.24527964615
USD_CAD,H1,247000,1.83019927853e-05,1.24525521903
USD_CAD,H1,247500,1.82930959475e-05,1.24523108415
USD_CAD,H1,248000,1.82842571916e-05,1.24520723946
USD_CAD,H1,248500,1.82754760004e-05,1.24518368288
USD_CAD,H1,249000,1.82667518622e-05,1.24516041236
USD_CAD,H1,249500,1.8258084271e-05,1.24513742588
USD_CAD,H1,250000,1.82494727262e-05,1.24511472143
USD_CAD,H1,250500,1.82409167323e-05,1.245092297
USD_CAD,H1,251000,1.82324157995e-05,1.24507015062
USD_CAD,H1,251500,1.82239694429e-05,1.24504828031
USD_CAD,H1,252000,1.82155771829e-05,1.24502668413
USD_CAD,H1,252500,1.82072385451e-05,1.24500536014
USD_CAD,H1,253000,1.819895306e-05,1.24498430641
USD_CAD,H1,253500,1.8190720263e-05,1.24496352104
USD_CAD,H1,254000,1.81825396946e-05,1.24494300214
USD_CAD,H1,254500,1.81744109002e-05,1.24492274783
USD_CAD,H1,255000,1.81663334297e-05,1.24490275624
USD_CAD,H1,255500,1.81583068379e-05,1.24488302552
USD_CAD,H1,256000,1.81503306843e-05,1.24486355385
USD_CAD,H1,256500,1.8142404533e-05,1.24484433939
USD_CAD,H1,257000,1.81345279527e-05,1.24482538035
USD_CAD,H1,257500,1.81267005164e-05,1.24480667492
USD_CAD,H1,258000,1.81189218018e-05,1.24478822133
USD_CAD,H1,258500,1.81111913908e-05,1.24477001781
USD_CAD,H1,259000,1.81035088697e-05,1.2447520626
USD_CAD,H1,259500,1.80958738292e-05,1.24473435396
USD_CAD,H1,260000,1.80882858641e-05,1.24471689018
USD_CAD,H1,260500,1.80807445733e-05,1.24469966952
USD_CAD,H1,261000,1.80732495602e-05,1.24468269029
USD_CAD,H1,261500,1.80658004317e-05,1.24466595081
USD_CAD,H1,262000,1.80583967994e-05,1.24464944939
USD_CAD,H1,262500,1.80510382782e-05,1.24463318436
USD_CAD,H1,263000,1.80437244876e-05,1.24461715408
USD_CAD,H1,263500,1.80364550504e-05,1.24460135691
USD_CAD,H1,264000,1.80292295936e-05,1.24458579122
USD_CAD,H1,264500,1.8022047748e-05,1.24457045539
USD_CAD,H1,265000,1.80149091479e-05,1.24455534782
USD_CAD,H1,265500,1.80078134316e-05,1.24454046692
USD_CAD,H1,266000,1.80007602408e-05,1.2445258111
USD_CAD,H1,266500,1.79937492209e-05,1.2445113788
USD_CAD,H1,267000,1.79867800211e-05,1.24449716846
USD_CAD,H1,267500,1.79798522938e-05,1.24448317853
USD_CAD,H1,268000,1.79729656951e-05,1.24446940747
USD_CAD,H1,268500,1.79661198844e-05,1.24445585377
USD_CAD,H1,269000,1.79593145247e-05,1.24444251591
USD_CAD,H1,269500,1.79525492822e-05,1.24442939239
USD_CAD,H1,270000,1.79458238265e-05,1.24441648171
USD_CAD,H1,270500,1.79391378305e-05,1.24440378239
USD_CAD,H1,271000,1.79324909704e-05,1.24439129298
USD_CAD,H1,271500,1.79258829255e-05,1.24437901199
USD_CAD,H1,272000,1.79193133784e-05,1.244366938
USD_CAD,H1,272500,1.79127820147e-05,1.24435506955
USD_CAD,H1,273000,1.79062885232e-05,1.24434340522
USD_CAD,H1,273500,1.78998325958e-05,1.24433194359
USD_CAD,H1,274000,1.78934139274e-05,1.24432068325
USD_CAD,H1,274500,1.78870322158e-05,1.24430962281
USD_CAD,H1,275000,1.7880687162e-05,1.24429876088
USD_CAD,H1,275500,1.78743784696e-05,1.24428809607
USD_CAD,H1,276000,1.78681058454e-05,1.24427762702
USD_CAD,H1,276500,1.7861868999e-05,1.24426735237
USD_CAD,H1,277000,1.78556676427e-05,1.24425727077
USD_CAD,H1,277500,1.78495014916e-05,1.24424738087
USD_CAD,H1,278000,1.78433702638e-05,1.24423768136
USD_CAD,H1,278500,1.78372736799e-05,1.24422817091
USD_CAD,H1,279000,1.78312114634e-05,1.2442188482
USD_CAD,H1,279500,1.78251833402e-05,1.24420971193
USD_CAD,H1,280000,1.78191890392e-05,1.24420076081
USD_CAD,H1,280500,1.78132282915e-05,1.24419199355
USD_CAD,H1,281000,1.78073008313e-05,1.24418340889
USD_CAD,H1,281500,1.78014063948e-05,1.24417500554
USD_CAD,H1,282000,1.77955447212e-05,1.24416678225
USD_CAD,H1,282500,1.77897155519e-05,1.24415873778
USD_CAD,H1,283000,1.77839186308e-05,1.24415087087
USD_CAD,H1,283500,1.77781537046e-05,1.24414318031
USD_CAD,H1,284000,1.77724205218e-05,1.24413566486
USD_CAD,H1,284500,1.77667188339e-05,1.24412832331
USD_CAD,H1,285000,1.77610483944e-05,1.24412115445
USD_CAD,H1,285500,1.77554089591e-05,1.24411415709
USD_CAD,H1,286000,1.77498002865e-05,1.24410733003
USD_CAD,H1,286500,1.77442221369e-05,1.24410067208
USD_CAD,H1,287000,1.77386742733e-05,1.24409418209
USD_CAD,H1,287500,1.77331564606e-05,1.24408785887
USD_CAD,H1,288000,1.77276684661e-05,1.24408170127
USD_CAD,H1,288500,1.77222100592e-05,1.24407570815
USD_CAD,H1,289000,1.77167810116e-05,1.24406987835
USD_CAD,H1,289500,1.77113810969e-05,1.24406421074
USD_CAD,H1,290000,1.77060100911e-05,1.2440587042
USD_CAD,H1,290500,1.77006677721e-05,1.24405335761
USD_CAD,H1,291000,1.76953539199e-05,1.24404816985
USD_CAD,H1,291500,1.76900683166e-05,1.24404313981
USD_CAD,H1,292000,1.76848107464e-05,1.24403826641
USD_CAD,H1,292500,1.76795809953e-05,1.24403354855
USD_CAD,H1,293000,1.76743788515e-05,1.24402898515
USD_CAD,H1,293500,1.76692041049e-05,1.24402457514
USD_CAD,H1,294000,1.76640565477e-05,1.24402031744
USD_CAD,H1,294500,1.76589359738e-05,1.244016211
USD_CAD,H1,295000,1.76538421789e-05,1.24401225476
USD_CAD,H1,295500,1.76487749608e-05,1.24400844768
USD_CAD,H1,296000,1.76437341191e-05,1.24400478871
USD_CAD,H1,296500,1.76387194552e-05,1.24400127683
USD_CAD,H1,297000,1.76337307722e-05,1.243997911
USD_CAD,H1,297500,1.76287678753e-05,1.24399469021
USD_CAD,H1,298000,1.76238305713e-05,1.24399161346
USD_CAD,H1,298500,1.76189186687e-05,1.24398867972
USD_CAD,H1,299000,1.76140319779e-05,1.243985888
USD_CAD,H1,299500,1.76091703109e-05,1.24398323732
USD_CAD,H1,300000,1.76043334815e-05,1.24398072668
USD_CAD,H1,300500,1.75995213051e-05,1.24397835511
USD_CAD,H1,301000,1.75947335989e-05,1.24397612163
USD_CAD,H1,301500,1.75899701817e-05,1.24397402528
USD_CAD,H1,302000,1.75852308738e-05,1.2439720651
USD_CAD,H1,302500,1.75805154974e-05,1.24397024014
USD_CAD,H1,303000,1.7575823876e-05,1.24396854944
USD_CAD,H1,303500,1.75711558349e-05,1.24396699206
USD_CAD,H1,304000,1.75665112009e-05,1.24396556708
USD_CAD,H1,304500,1.75618898023e-05,1.24396427357
USD_CAD,H1,305000,1.75572914691e-05,1.24396311059
USD_CAD,H1,305500,1.75527160327e-05,1.24396207724
USD_CAD,H1,306000,1.75481633259e-05,1.24396117261
USD_CAD,H1,306500,1.75436331833e-05,1.24396039578
USD_CAD,H1,307000,1.75391254407e-05,1.24395974587
USD_CAD,H1,307500,1.75346399354e-05,1.24395922197
USD_CAD,H1,308000,1.75301765063e-05,1.24395882321
USD_CAD,H1,308500,1.75257349936e-05,1.24395854869
USD_CAD,H1,309000,1.7521315239e-05,1.24395839756
USD_CAD,H1,309500,1.75169170854e-05,1.24395836892
USD_CAD,H1,310000,1.75125403773e-05,1.24395846194
USD_CAD,H1,310500,1.75081849606e-05,1.24395867573
USD_CAD,H1,311000,1.75038506823e-05,1.24395900945
USD_CAD,H1,311500,1.74995373911e-05,1.24395946226
USD_CAD,H1,312000,1.74952449367e-05,1.24396003331
USD_CAD,H1,312500,1.74909731703e-05,1.24396072176
USD_CAD,H1,313000,1.74867219444e-05,1.24396152679
USD_CAD,H1,313500,1.74824911127e-05,1.24396244757
USD_CAD,H1,314000,1.74782805303e-05,1.24396348328
USD_CAD,H1,314500,1.74740900535e-05,1.2439646331
USD_CAD,H1,315000,1.74699195398e-05,1.24396589622
USD_CAD,H1,315500,1.7465768848e-05,1.24396727184
USD_CAD,H1,316000,1.74616378381e-05,1.24396875916
USD_CAD,H1,316500,1.74575263714e-05,1.24397035739
USD_CAD,H1,317000,1.74534343104e-05,1.24397206574
USD_CAD,H1,317500,1.74493615186e-05,1.24397388341
USD_CAD,H1,318000,1.74453078608e-05,1.24397580964
USD_CAD,H1,318500,1.74412732031e-05,1.24397784366
USD_CAD,H1,319000,1.74372574125e-05,1.24397998468
USD_CAD,H1,319500,1.74332603574e-05,1.24398223194
USD_CAD,H1,320000,1.74292819072e-05,1.2439845847
USD_CAD,H1,320500,1.74253219323e-05,1.24398704219
USD_CAD,H1,321000,1.74213803045e-05,1.24398960366
USD_CAD,H1,321500,1.74174568964e-05,1.24399226837
USD_CAD,H1,322000,1.74135515819e-05,1.24399503558
USD_CAD,H1,322500,1.7409664236e-05,1.24399790455
USD_CAD,H1,323000,1.74057947345e-05,1.24400087456
USD_CAD,H1,323500,1.74019429545e-05,1.24400394487
USD_CAD,H1,324000,1.73981087741e-05,1.24400711476
USD_CAD,H1,324500,1.73942920724e-05,1.24401038353
USD_CAD,H1,325000,1.73904927296e-05,1.24401375045
USD_CAD,H1,325500,1.73867106267e-05,1.24401721482
USD_CAD,H1,326000,1.7382945646e-05,1.24402077593
USD_CAD,H1,326500,1.73791976706e-05,1.24402443309
USD_CAD,H1,327000,1.73754665846e-05,1.24402818561
USD_CAD,H1,327500,1.73717522732e-05,1.24403203278
USD_CAD,H1,328000,1.73680546225e-05,1.24403597393
USD_CAD,H1,328500,1.73643735194e-05,1.24404000838
USD_CAD,H1,329000,1.7360708852e-05,1.24404413544
USD_CAD,H1,329500,1.73570605093e-05,1.24404835445
USD_CAD,H1,330000,1.7353428381e-05,1.24405266474
USD_CAD,H1,330500,1.73498123579e-05,1.24405706564
USD_CAD,H1,331000,1.73462123318e-05,1.2440615565
USD_CAD,H1,331500,1.73426281952e-05,1.24406613665
USD_CAD,H1,332000,1.73390598417e-05,1.24407080544
USD_CAD,H1,332500,1.73355071655e-05,1.24407556224
USD_CAD,H1,333000,1.7331970062e-05,1.24408040638
USD_CAD,H1,333500,1.73284484273e-05,1.24408533725
USD_CAD,H1,334000,1.73249421583e-05,1.24409035419
USD_CAD,H1,334500,1.73214511529e-05,1.24409545657
USD_CAD,H1,335000,1.73179753098e-05,1.24410064378
USD_CAD,H1,335500,1.73145145284e-05,1.24410591519
USD_CAD,H1,336000,1.73110687092e-05,1.24411127017
USD_CAD,H1,336500,1.73076377532e-05,1.24411670811
USD_CAD,H1,337000,1.73042215625e-05,1.2441222284
USD_CAD,H1,337500,1.73008200399e-05,1.24412783043
USD_CAD,H1,338000,1.72974330888e-05,1.2441335136
USD_CAD,H1,338500,1.72940606137e-05,1.2441392773
USD_CAD,H1,339000,1.72907025198e-05,1.24414512094
USD_CAD,H1,339500,1.72873587128e-05,1.24415104393
USD_CAD,H1,340000,1.72840290996e-05,1.24415704567
USD_CAD,H1,340500,1.72807135876e-05,1.24416312558
USD_CAD,H1,341000,1.72774120849e-05,1.24416928309
USD_CAD,H1,341500,1.72741245005e-05,1.2441755176
USD_CAD,H1,342000,1.72708507442e-05,1.24418182855
USD_CAD,H1,342500,1.72675907263e-05,1.24418821536
USD_CAD,H1,343000,1.72643443579e-05,1.24419467746
USD_CAD,H1,343500,1.72611115509e-05,1.2442012143
USD_CAD,H1,344000,1.72578922179e-05,1.24420782532
USD_CAD,H1,344500,1.72546862721e-05,1.24421450994
USD_CAD,H1,345000,1.72514936276e-05,1.24422126763
USD_CAD,H1,345500,1.7248314199e-05,1.24422809782
USD_CAD,H1,346000,1.72451479015e-05,1.24423499998
USD_CAD,H1,346500,1.72419946514e-05,1.24424197356
USD_CAD,H1,347000,1.72388543652e-05,1.24424901802
USD_CAD,H1,347500,1.72357269603e-05,1.24425613283
USD_CAD,H1,348000,1.72326123547e-05,1.24426331744
USD_CAD,H1,348500,1.72295104671e-05,1.24427057133
USD_CAD,H1,349000,1.72264212169e-05,1.24427789398
USD_CAD,H1,349500,1.7223344524e-05,1.24428528486
USD_CAD,H1,350000,1.7220280309e-05,1.24429274344
USD_CAD,H1,350500,1.72172284931e-05,1.24430026922
USD_CAD,H1,351000,1.72141889982e-05,1.24430786167
USD_CAD,H1,351500,1.72111617468e-05,1.2443155203
USD_CAD,H1,352000,1.72081466619e-05,1.24432324458
USD_CAD,H1,352500,1.72051436672e-05,1.24433103402
USD_CAD,H1,353000,1.7202152687e-05,1.24433888811
USD_CAD,H1,353500,1.71991736463e-05,1.24434680636
USD_CAD,H1,354000,1.71962064705e-05,1.24435478827
USD_CAD,H1,354500,1.71932510856e-05,1.24436283335
USD_CAD,H1,355000,1.71903074183e-05,1.24437094111
USD_CAD,H1,355500,1.71873753958e-05,1.24437911106
USD_CAD,H1,356000,1.71844549459e-05,1.24438734272
USD_CAD,H1,356500,1.71815459969e-05,1.24439563562
USD_CAD,H1,357000,1.71786484779e-05,1.24440398927
USD_CAD,H1,357500,1.71757623181e-05,1.2444124032
USD_CAD,H1,358000,1.71728874476e-05,1.24442087693
USD_CAD,H1,358500,1.71700237971e-05,1.24442941001
USD_CAD,H1,359000,1.71671712975e-05,1.24443800196
USD_CAD,H1,359500,1.71643298805e-05,1.24444665233
USD_CAD,H1,360000,1.71614994782e-05,1.24445536065
USD_CAD,H1,360500,1.71586800234e-05,1.24446412646
USD_CAD,H1,361000,1.71558714492e-05,1.24447294931
USD_CAD,H1,361500,1.71530736893e-05,1.24448182876
USD_CAD,H1,362000,1.7150286678e-05,1.24449076435
USD_CAD,H1,362500,1.714751035e-05,1.24449975563
USD_CAD,H1,363000,1.71447446404e-05,1.24450880217
USD_CAD,H1,363500,1.71419894852e-05,1.24451790352
USD_CAD,H1,364000,1.71392448204e-05,1.24452705925
USD_CAD,H1,364500,1.71365105827e-05,1.24453626891
USD_CAD,H1,365000,1.71337867094e-05,1.24454553209
USD_CAD,H1,365500,1.71310731381e-05,1.24455484834
USD_CAD,H1,366000,1.7128369807e-05,1.24456421725
USD_CAD,H1,366500,1.71256766546e-05,1.24457363839
USD_CAD,H1,367000,1.71229936201e-05,1.24458311133
USD_CAD,H1,367500,1.71203206429e-05,1.24459263566
USD_CAD,H1,368000,1.71176576632e-05,1.24460221095
USD_CAD,H1,368500,1.71150046212e-05,1.24461183681
USD_CAD,H1,369000,1.7112361458e-05,1.24462151281
USD_CAD,H1,369500,1.71097281149e-05,1.24463123855
USD_CAD,H1,370000,1.71071045337e-05,1.24464101361
USD_CAD,H1,370500,1.71044906565e-05,1.24465083761
USD_CAD,H1,371000,1.71018864261e-05,1.24466071012
USD_CAD,H1,371500,1.70992917855e-05,1.24467063077
USD_CAD,H1,372000,1.70967066783e-05,1.24468059914
USD_CAD,H1,372500,1.70941310484e-05,1.24469061485
USD_CAD,H1,373000,1.70915648402e-05,1.2447006775
USD_CAD,H1,373500,1.70890079984e-05,1.24471078671
USD_CAD,H1,374000,1.70864604682e-05,1.24472094208
USD_CAD,H1,374500,1.70839221953e-05,1.24473114324
USD_CAD,H1,375000,1.70813931255e-05,1.24474138979
USD_CAD,H1,375500,1.70788732054e-05,1.24475168137
USD_CAD,H1,376000,1.70763623816e-05,1.2447620176
USD_CAD,H1,376500,1.70738606015e-05,1.24477239809
USD_CAD,H1,377000,1.70713678126e-05,1.24478282247
USD_CAD,H1,377500,1.70688839628e-05,1.24479329038
USD_CAD,H1,378000,1.70664090005e-05,1.24480380145
USD_CAD,H1,378500,1.70639428744e-05,1.24481435531
USD_CAD,H1,379000,1.70614855337e-05,1.2448249516
USD_CAD,H1,379500,1.70590369278e-05,1.24483558995
USD_CAD,H1,380000,1.70565970066e-05,1.24484627001
USD_CAD,H1,380500,1.70541657203e-05,1.24485699141
USD_CAD,H1,381000,1.70517430195e-05,1.24486775381
USD_CAD,H1,381500,1.70493288551e-05,1.24487855685
USD_CAD,H1,382000,1.70469231785e-05,1.24488940019
USD_CAD,H1,382500,1.70445259413e-05,1.24490028346
USD_CAD,H1,383000,1.70421370955e-05,1.24491120633
USD_CAD,H1,383500,1.70397565935e-05,1.24492216845
USD_CAD,H1,384000,1.7037384388e-05,1.24493316948
USD_CAD,H1,384500,1.7035020432e-05,1.24494420908
USD_CAD,H1,385000,1.70326646789e-05,1.24495528692
USD_CAD,H1,385500,1.70303170824e-05,1.24496640264
USD_CAD,H1,386000,1.70279775967e-05,1.24497755593
USD_CAD,H1,386500,1.70256461761e-05,1.24498874645
USD_CAD,H1,387000,1.70233227753e-05,1.24499997387
USD_CAD,H1,387500,1.70210073494e-05,1.24501123787
USD_CAD,H1,388000,1.70186998537e-05,1.24502253811
USD_CAD,H1,388500,1.7016400244e-05,1.24503387427
USD_CAD,H1,389000,1.70141084762e-05,1.24504524603
USD_CAD,H1,389500,1.70118245066e-05,1.24505665308
USD_CAD,H1,390000,1.7009548292e-05,1.24506809509
USD_CAD,H1,390500,1.70072797891e-05,1.24507957175
USD_CAD,H1,391000,1.70050189554e-05,1.24509108274
USD_CAD,H1,391500,1.70027657483e-05,1.24510262776
USD_CAD,H1,392000,1.70005201257e-05,1.24511420649
USD_CAD,H1,392500,1.69982820457e-05,1.24512581862
USD_CAD,H1,393000,1.69960514668e-05,1.24513746385
USD_CAD,H1,393500,1.69938283478e-05,1.24514914187
USD_CAD,H1,394000,1.69916126477e-05,1.24516085239
USD_CAD,H1,394500,1.69894043258e-05,1.24517259509
USD_CAD,H1,395000,1.69872033417e-05,1.24518436969
USD_CAD,H1,395500,1.69850096553e-05,1.24519617588
USD_CAD,H1,396000,1.69828232269e-05,1.24520801337
USD_CAD,H1,396500,1.69806440167e-05,1.24521988187
USD_CAD,H1,397000,1.69784719857e-05,1.24523178108
USD_CAD,H1,397500,1.69763070949e-05,1.24524371071
USD_CAD,H1,398000,1.69741493054e-05,1.24525567049
USD_CAD,H1,398500,1.69719985788e-05,1.24526766011
USD_CAD,H1,399000,1.69698548771e-05,1.2452796793
USD_CAD,H1,399500,1.69677181621e-05,1.24529172777
USD_CAD,H1,400000,1.69655883965e-05,1.24530380525
USD_CAD,H1,400500,1.69634655426e-05,1.24531591145
USD_CAD,H1,401000,1.69613495635e-05,1.24532804609
USD_CAD,H1,401500,1.69592404222e-05,1.24534020891
USD_CAD,H1,402000,1.69571380821e-05,1.24535239962
USD_CAD,H1,402500,1.69550425069e-05,1.24536461795
USD_CAD,H1,403000,1.69529536604e-05,1.24537686364
USD_CAD,H1,403500,1.69508715068e-05,1.24538913641
USD_CAD,H1,404000,1.69487960106e-05,1.245401436
USD_CAD,H1,404500,1.69467271362e-05,1.24541376213
USD_CAD,H1,405000,1.69446648486e-05,1.24542611456
USD_CAD,H1,405500,1.6942609113e-05,1.245438493
USD_CAD,H1,406000,1.69405598945e-05,1.24545089721
USD_CAD,H1,406500,1.6938517159e-05,1.24546332693
USD_CAD,H1,407000,1.69364808721e-05,1.24547578189
USD_CAD,H1,407500,1.69344509999e-05,1.24548826184
USD_CAD,H1,408000,1.69324275088e-05,1.24550076652
USD_CAD,H1,408500,1.69304103652e-05,1.24551329569
USD_CAD,H1,409000,1.69283995359e-05,1.24552584909
USD_CAD,H1,409500,1.69263949879e-05,1.24553842647
USD_CAD,H1,410000,1.69243966884e-05,1.24555102758
USD_CAD,H1,410500,1.69224046047e-05,1.24556365218
USD_CAD,H1,411000,1.69204187045e-05,1.24557630001
USD_CAD,H1,411500,1.69184389557e-05,1.24558897085
USD_CAD,H1,412000,1.69164653264e-05,1.24560166444
USD_CAD,H1,412500,1.69144977848e-05,1.24561438055
USD_CAD,H1,413000,1.69125362995e-05,1.24562711893
USD_CAD,H1,413500,1.69105808391e-05,1.24563987934
USD_CAD,H1,414000,1.69086313726e-05,1.24565266156
USD_CAD,H1,414500,1.69066878691e-05,1.24566546534
USD_CAD,H1,415000,1.69047502979e-05,1.24567829046
USD_CAD,H1,415500,1.69028186287e-05,1.24569113668
USD_CAD,H1,416000,1.6900892831e-05,1.24570400377
USD_CAD,H1,416500,1.6898972875e-05,1.2457168915
USD_CAD,H1,417000,1.68970587307e-05,1.24572979964
USD_CAD,H1,417500,1.68951503685e-05,1.24574272797
USD_CAD,H1,418000,1.68932477589e-05,1.24575567626
USD_CAD,H1,418500,1.68913508726e-05,1.24576864429
USD_CAD,H1,419000,1.68894596807e-05,1.24578163184
USD_CAD,H1,419500,1.68875741541e-05,1.24579463869
USD_CAD,H1,420000,1.68856942643e-05,1.24580766461
USD_CAD,H1,420500,1.68838199827e-05,1.2458207094
USD_CAD,H1,421000,1.6881951281e-05,1.24583377282
USD_CAD,H1,421500,1.68800881311e-05,1.24584685467
USD_CAD,H1,422000,1.68782305051e-05,1.24585995474
USD_CAD,H1,422500,1.68763783752e-05,1.24587307281
USD_CAD,H1,423000,1.68745317138e-05,1.24588620867
USD_CAD,H1,423500,1.68726904935e-05,1.24589936211
USD_CAD,H1,424000,1.68708546872e-05,1.24591253292
USD_CAD,H1,424500,1.68690242677e-05,1.24592572089
USD_CAD,H1,425000,1.68671992083e-05,1.24593892582
USD_CAD,H1,425500,1.68653794821e-05,1.24595214751
USD_CAD,H1,426000,1.68635650628e-05,1.24596538574
USD_CAD,H1,426500,1.6861755924e-05,1.24597864033
USD_CAD,H1,427000,1.68599520395e-05,1.24599191106
USD_CAD,H1,427500,1.68581533833e-05,1.24600519774
USD_CAD,H1,428000,1.68563599296e-05,1.24601850016
USD_CAD,H1,428500,1.68545716527e-05,1.24603181814
USD_CAD,H1,429000,1.68527885271e-05,1.24604515148
USD_CAD,H1,429500,1.68510105274e-05,1.24605849998
USD_CAD,H1,430000,1.68492376286e-05,1.24607186344
USD_CAD,H1,430500,1.68474698055e-05,1.24608524168
USD_CAD,H1,431000,1.68457070334e-05,1.2460986345
USD_CAD,H1,431500,1.68439492875e-05,1.24611204172
USD_CAD,H1,432000,1.68421965433e-05,1.24612546315
USD_CAD,H1,432500,1.68404487764e-05,1.24613889859
USD_CAD,H1,433000,1.68387059627e-05,1.24615234787
USD_CAD,H1,433500,1.68369680779e-05,1.24616581079
USD_CAD,H1,434000,1.68352350983e-05,1.24617928718
USD_CAD,H1,434500,1.68335070001e-05,1.24619277684
USD_CAD,H1,435000,1.68317837595e-05,1.24620627961
USD_CAD,H1,435500,1.68300653533e-05,1.24621979529
USD_CAD,H1,436000,1.6828351758e-05,1.24623332371
USD_CAD,H1,436500,1.68266429506e-05,1.2462468647
USD_CAD,H1,437000,1.68249389079e-05,1.24626041806
USD_CAD,H1,437500,1.68232396071e-05,1.24627398364
USD_CAD,H1,438000,1.68215450255e-05,1.24628756124
USD_CAD,H1,438500,1.68198551404e-05,1.24630115071
USD_CAD,H1,439000,1.68181699295e-05,1.24631475186
USD_CAD,H1,439500,1.68164893704e-05,1.24632836453
USD_CAD,H1,440000,1.6814813441e-05,1.24634198854
USD_CAD,H1,440500,1.68131421192e-05,1.24635562373
USD_CAD,H1,441000,1.68114753831e-05,1.24636926992
USD_CAD,H1,441500,1.68098132111e-05,1.24638292695
USD_CAD,H1,442000,1.68081555814e-05,1.24639659466
USD_CAD,H1,442500,1.68065024726e-05,1.24641027287
USD_CAD,H1,443000,1.68048538633e-05,1.24642396143
USD_CAD,H1,443500,1.68032097324e-05,1.24643766016
USD_CAD,H1,444000,1.68015700586e-05,1.24645136892
USD_CAD,H1,444500,1.67999348212e-05,1.24646508753
USD_CAD,H1,445000,1.67983039992e-05,1.24647881584
USD_CAD,H1,445500,1.6796677572e-05,1.2464925537
USD_CAD,H1,446000,1.67950555189e-05,1.24650630093
USD_CAD,H1,446500,1.67934378196e-05,1.24652005738
USD_CAD,H1,447000,1.67918244537e-05,1.24653382291
USD_CAD,H1,447500,1.6790215401e-05,1.24654759734
USD_CAD,H1,448000,1.67886106415e-05,1.24656138054
USD_CAD,H1,448500,1.67870101552e-05,1.24657517234
USD_CAD,H1,449000,1.67854139223e-05,1.2465889726
USD_CAD,H1,449500,1.67838219231e-05,1.24660278116
USD_CAD,H1,450000,1.6782234138e-05,1.24661659787
USD_CAD,H1,450500,1.67806505476e-05,1.24663042259
USD_CAD,H1,451000,1.67790711324e-05,1.24664425517
USD_CAD,H1,451500,1.67774958733e-05,1.24665809545
USD_CAD,H1,452000,1.67759247512e-05,1.2466719433
USD_CAD,H1,452500,1.67743577471e-05,1.24668579856
USD_CAD,H1,453000,1.6772794842e-05,1.2466996611
USD_CAD,H1,453500,1.67712360173e-05,1.24671353077
USD_CAD,H1,454000,1.67696812542e-05,1.24672740742
USD_CAD,H1,454500,1.67681305343e-05,1.24674129093
USD_CAD,H1,455000,1.67665838391e-05,1.24675518113
USD_CAD,H1,455500,1.67650411502e-05,1.24676907791
USD_CAD,H1,456000,1.67635024496e-05,1.24678298111
USD_CAD,H1,456500,1.6761967719e-05,1.2467968906
USD_CAD,H1,457000,1.67604369406e-05,1.24681080624
USD_CAD,H1,457500,1.67589100963e-05,1.24682472789
USD_CAD,H1,458000,1.67573871686e-05,1.24683865543
USD_CAD,H1,458500,1.67558681395e-05,1.24685258872
USD_CAD,H1,459000,1.67543529918e-05,1.24686652761
USD_CAD,H1,459500,1.67528417077e-05,1.24688047199
USD_CAD,H1,460000,1.67513342701e-05,1.24689442171
USD_CAD,H1,460500,1.67498306616e-05,1.24690837666
USD_CAD,H1,461000,1.67483308652e-05,1.24692233669
USD_CAD,H1,461500,1.67468348637e-05,1.24693630168
USD_CAD,H1,462000,1.67453426402e-05,1.24695027149
USD_CAD,H1,462500,1.67438541779e-05,1.24696424602
USD_CAD,H1,463000,1.674236946e-05,1.24697822511
USD_CAD,H1,463500,1.67408884699e-05,1.24699220866
USD_CAD,H1,464000,1.6739411191e-05,1.24700619653
USD_CAD,H1,464500,1.67379376069e-05,1.2470201886
USD_CAD,H1,465000,1.67364677012e-05,1.24703418475
USD_CAD,H1,465500,1.67350014577e-05,1.24704818486
USD_CAD,H1,466000,1.67335388602e-05,1.24706218879
USD_CAD,H1,466500,1.67320798926e-05,1.24707619644
USD_CAD,H1,467000,1.6730624539e-05,1.24709020769
USD_CAD,H1,467500,1.67291727835e-05,1.2471042224
USD_CAD,H1,468000,1.67277246102e-05,1.24711824047
USD_CAD,H1,468500,1.67262800036e-05,1.24713226177
USD_CAD,H1,469000,1.67248389479e-05,1.24714628619
USD_CAD,H1,469500,1.67234014277e-05,1.24716031362
USD_CAD,H1,470000,1.67219674275e-05,1.24717434393
USD_CAD,H1,470500,1.67205369321e-05,1.24718837702
USD_CAD,H1,471000,1.67191099261e-05,1.24720241276
USD_CAD,H1,471500,1.67176863945e-05,1.24721645105
USD_CAD,H1,472000,1.67162663221e-05,1.24723049178
USD_CAD,H1,472500,1.67148496939e-05,1.24724453482
USD_CAD,H1,473000,1.67134364951e-05,1.24725858008
USD_CAD,H1,473500,1.67120267108e-05,1.24727262743
USD_CAD,H1,474000,1.67106203264e-05,1.24728667678
USD_CAD,H1,474500,1.67092173271e-05,1.24730072801
USD_CAD,H1,475000,1.67078176985e-05,1.24731478101
USD_CAD,H1,475500,1.6706421426e-05,1.24732883568
USD_CAD,H1,476000,1.67050284952e-05,1.24734289191
USD_CAD,H1,476500,1.67036388919e-05,1.24735694959
USD_CAD,H1,477000,1.67022526019e-05,1.24737100863
USD_CAD,H1,477500,1.67008696108e-05,1.2473850689
USD_CAD,H1,478000,1.66994899048e-05,1.24739913032
USD_CAD,H1,478500,1.66981134698e-05,1.24741319278
USD_CAD,H1,479000,1.6696740292e-05,1.24742725617
USD_CAD,H1,479500,1.66953703574e-05,1.2474413204
USD_CAD,H1,480000,1.66940036523e-05,1.24745538536
USD_CAD,H1,480500,1.66926401631e-05,1.24746945096
USD_CAD,H1,481000,1.66912798762e-05,1.24748351708
USD_CAD,H1,481500,1.6689922778e-05,1.24749758364
USD_CAD,H1,482000,1.66885688552e-05,1.24751165054
USD_CAD,H1,482500,1.66872180942e-05,1.24752571768
USD_CAD,H1,483000,1.6685870482e-05,1.24753978496
USD_CAD,H1,483500,1.66845260052e-05,1.24755385228
USD_CAD,H1,484000,1.66831846506e-05,1.24756791955
USD_CAD,H1,484500,1.66818464053e-05,1.24758198668
USD_CAD,H1,485000,1.66805112563e-05,1.24759605357
USD_CAD,H1,485500,1.66791791905e-05,1.24761012013
USD_CAD,H1,486000,1.66778501952e-05,1.24762418626
USD_CAD,H1,486500,1.66765242576e-05,1.24763825187
USD_CAD,H1,487000,1.6675201365e-05,1.24765231687
USD_CAD,H1,487500,1.66738815047e-05,1.24766638117
USD_CAD,H1,488000,1.66725646642e-05,1.24768044468
USD_CAD,H1,488500,1.6671250831e-05,1.24769450731
USD_CAD,H1,489000,1.66699399926e-05,1.24770856897
USD_CAD,H1,489500,1.66686321368e-05,1.24772262956
USD_CAD,H1,490000,1.66673272511e-05,1.24773668901
USD_CAD,H1,490500,1.66660253234e-05,1.24775074723
USD_CAD,H1,491000,1.66647263416e-05,1.24776480413
USD_CAD,H1,491500,1.66634302935e-05,1.24777885961
USD_CAD,H1,492000,1.66621371671e-05,1.24779291361
USD_CAD,H1,492500,1.66608469504e-05,1.24780696602
USD_CAD,H1,493000,1.66595596317e-05,1.24782101678
USD_CAD,H1,493500,1.6658275199e-05,1.24783506579
USD_CAD,H1,494000,1.66569936406e-05,1.24784911297
USD_CAD,H1,494500,1.66557149449e-05,1.24786315823
USD_CAD,H1,495000,1.66544391e-05,1.2478772015
USD_CAD,H1,495500,1.66531660946e-05,1.2478912427
USD_CAD,H1,496000,1.66518959171e-05,1.24790528174
USD_CAD,H1,496500,1.66506285561e-05,1.24791931854
USD_CAD,H1,497000,1.66493640001e-05,1.24793335303
USD_CAD,H1,497500,1.6648102238e-05,1.24794738512
USD_CAD,H1,498000,1.66468432583e-05,1.24796141474
USD_CAD,H1,498500,1.66455870499e-05,1.24797544181
USD_CAD,H1,499000,1.66443336017e-05,1.24798946624
USD_CAD,H1,499500,1.66430829027e-05,1.24800348797
USD_CAD,H1,500000,1.66418349417e-05,1.24801750691
USD_CAD,H1,500500,1.66405897079e-05,1.248031523
USD_CAD,H1,501000,1.66393471903e-05,1.24804553615
USD_CAD,H1,501500,1.66381073781e-05,1.24805954629
USD_CAD,H1,502000,1.66368702606e-05,1.24807355335
USD_CAD,H1,502500,1.6635635827e-05,1.24808755725
USD_CAD,H1,503000,1.66344040666e-05,1.24810155792
