time,BNP.USDCNH - USD/CNH_x,closeAsk,closeBid,volume
2011-02-06T22:00:00.000000Z,6.5555,6.558,6.553,
2011-02-07T22:00:00.000000Z,6.557499999999999,6.56,6.555,
2011-02-08T22:00:00.000000Z,6.565,6.57,6.56,
2011-02-12T22:00:00.000000Z,6.579500000000001,6.5820000000000025,6.577000000000001,
2011-02-13T22:00:00.000000Z,6.5725000000000025,6.574,6.5710000000000015,
2011-02-14T22:00:00.000000Z,6.565,6.566,6.564,
2011-02-15T22:00:00.000000Z,6.564500000000002,6.567,6.562,
2011-02-16T22:00:00.000000Z,6.5635,6.566,6.561,
2011-02-17T22:00:00.000000Z,6.55,6.555,6.545,
2011-02-19T22:00:00.000000Z,6.557,6.558,6.556,
2011-02-20T22:00:00.000000Z,6.5715,6.574,6.569,
2011-02-21T22:00:00.000000Z,6.5702750000000005,6.57285,6.5677,
2011-02-22T22:00:00.000000Z,6.570499999999999,6.573,6.568,
2011-02-23T22:00:00.000000Z,6.570499999999999,6.573,6.568,
2011-02-24T22:00:00.000000Z,6.575525,6.57805,6.573,
2011-02-26T22:00:00.000000Z,6.5715,6.574,6.569,
2011-02-27T22:00:00.000000Z,6.563525,6.56605,6.561,
2011-02-28T22:00:00.000000Z,6.567500000000001,6.57,6.565,
2011-03-01T22:00:00.000000Z,6.564,6.5665,6.5615,
2011-03-02T22:00:00.000000Z,6.5604999999999976,6.563,6.558,
2011-03-03T22:00:00.000000Z,6.5615000000000006,6.564,6.559,
2011-03-05T22:00:00.000000Z,6.5585,6.561,6.556,
2011-03-06T22:00:00.000000Z,6.5565,6.559,6.5539999999999985,
2011-03-07T22:00:00.000000Z,6.5565,6.558,6.555,
2011-03-08T22:00:00.000000Z,6.5655,6.568,6.563,
2011-03-09T22:00:00.000000Z,6.5685,6.57,6.567,
2011-03-10T22:00:00.000000Z,6.573,6.5779999999999985,6.568,
2011-03-12T22:00:00.000000Z,6.5685,6.5710000000000015,6.566,
2011-03-13T21:00:00.000000Z,6.5715,6.573,6.57,
2011-03-14T21:00:00.000000Z,6.5725,6.575,6.57,
2011-03-15T21:00:00.000000Z,6.5725000000000025,6.574,6.5710000000000015,
2011-03-16T21:00:00.000000Z,6.568000000000001,6.5710000000000015,6.565,
2011-03-17T21:00:00.000000Z,6.5685,6.5710000000000015,6.566,
2011-03-19T21:00:00.000000Z,6.5655,6.5665,6.5645,
2011-03-20T21:00:00.000000Z,6.5600000000000005,6.5605,6.5595,
2011-03-21T21:00:00.000000Z,6.5525,6.555,6.55,
2011-03-22T21:00:00.000000Z,6.5615000000000006,6.562,6.561,
2011-03-23T21:00:00.000000Z,6.5600000000000005,6.5625,6.5575,
2011-03-24T21:00:00.000000Z,6.5600000000000005,6.5625,6.5575,
2011-03-26T21:00:00.000000Z,6.5615,6.563,6.56,
2011-03-27T21:00:00.000000Z,6.56425,6.565,6.5635,
2011-03-28T21:00:00.000000Z,6.59,6.6,6.58,
2011-03-29T21:00:00.000000Z,6.5545,6.5563,6.5527,
2011-03-30T21:00:00.000000Z,6.54725,6.5485,6.546,
2011-03-31T21:00:00.000000Z,6.5470000000000015,6.547999999999999,6.546,
2011-04-02T21:00:00.000000Z,6.5395,6.5413,6.5377,
2011-04-03T21:00:00.000000Z,6.5405000000000015,6.5420000000000025,6.539,
2011-04-04T21:00:00.000000Z,6.541499999999999,6.5429999999999975,6.54,
2011-04-05T21:00:00.000000Z,6.5355,6.5373,6.5337,
2011-04-06T21:00:00.000000Z,6.51925,6.52,6.5185,
2011-04-07T21:00:00.000000Z,6.522,6.5235,6.5205,
2011-04-09T21:00:00.000000Z,6.5205,6.522,6.519,
2011-04-10T21:00:00.000000Z,6.5345,6.5360000000000005,6.533,
2011-04-11T21:00:00.000000Z,6.52825,6.529,6.5275,
2011-04-12T21:00:00.000000Z,6.52075,6.5215,6.52,
2011-04-13T21:00:00.000000Z,6.52325,6.5245,6.522,
2011-04-14T21:00:00.000000Z,6.5225,6.524,6.521,
2011-04-16T21:00:00.000000Z,6.5195,6.521,6.518,
2011-04-17T21:00:00.000000Z,6.5245,6.526,6.523,
2011-04-18T21:00:00.000000Z,6.508000000000001,6.509,6.5070000000000014,
2011-04-19T21:00:00.000000Z,6.4985,6.5,6.497000000000001,
2011-04-20T21:00:00.000000Z,6.493500000000001,6.495,6.492000000000001,
2011-04-23T21:00:00.000000Z,6.4885,6.49,6.487,
2011-04-24T21:00:00.000000Z,6.5035000000000025,6.505,6.502000000000002,
2011-04-25T21:00:00.000000Z,6.4915,6.4929999999999986,6.49,
2011-04-26T21:00:00.000000Z,6.4815000000000005,6.483,6.48,
2011-04-27T21:00:00.000000Z,6.472,6.474,6.47,
2011-04-28T21:00:00.000000Z,6.46125,6.462999999999999,6.4595,
2011-05-01T21:00:00.000000Z,6.4665,6.468,6.465,
2011-05-02T21:00:00.000000Z,6.475,6.477,6.473,
2011-05-03T21:00:00.000000Z,6.475,6.477,6.473,
2011-05-04T21:00:00.000000Z,6.4795,6.481,6.478,
2011-05-05T21:00:00.000000Z,6.4825,6.487,6.478,
2011-05-07T21:00:00.000000Z,6.4805,6.482,6.479,
2011-05-08T21:00:00.000000Z,6.48,6.482,6.478,
2011-05-09T21:00:00.000000Z,6.476,6.477,6.475,
2011-05-10T21:00:00.000000Z,6.487,6.489,6.485,
2011-05-11T21:00:00.000000Z,6.4955,6.497000000000001,6.494,
2011-05-12T21:00:00.000000Z,6.490499999999999,6.4929999999999986,6.488,
2011-05-14T21:00:00.000000Z,6.5,6.501,6.499,
2011-05-15T21:00:00.000000Z,6.502999999999999,6.5045,6.5015,
2011-05-16T21:00:00.000000Z,6.493500000000001,6.495,6.492000000000001,
2011-05-17T21:00:00.000000Z,6.492999999999999,6.4945,6.4915,
2011-05-18T21:00:00.000000Z,6.493500000000001,6.495,6.492000000000001,
2011-05-19T21:00:00.000000Z,6.494,6.495,6.4929999999999986,
2011-05-21T21:00:00.000000Z,6.499500000000001,6.502000000000002,6.497000000000001,
2011-05-22T21:00:00.000000Z,6.501000000000001,6.502000000000002,6.5,
2011-05-23T21:00:00.000000Z,6.495999999999999,6.4979999999999976,6.494,
2011-05-24T21:00:00.000000Z,6.490500000000001,6.492000000000001,6.489,
2011-05-25T21:00:00.000000Z,6.4885,6.49,6.487,
2011-05-26T21:00:00.000000Z,6.4915,6.494,6.489,
2011-05-28T21:00:00.000000Z,6.4842499999999985,6.4845,6.484,
2011-05-29T21:00:00.000000Z,6.4795,6.4805,6.4785,
2011-05-30T21:00:00.000000Z,6.4785,6.48,6.477,
2011-05-31T21:00:00.000000Z,6.481,6.4825,6.4795,
2011-06-01T21:00:00.000000Z,6.4765,6.4775,6.4755,
2011-06-02T21:00:00.000000Z,6.4755,6.479,6.472,
2011-06-04T21:00:00.000000Z,6.468999999999999,6.4705,6.4675,
2011-06-05T21:00:00.000000Z,6.4745,6.476,6.473,
2011-06-06T21:00:00.000000Z,6.4745,6.4755,6.4735,
2011-06-07T21:00:00.000000Z,6.481,6.4825,6.4795,
2011-06-08T21:00:00.000000Z,6.48,6.481,6.479,
2011-06-09T21:00:00.000000Z,6.4804999999999975,6.483,6.478,
2011-06-11T21:00:00.000000Z,6.48475,6.4855,6.484,
2011-06-12T21:00:00.000000Z,6.4765,6.478,6.475,
2011-06-13T21:00:00.000000Z,6.4775,6.479,6.476,
2011-06-14T21:00:00.000000Z,6.4865,6.4875,6.4855,
2011-06-15T21:00:00.000000Z,6.471,6.472,6.47,
2011-06-16T21:00:00.000000Z,6.4655,6.468,6.462999999999999,
2011-06-18T21:00:00.000000Z,6.4715000000000025,6.4725,6.4705,
2011-06-19T21:00:00.000000Z,6.472,6.474,6.47,
2011-06-20T21:00:00.000000Z,6.4659999999999975,6.468,6.464,
2011-06-21T21:00:00.000000Z,6.4685000000000015,6.4695,6.4675,
2011-06-22T21:00:00.000000Z,6.4685000000000015,6.4695,6.4675,
2011-06-23T21:00:00.000000Z,6.472,6.473,6.471,
2011-06-25T21:00:00.000000Z,6.476,6.477,6.475,
2011-06-26T21:00:00.000000Z,6.476,6.4765,6.4755,
2011-06-27T21:00:00.000000Z,6.472,6.473,6.471,
2011-06-28T21:00:00.000000Z,6.464499999999999,6.4655,6.4635,
2011-06-29T21:00:00.000000Z,6.4620000000000015,6.464,6.46,
2011-06-30T21:00:00.000000Z,6.4605000000000015,6.4620000000000015,6.459,
2011-07-02T21:00:00.000000Z,6.4573,6.4578,6.4568,
2011-07-03T21:00:00.000000Z,6.461500000000001,6.4620000000000015,6.461,
2011-07-04T21:00:00.000000Z,6.4620000000000015,6.4625,6.4615,
2011-07-05T21:00:00.000000Z,6.464,6.465,6.462999999999999,
2011-07-06T21:00:00.000000Z,6.46025,6.4605,6.46,
2011-07-07T21:00:00.000000Z,6.4620000000000015,6.465,6.459,
2011-07-09T21:00:00.000000Z,6.463000000000001,6.464,6.4620000000000015,
2011-07-10T21:00:00.000000Z,6.4735,6.4745,6.4725,
2011-07-11T21:00:00.000000Z,6.4715,6.473,6.47,
2011-07-12T21:00:00.000000Z,6.4625,6.464,6.461,
2011-07-13T21:00:00.000000Z,6.46125,6.4615,6.461,
2011-07-14T21:00:00.000000Z,6.461,6.4620000000000015,6.46,
2011-07-16T21:00:00.000000Z,6.4655000000000005,6.4670000000000005,6.464,
2011-07-17T21:00:00.000000Z,6.466,6.4670000000000005,6.465,
2011-07-18T21:00:00.000000Z,6.456,6.4565,6.4555,
2011-07-19T21:00:00.000000Z,6.4514999999999985,6.4529999999999985,6.45,
2011-07-20T21:00:00.000000Z,6.445500000000001,6.4460000000000015,6.445,
2011-07-21T21:00:00.000000Z,6.4455,6.447,6.444,
2011-07-23T21:00:00.000000Z,6.4479999999999995,6.4485,6.4475,
2011-07-24T21:00:00.000000Z,6.4415,6.443,6.44,
2011-07-25T21:00:00.000000Z,6.4345,6.436,6.433,
2011-07-26T21:00:00.000000Z,6.4387500000000015,6.439,6.4385,
2011-07-27T21:00:00.000000Z,6.43375,6.434,6.4335,
2011-07-28T21:00:00.000000Z,6.428999999999999,6.43,6.428,
2011-07-30T21:00:00.000000Z,6.4209999999999985,6.422999999999999,6.419,
2011-07-31T21:00:00.000000Z,6.4220000000000015,6.422999999999999,6.421,
2011-08-01T21:00:00.000000Z,6.426,6.4265,6.4255,
2011-08-02T21:00:00.000000Z,6.4245,6.4255,6.4235,
2011-08-03T21:00:00.000000Z,6.432,6.433,6.431,
2011-08-04T21:00:00.000000Z,6.436,6.437,6.435,
2011-08-06T21:00:00.000000Z,6.426,6.428,6.424,
2011-08-07T21:00:00.000000Z,6.443,6.445,6.441,
2011-08-08T21:00:00.000000Z,6.4175,6.419,6.416,
2011-08-09T21:00:00.000000Z,6.3935,6.3955,6.3915,
2011-08-10T21:00:00.000000Z,6.3845,6.3865,6.3825,
2011-08-11T21:00:00.000000Z,6.3805,6.381,6.38,
2011-08-13T21:00:00.000000Z,6.381,6.3825,6.3795,
2011-08-14T21:00:00.000000Z,6.3725000000000005,6.374,6.371,
2011-08-15T21:00:00.000000Z,6.3725000000000005,6.375,6.37,
2011-08-16T21:00:00.000000Z,6.371999999999999,6.3729999999999976,6.371,
2011-08-17T21:00:00.000000Z,6.37925,6.38,6.3785,
2011-08-18T21:00:00.000000Z,6.376000000000001,6.377000000000002,6.375,
2011-08-20T21:00:00.000000Z,6.3744999999999985,6.3765,6.3725,
2011-08-21T21:00:00.000000Z,6.373999999999999,6.375,6.3729999999999976,
2011-08-22T21:00:00.000000Z,6.369,6.3705,6.3675,
2011-08-23T21:00:00.000000Z,6.3725000000000005,6.3735,6.3715,
2011-08-24T21:00:00.000000Z,6.375,6.376,6.374,
2011-08-25T21:00:00.000000Z,6.3735,6.3755,6.3715,
2011-08-27T21:00:00.000000Z,6.369,6.3695,6.3685,
2011-08-28T21:00:00.000000Z,6.3615,6.363,6.36,
2011-08-29T21:00:00.000000Z,6.3610000000000015,6.3615,6.3605,
2011-08-30T21:00:00.000000Z,6.3505,6.352,6.349,
2011-08-31T21:00:00.000000Z,6.3554999999999975,6.3565,6.3545,
2011-09-01T21:00:00.000000Z,6.354,6.3545,6.3535,
2011-09-03T21:00:00.000000Z,6.3584999999999985,6.359,6.358,
2011-09-04T21:00:00.000000Z,6.362,6.363,6.3610000000000015,
2011-09-05T21:00:00.000000Z,6.3610000000000015,6.3615,6.3605,
2011-09-06T21:00:00.000000Z,6.3625,6.363,6.362,
2011-09-07T21:00:00.000000Z,6.354,6.3545,6.3535,
2011-09-08T21:00:00.000000Z,6.361500000000001,6.362,6.3610000000000015,
2011-09-10T21:00:00.000000Z,6.3755000000000015,6.377000000000002,6.374,
2011-09-11T21:00:00.000000Z,6.3785000000000025,6.381,6.376,
2011-09-12T21:00:00.000000Z,6.3915,6.393,6.39,
2011-09-13T21:00:00.000000Z,6.3885000000000005,6.39,6.3870000000000005,
2011-09-14T21:00:00.000000Z,6.3735,6.375,6.372000000000001,
2011-09-15T21:00:00.000000Z,6.376,6.3765,6.3755,
2011-09-17T21:00:00.000000Z,6.3855,6.3865,6.3845,
2011-09-18T21:00:00.000000Z,6.3925,6.394,6.391,
2011-09-19T21:00:00.000000Z,6.3795,6.3805,6.3785,
2011-09-20T21:00:00.000000Z,6.416499999999999,6.4179999999999975,6.415,
2011-09-21T21:00:00.000000Z,6.4925,6.495,6.49,
2011-09-22T21:00:00.000000Z,6.513999999999999,6.5155,6.5125,
2011-09-24T21:00:00.000000Z,6.49,6.495,6.485,
2011-09-25T21:00:00.000000Z,6.475,6.48,6.47,
2011-09-26T21:00:00.000000Z,6.4385,6.442,6.435,
2011-09-27T21:00:00.000000Z,6.4670000000000005,6.472,6.4620000000000015,
2011-09-28T21:00:00.000000Z,6.511,6.516,6.506,
2011-09-29T21:00:00.000000Z,6.495,6.5,6.49,
2011-10-01T21:00:00.000000Z,6.493500000000001,6.496,6.4910000000000005,
2011-10-02T21:00:00.000000Z,6.487,6.492000000000001,6.482,
2011-10-03T21:00:00.000000Z,6.447000000000001,6.452000000000001,6.442,
2011-10-04T21:00:00.000000Z,6.439,6.443,6.435,
2011-10-05T21:00:00.000000Z,6.4220000000000015,6.4270000000000005,6.4170000000000025,
2011-10-06T21:00:00.000000Z,6.4215,6.4235,6.4195,
2011-10-08T21:00:00.000000Z,6.4095,6.412000000000001,6.407,
2011-10-09T21:00:00.000000Z,6.4015,6.405,6.398,
2011-10-10T21:00:00.000000Z,6.455,6.46,6.45,
2011-10-11T21:00:00.000000Z,6.438,6.4475,6.4285,
2011-10-12T21:00:00.000000Z,6.439500000000002,6.442,6.437,
2011-10-13T21:00:00.000000Z,6.4435,6.445,6.442,
2011-10-15T21:00:00.000000Z,6.4285,6.43,6.4270000000000005,
2011-10-16T21:00:00.000000Z,6.43,6.4345,6.4255,
2011-10-17T21:00:00.000000Z,6.416499999999999,6.419,6.414,
2011-10-18T21:00:00.000000Z,6.427000000000001,6.432,6.4220000000000015,
2011-10-19T21:00:00.000000Z,6.426499999999999,6.4289999999999985,6.424,
2011-10-20T21:00:00.000000Z,6.42,6.425,6.415,
2011-10-22T21:00:00.000000Z,6.412999999999999,6.4179999999999975,6.408,
2011-10-23T21:00:00.000000Z,6.4015,6.404,6.399,
2011-10-24T21:00:00.000000Z,6.4095,6.4110000000000005,6.408,
2011-10-25T21:00:00.000000Z,6.4015,6.403,6.4,
2011-10-26T21:00:00.000000Z,6.3835,6.386,6.381,
2011-10-27T21:00:00.000000Z,6.3855,6.388,6.382999999999999,
2011-10-29T21:00:00.000000Z,6.3925,6.3945,6.3905,
2011-10-30T21:00:00.000000Z,6.399,6.404,6.394,
2011-10-31T21:00:00.000000Z,6.3900000000000015,6.3945,6.3855,
2011-11-01T21:00:00.000000Z,6.398,6.4,6.396,
2011-11-02T21:00:00.000000Z,6.3925,6.394,6.391,
2011-11-03T21:00:00.000000Z,6.3835,6.3855,6.3815,
2011-11-05T21:00:00.000000Z,6.3845,6.3895,6.3795,
2011-11-06T22:00:00.000000Z,6.3729999999999976,6.3735,6.3725,
2011-11-07T22:00:00.000000Z,6.3525,6.355,6.35,
2011-11-08T22:00:00.000000Z,6.367000000000001,6.3705,6.3635,
2011-11-09T22:00:00.000000Z,6.3545,6.357,6.352,
2011-11-10T22:00:00.000000Z,6.3555,6.3585,6.3525,
2011-11-12T22:00:00.000000Z,6.3424999999999985,6.346,6.339,
2011-11-13T22:00:00.000000Z,6.355,6.357,6.353,
2011-11-14T22:00:00.000000Z,6.3605,6.364,6.357,
2011-11-15T22:00:00.000000Z,6.349,6.3515,6.3465,
2011-11-16T22:00:00.000000Z,6.3580000000000005,6.3610000000000015,6.355,
2011-11-17T22:00:00.000000Z,6.3580000000000005,6.359,6.357,
2011-11-19T22:00:00.000000Z,6.3575,6.3595,6.3555,
2011-11-20T22:00:00.000000Z,6.381499999999999,6.385,6.377999999999999,
2011-11-21T22:00:00.000000Z,6.3795,6.381,6.377999999999999,
2011-11-22T22:00:00.000000Z,6.39275,6.394,6.3915,
2011-11-23T22:00:00.000000Z,6.392,6.3955,6.3885,
2011-11-24T22:00:00.000000Z,6.399,6.4005,6.3975,
2011-11-26T22:00:00.000000Z,6.3965,6.3995,6.3935,
2011-11-27T22:00:00.000000Z,6.3935,6.397,6.39,
2011-11-28T22:00:00.000000Z,6.38875,6.392,6.3855,
2011-11-29T22:00:00.000000Z,6.379000000000001,6.3820000000000014,6.376,
2011-11-30T22:00:00.000000Z,6.385,6.3870000000000005,6.382999999999999,
2011-12-01T22:00:00.000000Z,6.385,6.386,6.384,
2011-12-03T22:00:00.000000Z,6.3865,6.39,6.382999999999999,
2011-12-04T22:00:00.000000Z,6.381,6.386,6.376,
2011-12-05T22:00:00.000000Z,6.372000000000001,6.3755,6.3685,
2011-12-06T22:00:00.000000Z,6.3675,6.371,6.364,
2011-12-07T22:00:00.000000Z,6.370499999999998,6.3729999999999976,6.3679999999999986,
2011-12-08T22:00:00.000000Z,6.37,6.372000000000001,6.3679999999999986,
2011-12-10T22:00:00.000000Z,6.3625000000000025,6.3660000000000005,6.359,
2011-12-11T22:00:00.000000Z,6.372499999999999,6.3729999999999976,6.372000000000001,
2011-12-12T22:00:00.000000Z,6.391,6.3945,6.3875,
2011-12-13T22:00:00.000000Z,6.412999999999999,6.4179999999999975,6.408,
2011-12-14T22:00:00.000000Z,6.3820000000000014,6.3865,6.3775,
2011-12-15T22:00:00.000000Z,6.367999999999999,6.37,6.3660000000000005,
2011-12-17T22:00:00.000000Z,6.3839999999999995,6.3875,6.3805,
2011-12-18T22:00:00.000000Z,6.3595000000000015,6.362,6.357,
2011-12-19T22:00:00.000000Z,6.348,6.3525,6.3435,
2011-12-20T22:00:00.000000Z,6.348000000000001,6.349,6.347,
2011-12-21T22:00:00.000000Z,6.3405000000000005,6.3455,6.3355,
2011-12-22T22:00:00.000000Z,6.343,6.3439999999999985,6.3420000000000005,
2011-12-24T22:00:00.000000Z,6.34,6.345,6.335,
2011-12-25T22:00:00.000000Z,6.3370000000000015,6.3420000000000005,6.3320000000000025,
2011-12-26T22:00:00.000000Z,6.3325,6.3335,6.3315,
2011-12-27T22:00:00.000000Z,6.34,6.345,6.335,
2011-12-28T22:00:00.000000Z,6.3585,6.36,6.357,
2011-12-29T22:00:00.000000Z,6.3435,6.3439999999999985,6.343,
2011-12-31T22:00:00.000000Z,6.3445,6.347,6.3420000000000005,
2012-01-01T22:00:00.000000Z,6.319,6.3225,6.3155,
2012-01-02T22:00:00.000000Z,6.3125,6.315,6.31,
2012-01-03T22:00:00.000000Z,6.307,6.3105,6.3035,
2012-01-04T22:00:00.000000Z,6.3100000000000005,6.3115,6.3085,
2012-01-05T22:00:00.000000Z,6.3085,6.31,6.307,
2012-01-07T22:00:00.000000Z,6.313,6.3165,6.3095,
2012-01-08T22:00:00.000000Z,6.3095,6.314,6.305,
2012-01-09T22:00:00.000000Z,6.317,6.322,6.312,
2012-01-10T22:00:00.000000Z,6.3165,6.32,6.313,
2012-01-11T22:00:00.000000Z,6.3085,6.312,6.305,
2012-01-12T22:00:00.000000Z,6.305,6.306,6.3039999999999985,
2012-01-14T22:00:00.000000Z,6.3100000000000005,6.3135,6.3065,
2012-01-15T22:00:00.000000Z,6.3020000000000005,6.3055,6.2985,
2012-01-16T22:00:00.000000Z,6.2940000000000005,6.2975,6.2905,
2012-01-17T22:00:00.000000Z,6.2995,6.301,6.297999999999999,
2012-01-18T22:00:00.000000Z,6.303999999999999,6.305,6.303,
2012-01-19T22:00:00.000000Z,6.3035,6.305,6.3020000000000005,
2012-01-22T22:00:00.000000Z,6.3025,6.3039999999999985,6.301,
2012-01-23T22:00:00.000000Z,6.3,6.305,6.295,
2012-01-24T22:00:00.000000Z,6.2945,6.2995,6.2895,
2012-01-25T22:00:00.000000Z,6.29,6.291,6.289,
2012-01-26T22:00:00.000000Z,6.287000000000001,6.289,6.285,
2012-01-28T22:00:00.000000Z,6.2985000000000015,6.3,6.2970000000000015,
2012-01-29T22:00:00.000000Z,6.3035,6.3085,6.2985,
2012-01-30T22:00:00.000000Z,6.3005,6.3055,6.2955,
2012-01-31T22:00:00.000000Z,6.2929999999999975,6.297999999999999,6.2879999999999985,
2012-02-01T22:00:00.000000Z,6.295,6.2955,6.2945,
2012-02-02T22:00:00.000000Z,6.294000000000001,6.296,6.2920000000000025,
2012-02-04T22:00:00.000000Z,6.2974999999999985,6.299,6.296,
2012-02-05T22:00:00.000000Z,6.2970000000000015,6.3001,6.2939,
2012-02-06T22:00:00.000000Z,6.2875,6.289,6.2860000000000005,
2012-02-07T22:00:00.000000Z,6.2865,6.289,6.284,
2012-02-08T22:00:00.000000Z,6.2974999999999985,6.3,6.295,
2012-02-09T22:00:00.000000Z,6.295,6.296,6.294,
2012-02-11T22:00:00.000000Z,6.297999999999999,6.3025,6.2935,
2012-02-12T22:00:00.000000Z,6.3018,6.3053,6.2983,
2012-02-13T22:00:00.000000Z,6.299,6.3025,6.2955,
2012-02-14T22:00:00.000000Z,6.3,6.3045,6.2955,
2012-02-15T22:00:00.000000Z,6.299000000000001,6.301,6.2970000000000015,
2012-02-16T22:00:00.000000Z,6.2965,6.297999999999999,6.295,
2012-02-18T22:00:00.000000Z,6.2943,6.2978,6.2908,
2012-02-19T22:00:00.000000Z,6.2995,6.301,6.297999999999999,
2012-02-20T22:00:00.000000Z,6.2974999999999985,6.301,6.294,
2012-02-21T22:00:00.000000Z,6.2995,6.3045,6.2945,
2012-02-22T22:00:00.000000Z,6.2958,6.2993,6.2923,
2012-02-23T22:00:00.000000Z,6.2970000000000015,6.297999999999999,6.296,
2012-02-25T22:00:00.000000Z,6.3000500000000015,6.3032,6.2969,
2012-02-26T22:00:00.000000Z,6.2974999999999985,6.301,6.294,
2012-02-27T22:00:00.000000Z,6.2935000000000025,6.295,6.2920000000000025,
2012-02-28T22:00:00.000000Z,6.2985000000000015,6.3,6.2970000000000015,
2012-02-29T22:00:00.000000Z,6.295,6.3,6.29,
2012-03-01T22:00:00.000000Z,6.2974999999999985,6.2985,6.2965,
2012-03-03T22:00:00.000000Z,6.3025,6.307,6.297999999999999,
2012-03-04T22:00:00.000000Z,6.308,6.3095,6.3065,
2012-03-05T22:00:00.000000Z,6.3115000000000006,6.3147,6.3083,
2012-03-06T22:00:00.000000Z,6.309,6.3095,6.3085,
2012-03-07T22:00:00.000000Z,6.303999999999999,6.3055,6.3025,
2012-03-08T22:00:00.000000Z,6.3045,6.306,6.303,
2012-03-10T22:00:00.000000Z,6.3165,6.318,6.315,
2012-03-11T21:00:00.000000Z,6.3185,6.32,6.317,
2012-03-12T21:00:00.000000Z,6.336499999999999,6.337999999999999,6.335,
2012-03-13T21:00:00.000000Z,6.333500000000001,6.335,6.3320000000000025,
2012-03-14T21:00:00.000000Z,6.323499999999999,6.3267,6.3203,
2012-03-15T21:00:00.000000Z,6.320500000000001,6.3210000000000015,6.32,
2012-03-17T21:00:00.000000Z,6.3175,6.322,6.313,
2012-03-18T21:00:00.000000Z,6.3195000000000014,6.3210000000000015,6.318,
2012-03-19T21:00:00.000000Z,6.3260000000000005,6.327000000000001,6.325,
2012-03-20T21:00:00.000000Z,6.3215,6.3225,6.3205,
2012-03-21T21:00:00.000000Z,6.3095,6.312,6.307,
2012-03-22T21:00:00.000000Z,6.3115,6.313,6.31,
2012-03-24T21:00:00.000000Z,6.3115000000000006,6.3125,6.3105,
2012-03-25T21:00:00.000000Z,6.316,6.3175,6.3145,
2012-03-26T21:00:00.000000Z,6.314500000000002,6.3155,6.3135,
2012-03-27T21:00:00.000000Z,6.317,6.3175,6.3165,
2012-03-28T21:00:00.000000Z,6.311,6.3135,6.3085,
2012-03-29T21:00:00.000000Z,6.315,6.3165,6.3135,
2012-03-31T21:00:00.000000Z,6.3115000000000006,6.3125,6.3105,
2012-04-01T21:00:00.000000Z,6.3089999999999975,6.31,6.308,
2012-04-02T21:00:00.000000Z,6.3119999999999985,6.313,6.311,
2012-04-03T21:00:00.000000Z,6.3138000000000005,6.3163,6.3113,
2012-04-04T21:00:00.000000Z,6.314,6.3145,6.3135,
2012-04-05T21:00:00.000000Z,6.3130000000000015,6.314,6.312,
2012-04-07T21:00:00.000000Z,6.3105,6.312,6.309,
2012-04-08T21:00:00.000000Z,6.311,6.312,6.31,
2012-04-09T21:00:00.000000Z,6.3104999999999976,6.3115,6.3095,
2012-04-10T21:00:00.000000Z,6.3085,6.3095,6.3075,
2012-04-11T21:00:00.000000Z,6.2970000000000015,6.297999999999999,6.296,
2012-04-12T21:00:00.000000Z,6.299,6.3,6.297999999999999,
2012-04-14T21:00:00.000000Z,6.3095,6.3125,6.3065,
2012-04-15T21:00:00.000000Z,6.30175,6.3039999999999985,6.2995,
2012-04-16T21:00:00.000000Z,6.303,6.3039999999999985,6.3020000000000005,
2012-04-17T21:00:00.000000Z,6.307,6.308,6.306,
2012-04-18T21:00:00.000000Z,6.3075,6.308,6.307,
2012-04-19T21:00:00.000000Z,6.3065,6.308,6.305,
2012-04-21T21:00:00.000000Z,6.3055,6.3065,6.3045,
2012-04-22T21:00:00.000000Z,6.3088,6.3113,6.3063,
2012-04-23T21:00:00.000000Z,6.3065,6.3075,6.3055,
2012-04-24T21:00:00.000000Z,6.303999999999999,6.3055,6.3025,
2012-04-25T21:00:00.000000Z,6.3100000000000005,6.311,6.309,
2012-04-26T21:00:00.000000Z,6.3055,6.307,6.3039999999999985,
2012-04-28T21:00:00.000000Z,6.303,6.3045,6.3015,
2012-04-29T21:00:00.000000Z,6.301,6.3020000000000005,6.3,
2012-04-30T21:00:00.000000Z,6.301,6.3020000000000005,6.3,
2012-05-01T21:00:00.000000Z,6.3075,6.3085,6.3065,
2012-05-02T21:00:00.000000Z,6.305,6.306,6.3039999999999985,
2012-05-03T21:00:00.000000Z,6.3055,6.307,6.3039999999999985,
2012-05-05T21:00:00.000000Z,6.314,6.3155,6.3125,
2012-05-06T21:00:00.000000Z,6.3095,6.312,6.307,
2012-05-07T21:00:00.000000Z,6.3108,6.3133,6.3083,
2012-05-08T21:00:00.000000Z,6.3153000000000015,6.3178,6.3128,
2012-05-09T21:00:00.000000Z,6.3160000000000025,6.317,6.315,
2012-05-10T21:00:00.000000Z,6.314,6.315,6.313,
2012-05-12T21:00:00.000000Z,6.3175,6.3185,6.3165,
2012-05-13T21:00:00.000000Z,6.3228,6.3253,6.3203,
2012-05-14T21:00:00.000000Z,6.3255,6.3265,6.3245,
2012-05-15T21:00:00.000000Z,6.321999999999999,6.3245,6.3195,
2012-05-16T21:00:00.000000Z,6.3285,6.331,6.3260000000000005,
2012-05-17T21:00:00.000000Z,6.3245000000000005,6.3260000000000005,6.323,
2012-05-19T21:00:00.000000Z,6.3238,6.3248,6.3228,
2012-05-20T21:00:00.000000Z,6.3245000000000005,6.3255,6.3235,
2012-05-21T21:00:00.000000Z,6.33,6.331,6.329,
2012-05-22T21:00:00.000000Z,6.3365,6.3375,6.3355,
2012-05-23T21:00:00.000000Z,6.3485,6.3495,6.3475,
2012-05-24T21:00:00.000000Z,6.345750000000002,6.347,6.3445,
2012-05-26T21:00:00.000000Z,6.3420000000000005,6.343,6.341,
2012-05-27T21:00:00.000000Z,6.3458000000000006,6.3503,6.3413,
2012-05-28T21:00:00.000000Z,6.35,6.351,6.349,
2012-05-29T21:00:00.000000Z,6.369,6.37,6.3679999999999986,
2012-05-30T21:00:00.000000Z,6.3693,6.3703,6.3683,
2012-05-31T21:00:00.000000Z,6.3715,6.3745,6.3685,
2012-06-02T21:00:00.000000Z,6.3693,6.3703,6.3683,
2012-06-03T21:00:00.000000Z,6.3645,6.3655,6.3635,
2012-06-04T21:00:00.000000Z,6.3645,6.3655,6.3635,
2012-06-05T21:00:00.000000Z,6.3603000000000005,6.3613,6.3593,
2012-06-06T21:00:00.000000Z,6.37,6.371,6.369,
2012-06-07T21:00:00.000000Z,6.371,6.372000000000001,6.37,
2012-06-09T21:00:00.000000Z,6.3675,6.3685,6.3665,
2012-06-10T21:00:00.000000Z,6.3725000000000005,6.3735,6.3715,
2012-06-11T21:00:00.000000Z,6.37,6.371,6.369,
2012-06-12T21:00:00.000000Z,6.367000000000001,6.3695,6.3645,
2012-06-13T21:00:00.000000Z,6.3648000000000025,6.3658,6.3638,
2012-06-14T21:00:00.000000Z,6.375,6.376,6.374,
2012-06-16T21:00:00.000000Z,6.3625,6.363,6.362,
2012-06-17T21:00:00.000000Z,6.3628,6.3638,6.3618,
2012-06-18T21:00:00.000000Z,6.362,6.363,6.3610000000000015,
2012-06-19T21:00:00.000000Z,6.36525,6.3665,6.364,
2012-06-20T21:00:00.000000Z,6.3725000000000005,6.3735,6.3715,
2012-06-21T21:00:00.000000Z,6.373999999999999,6.375,6.3729999999999976,
2012-06-23T21:00:00.000000Z,6.3744999999999985,6.3755,6.3735,
2012-06-24T21:00:00.000000Z,6.37,6.3745,6.3655,
2012-06-25T21:00:00.000000Z,6.3645,6.365,6.364,
2012-06-26T21:00:00.000000Z,6.362,6.363,6.3610000000000015,
2012-06-27T21:00:00.000000Z,6.3610000000000015,6.362,6.36,
2012-06-28T21:00:00.000000Z,6.3665,6.3679999999999986,6.365,
2012-06-30T21:00:00.000000Z,6.35305,6.3543,6.3518,
2012-07-01T21:00:00.000000Z,6.354,6.355,6.353,
2012-07-02T21:00:00.000000Z,6.348000000000001,6.349,6.347,
2012-07-03T21:00:00.000000Z,6.353,6.354,6.352,
2012-07-04T21:00:00.000000Z,6.36505,6.3663,6.3638,
2012-07-05T21:00:00.000000Z,6.365,6.37,6.36,
2012-07-07T21:00:00.000000Z,6.37225,6.3735,6.371,
2012-07-08T21:00:00.000000Z,6.36775,6.369,6.3665,
2012-07-09T21:00:00.000000Z,6.36705,6.3683,6.3658,
2012-07-10T21:00:00.000000Z,6.369,6.37,6.3679999999999986,
2012-07-11T21:00:00.000000Z,6.374,6.3755,6.3725,
2012-07-12T21:00:00.000000Z,6.376,6.3765,6.3755,
2012-07-14T21:00:00.000000Z,6.375,6.3765,6.3735,
2012-07-15T21:00:00.000000Z,6.3744999999999985,6.375,6.374,
2012-07-16T21:00:00.000000Z,6.3729999999999976,6.3735,6.3725,
2012-07-17T21:00:00.000000Z,6.369,6.3715,6.3665,
2012-07-18T21:00:00.000000Z,6.3718,6.3728,6.3708,
2012-07-19T21:00:00.000000Z,6.3725000000000005,6.3745,6.3705,
2012-07-21T21:00:00.000000Z,6.384,6.385,6.382999999999999,
2012-07-22T21:00:00.000000Z,6.3868,6.3878,6.3858,
2012-07-23T21:00:00.000000Z,6.391,6.3925,6.3895,
2012-07-24T21:00:00.000000Z,6.3870000000000005,6.388,6.386,
2012-07-25T21:00:00.000000Z,6.385,6.39,6.38,
2012-07-26T21:00:00.000000Z,6.3825,6.3835,6.3815,
2012-07-28T21:00:00.000000Z,6.384,6.385,6.382999999999999,
2012-07-29T21:00:00.000000Z,6.385,6.3865,6.3835,
2012-07-30T21:00:00.000000Z,6.375,6.38,6.37,
2012-07-31T21:00:00.000000Z,6.3795,6.3805,6.3785,
2012-08-01T21:00:00.000000Z,6.38175,6.3820000000000014,6.3815,
2012-08-02T21:00:00.000000Z,6.38175,6.3825,6.381,
2012-08-04T21:00:00.000000Z,6.375,6.38,6.37,
2012-08-05T21:00:00.000000Z,6.3748000000000005,6.3758,6.3738,
2012-08-06T21:00:00.000000Z,6.375,6.38,6.37,
2012-08-07T21:00:00.000000Z,6.363500000000001,6.3660000000000005,6.3610000000000015,
2012-08-08T21:00:00.000000Z,6.37,6.3715,6.3685,
2012-08-09T21:00:00.000000Z,6.367999999999999,6.369,6.367000000000001,
2012-08-11T21:00:00.000000Z,6.365,6.3660000000000005,6.364,
2012-08-12T21:00:00.000000Z,6.365,6.3665,6.3635,
2012-08-13T21:00:00.000000Z,6.3660000000000005,6.367000000000001,6.365,
2012-08-14T21:00:00.000000Z,6.3714999999999975,6.3725,6.3705,
2012-08-15T21:00:00.000000Z,6.3665,6.367000000000001,6.3660000000000005,
2012-08-16T21:00:00.000000Z,6.364,6.3655,6.3625,
2012-08-18T21:00:00.000000Z,6.3635,6.3645,6.3625,
2012-08-19T21:00:00.000000Z,6.360000000000001,6.3610000000000015,6.359,
2012-08-20T21:00:00.000000Z,6.3575,6.3585,6.3565,
2012-08-21T21:00:00.000000Z,6.356,6.357,6.355,
2012-08-22T21:00:00.000000Z,6.3569999999999975,6.3575,6.3565,
2012-08-23T21:00:00.000000Z,6.3575,6.3585,6.3565,
2012-08-25T21:00:00.000000Z,6.362,6.363,6.3610000000000015,
2012-08-26T21:00:00.000000Z,6.3625000000000025,6.3635,6.3615,
2012-08-27T21:00:00.000000Z,6.3583,6.3593,6.3573,
2012-08-28T21:00:00.000000Z,6.357799999999999,6.3588,6.3568,
2012-08-29T21:00:00.000000Z,6.353,6.354,6.352,
2012-08-30T21:00:00.000000Z,6.351,6.352,6.35,
2012-09-01T21:00:00.000000Z,6.3485,6.3495,6.3475,
2012-09-02T21:00:00.000000Z,6.3445,6.3455,6.3435,
2012-09-03T21:00:00.000000Z,6.35125,6.352,6.3505,
2012-09-04T21:00:00.000000Z,6.3485,6.3495,6.3475,
2012-09-05T21:00:00.000000Z,6.3455,6.3465,6.3445,
2012-09-06T21:00:00.000000Z,6.341,6.3420000000000005,6.34,
2012-09-08T21:00:00.000000Z,6.339499999999999,6.34,6.339,
2012-09-09T21:00:00.000000Z,6.343,6.3445,6.3415,
2012-09-10T21:00:00.000000Z,6.3314999999999975,6.3329999999999975,6.33,
2012-09-11T21:00:00.000000Z,6.334,6.3355,6.3325,
2012-09-12T21:00:00.000000Z,6.32,6.3210000000000015,6.319,
2012-09-13T21:00:00.000000Z,6.3175,6.3185,6.3165,
2012-09-15T21:00:00.000000Z,6.3205,6.3215,6.3195,
2012-09-16T21:00:00.000000Z,6.329,6.33,6.3279999999999985,
2012-09-17T21:00:00.000000Z,6.3210000000000015,6.322,6.32,
2012-09-18T21:00:00.000000Z,6.3157999999999985,6.3163,6.3153,
2012-09-19T21:00:00.000000Z,6.31475,6.316,6.3135,
2012-09-20T21:00:00.000000Z,6.3135,6.3145,6.3125,
2012-09-22T21:00:00.000000Z,6.3115000000000006,6.3125,6.3105,
2012-09-23T21:00:00.000000Z,6.3115,6.313,6.31,
2012-09-24T21:00:00.000000Z,6.3119999999999985,6.313,6.311,
2012-09-25T21:00:00.000000Z,6.3125,6.3135,6.3115,
2012-09-26T21:00:00.000000Z,6.305,6.3065,6.3035,
2012-09-27T21:00:00.000000Z,6.3020000000000005,6.3035,6.3005,
2012-09-30T21:00:00.000000Z,6.3035,6.305,6.3020000000000005,
2012-10-01T21:00:00.000000Z,6.305,6.306,6.3039999999999985,
2012-10-02T21:00:00.000000Z,6.3055,6.307,6.3039999999999985,
2012-10-03T21:00:00.000000Z,6.3005,6.3015,6.2995,
2012-10-04T21:00:00.000000Z,6.2955000000000005,6.2965,6.2945,
2012-10-06T21:00:00.000000Z,6.297999999999999,6.299,6.2970000000000015,
2012-10-07T21:00:00.000000Z,6.29,6.291,6.289,
2012-10-08T21:00:00.000000Z,6.291,6.2925,6.2895,
2012-10-09T21:00:00.000000Z,6.287000000000001,6.2879999999999985,6.2860000000000005,
2012-10-10T21:00:00.000000Z,6.27375,6.274,6.2735,
2012-10-11T21:00:00.000000Z,6.27,6.2715,6.2685,
2012-10-13T21:00:00.000000Z,6.269,6.2695,6.2685,
2012-10-14T21:00:00.000000Z,6.268,6.2695,6.2665,
2012-10-15T21:00:00.000000Z,6.2570000000000014,6.257999999999999,6.256,
2012-10-16T21:00:00.000000Z,6.256,6.2575,6.2545,
2012-10-17T21:00:00.000000Z,6.256499999999999,6.257999999999999,6.255,
2012-10-18T21:00:00.000000Z,6.256,6.2565,6.2555,
2012-10-20T21:00:00.000000Z,6.255,6.2565,6.2535,
2012-10-21T21:00:00.000000Z,6.249249999999997,6.2505,6.2479999999999976,
2012-10-22T21:00:00.000000Z,6.24975,6.2505,6.249,
2012-10-23T21:00:00.000000Z,6.2405,6.2415,6.2395,
2012-10-24T21:00:00.000000Z,6.2360000000000015,6.237,6.235,
2012-10-25T21:00:00.000000Z,6.2425,6.2429999999999986,6.242000000000001,
2012-10-27T21:00:00.000000Z,6.2415,6.2429999999999986,6.24,
2012-10-28T21:00:00.000000Z,6.2485,6.25,6.247000000000001,
2012-10-29T21:00:00.000000Z,6.244,6.245,6.2429999999999986,
2012-10-30T21:00:00.000000Z,6.243500000000001,6.245,6.242000000000001,
2012-10-31T21:00:00.000000Z,6.2435,6.2445,6.2425,
2012-11-01T21:00:00.000000Z,6.2415,6.2425,6.2405,
2012-11-03T21:00:00.000000Z,6.2435,6.2442,6.2428,
2012-11-04T22:00:00.000000Z,6.24,6.2410000000000005,6.239,
2012-11-05T22:00:00.000000Z,6.2349999999999985,6.237,6.233,
2012-11-06T22:00:00.000000Z,6.2365499999999985,6.238,6.2351,
2012-11-07T22:00:00.000000Z,6.22895,6.23,6.2279,
2012-11-08T22:00:00.000000Z,6.2325,6.2335,6.2315,
2012-11-10T22:00:00.000000Z,6.22425,6.226,6.2225,
2012-11-11T22:00:00.000000Z,6.221,6.223,6.2189999999999985,
2012-11-12T22:00:00.000000Z,6.2163,6.218,6.2146,
2012-11-13T22:00:00.000000Z,6.22075,6.2215,6.22,
2012-11-14T22:00:00.000000Z,6.2419,6.2435,6.2403,
2012-11-15T22:00:00.000000Z,6.242000000000001,6.2429999999999986,6.2410000000000005,
2012-11-17T22:00:00.000000Z,6.235000000000001,6.2360000000000015,6.234,
2012-11-18T22:00:00.000000Z,6.2295,6.231,6.228,
2012-11-19T22:00:00.000000Z,6.23425,6.235,6.2335,
2012-11-20T22:00:00.000000Z,6.2305,6.232,6.229,
2012-11-21T22:00:00.000000Z,6.2275,6.2285,6.2265,
2012-11-22T22:00:00.000000Z,6.2265,6.227,6.226,
2012-11-24T22:00:00.000000Z,6.2265,6.2275,6.2255,
2012-11-25T22:00:00.000000Z,6.22155,6.2223,6.2208,
2012-11-26T22:00:00.000000Z,6.225,6.226,6.224,
2012-11-27T22:00:00.000000Z,6.2189999999999985,6.22,6.218,
2012-11-28T22:00:00.000000Z,6.2055000000000025,6.206,6.205,
2012-11-29T22:00:00.000000Z,6.2139999999999995,6.2155,6.2125,
2012-12-01T22:00:00.000000Z,6.21725,6.218,6.2165,
2012-12-02T22:00:00.000000Z,6.21325,6.214,6.2125,
2012-12-03T22:00:00.000000Z,6.21025,6.211,6.2095,
2012-12-04T22:00:00.000000Z,6.2115,6.2125,6.2105,
2012-12-05T22:00:00.000000Z,6.21,6.2107,6.2093,
2012-12-06T22:00:00.000000Z,6.2105,6.2115,6.2095,
2012-12-08T22:00:00.000000Z,6.2055000000000025,6.2070000000000025,6.204,
2012-12-09T22:00:00.000000Z,6.2135,6.214,6.212999999999999,
2012-12-10T22:00:00.000000Z,6.226,6.2275,6.2245,
2012-12-11T22:00:00.000000Z,6.2245,6.226,6.223,
2012-12-12T22:00:00.000000Z,6.221,6.222,6.22,
2012-12-13T22:00:00.000000Z,6.2215000000000025,6.2225,6.2205,
2012-12-15T22:00:00.000000Z,6.2139999999999995,6.2145,6.2135,
2012-12-16T22:00:00.000000Z,6.208999999999999,6.21,6.2079999999999975,
2012-12-17T22:00:00.000000Z,6.2065,6.2075,6.2055,
2012-12-18T22:00:00.000000Z,6.214499999999999,6.2155,6.2135,
2012-12-19T22:00:00.000000Z,6.22,6.221,6.2189999999999985,
2012-12-20T22:00:00.000000Z,6.224,6.225,6.223,
2012-12-22T22:00:00.000000Z,6.2265,6.2275,6.2255,
2012-12-23T22:00:00.000000Z,6.2245,6.226,6.223,
2012-12-24T22:00:00.000000Z,6.23025,6.2305,6.23,
2012-12-25T22:00:00.000000Z,6.23285,6.2335,6.2322,
2012-12-26T22:00:00.000000Z,6.227,6.228,6.226,
2012-12-27T22:00:00.000000Z,6.2238000000000016,6.2248,6.2228,
2012-12-29T22:00:00.000000Z,6.222,6.2235,6.2205,
2012-12-30T22:00:00.000000Z,6.224,6.225,6.223,
2012-12-31T22:00:00.000000Z,6.2035,6.2045,6.2025,
2013-01-01T22:00:00.000000Z,6.2058,6.2068,6.2048,
2013-01-02T22:00:00.000000Z,6.2135,6.2145,6.2125,
2013-01-03T22:00:00.000000Z,6.2139999999999995,6.2145,6.2135,
2013-01-05T22:00:00.000000Z,6.21325,6.2135,6.212999999999999,
2013-01-06T22:00:00.000000Z,6.2079999999999975,6.2095,6.2065,
2013-01-07T22:00:00.000000Z,6.19925,6.2,6.1985,
2013-01-08T22:00:00.000000Z,6.1960000000000015,6.197,6.195,
2013-01-09T22:00:00.000000Z,6.182,6.1825,6.1815,
2013-01-10T22:00:00.000000Z,6.1843,6.1853,6.1833,
2013-01-12T22:00:00.000000Z,6.1845,6.1855,6.1835,
2013-01-13T22:00:00.000000Z,6.19,6.1905,6.1895,
2013-01-14T22:00:00.000000Z,6.1915,6.192,6.191,
2013-01-15T22:00:00.000000Z,6.189500000000002,6.19,6.189,
2013-01-16T22:00:00.000000Z,6.1868,6.1887,6.1849,
2013-01-17T22:00:00.000000Z,6.191,6.193,6.189,
2013-01-19T22:00:00.000000Z,6.1935,6.1945,6.1925,
2013-01-20T22:00:00.000000Z,6.1965,6.1973,6.1957,
2013-01-21T22:00:00.000000Z,6.204,6.2047,6.2033,
2013-01-22T22:00:00.000000Z,6.20625,6.2067,6.2058,
2013-01-23T22:00:00.000000Z,6.216,6.2175,6.2145,
2013-01-24T22:00:00.000000Z,6.2135,6.214,6.212999999999999,
2013-01-26T22:00:00.000000Z,6.2235,6.2245,6.2225,
2013-01-27T22:00:00.000000Z,6.22575,6.2262,6.2253,
2013-01-28T22:00:00.000000Z,6.21725,6.2182,6.2163,
2013-01-29T22:00:00.000000Z,6.2148,6.2158,6.2138,
2013-01-30T22:00:00.000000Z,6.2170000000000005,6.218,6.216,
2013-01-31T22:00:00.000000Z,6.213000000000001,6.214,6.2120000000000015,
2013-02-02T22:00:00.000000Z,6.2128,6.2138,6.2118,
2013-02-03T22:00:00.000000Z,6.2155000000000005,6.2170000000000005,6.214,
2013-02-04T22:00:00.000000Z,6.215,6.2165,6.2135,
2013-02-05T22:00:00.000000Z,6.2205499999999985,6.2216,6.2195,
2013-02-06T22:00:00.000000Z,6.2245,6.2253,6.2237,
2013-02-07T22:00:00.000000Z,6.221,6.222,6.22,
2013-02-09T22:00:00.000000Z,6.2209,6.2219,6.2199,
2013-02-10T22:00:00.000000Z,6.2208000000000006,6.2218,6.2198,
2013-02-11T22:00:00.000000Z,6.22,6.2215,6.2185,
2013-02-12T22:00:00.000000Z,6.2205,6.2212,6.2198,
2013-02-13T22:00:00.000000Z,6.2170000000000005,6.218,6.216,
2013-02-14T22:00:00.000000Z,6.22025,6.222,6.2185,
2013-02-16T22:00:00.000000Z,6.2275,6.2285,6.2265,
2013-02-17T22:00:00.000000Z,6.2355,6.2365,6.2345,
2013-02-18T22:00:00.000000Z,6.2365,6.2375,6.2355,
2013-02-19T22:00:00.000000Z,6.2415,6.2429999999999986,6.24,
2013-02-20T22:00:00.000000Z,6.23725,6.2382,6.2363,
2013-02-21T22:00:00.000000Z,6.234,6.235,6.233,
2013-02-23T22:00:00.000000Z,6.23155,6.2323,6.2308,
2013-02-24T22:00:00.000000Z,6.2275,6.2285,6.2265,
2013-02-25T22:00:00.000000Z,6.225,6.2257,6.2243,
2013-02-26T22:00:00.000000Z,6.2205,6.2212,6.2198,
2013-02-27T22:00:00.000000Z,6.21575,6.2162,6.2153,
2013-02-28T22:00:00.000000Z,6.2215000000000025,6.222,6.221,
2013-03-02T22:00:00.000000Z,6.2225,6.224,6.221,
2013-03-03T22:00:00.000000Z,6.2194,6.22,6.2188,
2013-03-04T22:00:00.000000Z,6.211499999999999,6.212999999999999,6.21,
2013-03-05T22:00:00.000000Z,6.21,6.2115,6.2085,
2013-03-06T22:00:00.000000Z,6.203849999999999,6.2044,6.2033,
2013-03-07T22:00:00.000000Z,6.202000000000001,6.2025,6.2015,
2013-03-09T22:00:00.000000Z,6.20575,6.2062,6.2053,
2013-03-10T21:00:00.000000Z,6.2065,6.2075,6.2055,
2013-03-11T21:00:00.000000Z,6.208999999999999,6.21,6.2079999999999975,
2013-03-12T21:00:00.000000Z,6.21325,6.2137,6.2128,
2013-03-13T21:00:00.000000Z,6.209,6.2097,6.2083,
2013-03-14T21:00:00.000000Z,6.2070000000000025,6.2075,6.2065,
2013-03-16T21:00:00.000000Z,6.21,6.211,6.209,
2013-03-17T21:00:00.000000Z,6.20895,6.2096,6.2083,
2013-03-18T21:00:00.000000Z,6.20875,6.2091,6.2084,
2013-03-19T21:00:00.000000Z,6.2045,6.2052,6.2038,
2013-03-20T21:00:00.000000Z,6.2064999999999975,6.2079999999999975,6.205,
2013-03-21T21:00:00.000000Z,6.2035,6.2045,6.2025,
2013-03-23T21:00:00.000000Z,6.2037499999999985,6.2042,6.2033,
2013-03-24T21:00:00.000000Z,6.20485,6.2053,6.2044,
2013-03-25T21:00:00.000000Z,6.2065,6.2075,6.2055,
2013-03-26T21:00:00.000000Z,6.2095,6.2105,6.2085,
2013-03-27T21:00:00.000000Z,6.205,6.2057,6.2043,
2013-03-28T21:00:00.000000Z,6.2045,6.206,6.2029999999999985,
2013-03-30T21:00:00.000000Z,6.2045,6.206,6.2029999999999985,
2013-03-31T21:00:00.000000Z,6.1979999999999995,6.1987,6.1973,
2013-04-01T21:00:00.000000Z,6.197,6.1985,6.1955,
2013-04-02T21:00:00.000000Z,6.196249999999999,6.1972,6.1953,
2013-04-03T21:00:00.000000Z,6.2,6.2010000000000005,6.199,
2013-04-04T21:00:00.000000Z,6.199,6.2,6.198,
2013-04-06T21:00:00.000000Z,6.20295,6.2034,6.2025,
2013-04-07T21:00:00.000000Z,6.194,6.1947,6.1933,
2013-04-08T21:00:00.000000Z,6.1885,6.1887,6.1883,
2013-04-09T21:00:00.000000Z,6.1892999999999985,6.1903,6.1883,
2013-04-10T21:00:00.000000Z,6.1839499999999985,6.1846,6.1833,
2013-04-11T21:00:00.000000Z,6.1842000000000015,6.1847,6.1837,
2013-04-13T21:00:00.000000Z,6.1857500000000005,6.1862,6.1853,
2013-04-14T21:00:00.000000Z,6.1880000000000015,6.189,6.187,
2013-04-15T21:00:00.000000Z,6.176,6.1765,6.1755,
2013-04-16T21:00:00.000000Z,6.1801499999999985,6.1807,6.1796,
2013-04-17T21:00:00.000000Z,6.175,6.176,6.174,
2013-04-18T21:00:00.000000Z,6.1745,6.176,6.172999999999999,
2013-04-20T21:00:00.000000Z,6.17975,6.1802,6.1793,
2013-04-21T21:00:00.000000Z,6.178,6.1787,6.1773,
2013-04-22T21:00:00.000000Z,6.1735500000000005,6.1749,6.1722,
2013-04-23T21:00:00.000000Z,6.1667,6.1671,6.1663,
2013-04-24T21:00:00.000000Z,6.16475,6.1652,6.1643,
2013-04-25T21:00:00.000000Z,6.166499999999999,6.1679999999999975,6.165,
2013-04-27T21:00:00.000000Z,6.164,6.165,6.1629999999999985,
2013-04-28T21:00:00.000000Z,6.1622,6.1626,6.1618,
2013-04-29T21:00:00.000000Z,6.1623,6.1633,6.1613,
2013-04-30T21:00:00.000000Z,6.15685,6.1572,6.1565,
2013-05-01T21:00:00.000000Z,6.1572999999999976,6.1583,6.1563,
2013-05-02T21:00:00.000000Z,6.1545000000000005,6.1560000000000015,6.153,
2013-05-03T21:00:00.000000Z,6.1527499999999975,6.153,6.1525,
2013-05-04T21:00:00.000000Z,6.1644000000000005,6.165,6.1638,
2013-05-05T21:00:00.000000Z,6.16305,6.1641,6.162000000000001,
2013-05-06T21:00:00.000000Z,6.1435,6.1447,6.1423,
2013-05-07T21:00:00.000000Z,6.135,6.136,6.134,
2013-05-08T21:00:00.000000Z,6.14365,6.144,6.1433,
2013-05-09T21:00:00.000000Z,6.1555,6.1565,6.1545,
2013-05-11T21:00:00.000000Z,6.1495,6.1505,6.1485,
2013-05-12T21:00:00.000000Z,6.1412999999999975,6.1423,6.1403,
2013-05-13T21:00:00.000000Z,6.14265,6.143,6.1423,
2013-05-14T21:00:00.000000Z,6.14255,6.1433,6.1418,
2013-05-15T21:00:00.000000Z,6.1415000000000015,6.1425,6.1405,
2013-05-16T21:00:00.000000Z,6.14575,6.1477,6.1438,
2013-05-18T21:00:00.000000Z,6.13825,6.1387,6.1378,
2013-05-19T21:00:00.000000Z,6.12695,6.1276,6.1263,
2013-05-20T21:00:00.000000Z,6.1318,6.1322,6.1314,
2013-05-21T21:00:00.000000Z,6.13125,6.1326,6.1299,
2013-05-22T21:00:00.000000Z,6.12715,6.1285,6.1258,
2013-05-23T21:00:00.000000Z,6.1235,6.1252,6.1218,
2013-05-25T21:00:00.000000Z,6.1205,6.1212,6.1198,
2013-05-26T21:00:00.000000Z,6.1183999999999985,6.119,6.1178,
2013-05-27T21:00:00.000000Z,6.12675,6.1272,6.1263,
2013-05-28T21:00:00.000000Z,6.133000000000001,6.134,6.1320000000000014,
2013-05-29T21:00:00.000000Z,6.148,6.149,6.147,
2013-05-30T21:00:00.000000Z,6.148,6.149,6.147,
2013-06-01T21:00:00.000000Z,6.1370000000000005,6.138,6.136,
2013-06-02T21:00:00.000000Z,6.132999999999999,6.1345,6.1315,
2013-06-03T21:00:00.000000Z,6.1275499999999985,6.1282,6.1269,
2013-06-04T21:00:00.000000Z,6.13095,6.1323,6.1296,
2013-06-05T21:00:00.000000Z,6.14,6.141,6.1389999999999985,
2013-06-06T21:00:00.000000Z,6.1370000000000005,6.138,6.136,
2013-06-08T21:00:00.000000Z,6.1485,6.1491,6.1479,
2013-06-09T21:00:00.000000Z,6.1475,6.148,6.147,
2013-06-10T21:00:00.000000Z,6.144,6.145,6.143,
2013-06-11T21:00:00.000000Z,6.14715,6.1475,6.1468,
2013-06-12T21:00:00.000000Z,6.1355,6.1370000000000005,6.134,
2013-06-13T21:00:00.000000Z,6.13115,6.1319,6.1304,
2013-06-15T21:00:00.000000Z,6.12965,6.1302,6.1291,
2013-06-16T21:00:00.000000Z,6.138,6.1389999999999985,6.1370000000000005,
2013-06-17T21:00:00.000000Z,6.1326,6.1329,6.1323,
2013-06-18T21:00:00.000000Z,6.12965,6.1302,6.1291,
2013-06-19T21:00:00.000000Z,6.1325,6.1335,6.1315,
2013-06-20T21:00:00.000000Z,6.13045,6.1312,6.1297,
2013-06-22T21:00:00.000000Z,6.1377500000000005,6.1382,6.1373,
2013-06-23T21:00:00.000000Z,6.14525,6.1457,6.1448,
2013-06-24T21:00:00.000000Z,6.14425,6.1447,6.1438,
2013-06-25T21:00:00.000000Z,6.148,6.1484,6.1476,
2013-06-26T21:00:00.000000Z,6.1415,6.143,6.14,
2013-06-27T21:00:00.000000Z,6.1348,6.1358,6.1338,
2013-06-29T21:00:00.000000Z,6.13175,6.1322,6.1313,
2013-06-30T21:00:00.000000Z,6.1295,6.1305,6.1285,
2013-07-01T21:00:00.000000Z,6.1333,6.1337,6.1329,
2013-07-02T21:00:00.000000Z,6.128000000000001,6.129,6.127000000000002,
2013-07-03T21:00:00.000000Z,6.1315,6.1325,6.1305,
2013-07-04T21:00:00.000000Z,6.13265,6.1334,6.1319,
2013-07-06T21:00:00.000000Z,6.1416,6.1422,6.141,
2013-07-07T21:00:00.000000Z,6.1355,6.1365,6.1345,
2013-07-08T21:00:00.000000Z,6.1377500000000005,6.1382,6.1373,
2013-07-09T21:00:00.000000Z,6.13575,6.1362,6.1353,
2013-07-10T21:00:00.000000Z,6.14325,6.1437,6.1428,
2013-07-11T21:00:00.000000Z,6.1392,6.1411,6.1373,
2013-07-13T21:00:00.000000Z,6.1395,6.1405,6.1385,
2013-07-14T21:00:00.000000Z,6.1383,6.1387,6.1379,
2013-07-15T21:00:00.000000Z,6.136,6.1364,6.1356,
2013-07-16T21:00:00.000000Z,6.1402,6.1406,6.1398,
2013-07-17T21:00:00.000000Z,6.1388,6.1398,6.1378,
2013-07-18T21:00:00.000000Z,6.1346000000000025,6.1356,6.1336,
2013-07-20T21:00:00.000000Z,6.1365,6.1375,6.1355,
2013-07-21T21:00:00.000000Z,6.1358,6.1362,6.1354,
2013-07-22T21:00:00.000000Z,6.13525,6.1357,6.1348,
2013-07-23T21:00:00.000000Z,6.13805,6.1385,6.1376,
2013-07-24T21:00:00.000000Z,6.13425,6.1345,6.134,
2013-07-25T21:00:00.000000Z,6.13565,6.1363,6.135,
2013-07-27T21:00:00.000000Z,6.134,6.135,6.132999999999999,
2013-07-28T21:00:00.000000Z,6.1365,6.1375,6.1355,
2013-07-29T21:00:00.000000Z,6.135,6.1365,6.1335,
2013-07-30T21:00:00.000000Z,6.12945,6.1297,6.1292,
2013-07-31T21:00:00.000000Z,6.1320000000000014,6.132999999999999,6.131,
2013-08-01T21:00:00.000000Z,6.1295,6.13,6.129,
2013-08-03T21:00:00.000000Z,6.126000000000001,6.127000000000002,6.125,
2013-08-04T21:00:00.000000Z,6.122350000000001,6.1227,6.122000000000001,
2013-08-05T21:00:00.000000Z,6.12035,6.1207,6.12,
2013-08-06T21:00:00.000000Z,6.1145,6.1149,6.1141,
2013-08-07T21:00:00.000000Z,6.11455,6.1149,6.1142,
2013-08-08T21:00:00.000000Z,6.1191999999999975,6.1197,6.1187,
2013-08-10T21:00:00.000000Z,6.1172,6.1175,6.1169,
2013-08-11T21:00:00.000000Z,6.12075,6.1211,6.1204,
2013-08-12T21:00:00.000000Z,6.11785,6.1198,6.1159,
2013-08-13T21:00:00.000000Z,6.113,6.114,6.112,
2013-08-14T21:00:00.000000Z,6.1086,6.1096,6.1076,
2013-08-15T21:00:00.000000Z,6.10975,6.1105,6.109,
2013-08-17T21:00:00.000000Z,6.114,6.115,6.113,
2013-08-18T21:00:00.000000Z,6.11675,6.1175,6.1160000000000005,
2013-08-19T21:00:00.000000Z,6.11685,6.1172,6.1165,
2013-08-20T21:00:00.000000Z,6.11795,6.1187,6.1172,
2013-08-21T21:00:00.000000Z,6.1159,6.1169,6.1149,
2013-08-22T21:00:00.000000Z,6.1114,6.1124,6.1104,
2013-08-24T21:00:00.000000Z,6.11265,6.113,6.1123,
2013-08-25T21:00:00.000000Z,6.1142,6.1145,6.1139,
2013-08-26T21:00:00.000000Z,6.11695,6.1174,6.1165,
2013-08-27T21:00:00.000000Z,6.1174,6.1177,6.1171,
2013-08-28T21:00:00.000000Z,6.1158,6.1162,6.1154,
2013-08-29T21:00:00.000000Z,6.1165,6.1179999999999986,6.115,
2013-08-31T21:00:00.000000Z,6.1138,6.1142,6.1134,
2013-09-01T21:00:00.000000Z,6.11455,6.115,6.1141,
2013-09-02T21:00:00.000000Z,6.11575,6.1171,6.1144,
2013-09-03T21:00:00.000000Z,6.11355,6.1138,6.1133,
2013-09-04T21:00:00.000000Z,6.1148500000000015,6.1151,6.1146,
2013-09-05T21:00:00.000000Z,6.114000000000001,6.1160000000000005,6.112,
2013-09-07T21:00:00.000000Z,6.1106,6.1109,6.1103,
2013-09-08T21:00:00.000000Z,6.1095000000000015,6.1105,6.1085,
2013-09-09T21:00:00.000000Z,6.1122999999999985,6.1133,6.1113,
2013-09-10T21:00:00.000000Z,6.1085499999999975,6.1088,6.1083,
2013-09-11T21:00:00.000000Z,6.1110000000000015,6.1125,6.1095,
2013-09-12T21:00:00.000000Z,6.1129,6.1145,6.1113,
2013-09-14T21:00:00.000000Z,6.11165,6.1119,6.1114,
2013-09-15T21:00:00.000000Z,6.1124,6.1127,6.1121,
2013-09-16T21:00:00.000000Z,6.1113,6.1115,6.1111,
2013-09-17T21:00:00.000000Z,6.1075,6.1078,6.1072,
2013-09-18T21:00:00.000000Z,6.1101,6.1104,6.1098,
2013-09-19T21:00:00.000000Z,6.1110000000000015,6.1117,6.1103,
2013-09-21T21:00:00.000000Z,6.11115,6.1116,6.1107,
2013-09-22T21:00:00.000000Z,6.115,6.1160000000000005,6.114,
2013-09-23T21:00:00.000000Z,6.1176499999999985,6.1179999999999986,6.1173,
2013-09-24T21:00:00.000000Z,6.11705,6.1175,6.1166,
2013-09-25T21:00:00.000000Z,6.1194500000000005,6.1208,6.1181,
2013-09-26T21:00:00.000000Z,6.1168,6.1178,6.1158,
2013-09-28T21:00:00.000000Z,6.11745,6.1178,6.1171,
2013-09-29T21:00:00.000000Z,6.115500000000001,6.1157,6.1153,
2013-09-30T21:00:00.000000Z,6.1143,6.1153,6.1133,
2013-10-01T21:00:00.000000Z,6.10995,6.1104,6.1095,
2013-10-02T21:00:00.000000Z,6.10705,6.1073,6.1068,
2013-10-03T21:00:00.000000Z,6.1072,6.1079,6.1065,
2013-10-05T21:00:00.000000Z,6.1076,6.1079,6.1073,
2013-10-06T21:00:00.000000Z,6.1109,6.1112,6.1106,
2013-10-07T21:00:00.000000Z,6.1118000000000015,6.1128,6.1108,
2013-10-08T21:00:00.000000Z,6.1139,6.1142,6.1136,
2013-10-09T21:00:00.000000Z,6.1086,6.1091,6.1081,
2013-10-10T21:00:00.000000Z,6.1065000000000005,6.1075,6.1055,
2013-10-12T21:00:00.000000Z,6.10735,6.1078,6.1069,
2013-10-13T21:00:00.000000Z,6.099,6.1005,6.0975,
2013-10-14T21:00:00.000000Z,6.0942000000000025,6.0952,6.0932,
2013-10-15T21:00:00.000000Z,6.0968,6.0978,6.0958,
2013-10-16T21:00:00.000000Z,6.08755,6.0878,6.0873,
2013-10-17T21:00:00.000000Z,6.08975,6.0905,6.089,
2013-10-19T21:00:00.000000Z,6.08995,6.0907,6.0892,
2013-10-20T21:00:00.000000Z,6.0886999999999984,6.0897,6.0877,
2013-10-21T21:00:00.000000Z,6.0846,6.0849,6.0843,
2013-10-22T21:00:00.000000Z,6.0807,6.081,6.0804,
2013-10-23T21:00:00.000000Z,6.0758,6.0768,6.0748,
2013-10-24T21:00:00.000000Z,6.0747,6.0760000000000005,6.0734,
2013-10-26T21:00:00.000000Z,6.0752500000000005,6.0756,6.0749,
2013-10-27T21:00:00.000000Z,6.0811,6.0815,6.0807,
2013-10-28T21:00:00.000000Z,6.0822,6.0825,6.0819,
2013-10-29T21:00:00.000000Z,6.08525,6.0857,6.0848,
2013-10-30T21:00:00.000000Z,6.0869,6.0872,6.0866,
2013-10-31T21:00:00.000000Z,6.08625,6.0867,6.0858,
2013-11-02T21:00:00.000000Z,6.0886,6.0896,6.0876,
2013-11-03T22:00:00.000000Z,6.0856,6.0866,6.0846,
2013-11-04T22:00:00.000000Z,6.0861,6.0871,6.0851,
2013-11-05T22:00:00.000000Z,6.08325,6.0837,6.0828,
2013-11-06T22:00:00.000000Z,6.0786,6.0789,6.0783,
2013-11-07T22:00:00.000000Z,6.0799,6.0809,6.0789,
2013-11-09T22:00:00.000000Z,6.0785,6.08,6.077000000000001,
2013-11-10T22:00:00.000000Z,6.07835,6.0788,6.0779,
2013-11-11T22:00:00.000000Z,6.0790500000000005,6.0795,6.0786,
2013-11-12T22:00:00.000000Z,6.0764999999999985,6.0779999999999985,6.075,
2013-11-13T22:00:00.000000Z,6.0775000000000015,6.0785,6.0765,
2013-11-14T22:00:00.000000Z,6.074,6.0743,6.0737,
2013-11-16T22:00:00.000000Z,6.0731,6.0734,6.0728,
2013-11-17T22:00:00.000000Z,6.0678,6.0688,6.0668,
2013-11-18T22:00:00.000000Z,6.0671,6.0674,6.0668,
2013-11-19T22:00:00.000000Z,6.070500000000001,6.0710000000000015,6.07,
2013-11-20T22:00:00.000000Z,6.0726,6.0736,6.0716,
2013-11-21T22:00:00.000000Z,6.07435,6.0747,6.074,
2013-11-23T22:00:00.000000Z,6.0790000000000015,6.0792,6.0788,
2013-11-24T22:00:00.000000Z,6.0802999999999985,6.0806,6.08,
2013-11-25T22:00:00.000000Z,6.0808,6.0823,6.0793,
2013-11-26T22:00:00.000000Z,6.08345,6.0837,6.0832,
2013-11-27T22:00:00.000000Z,6.0875,6.089,6.086,
2013-11-28T22:00:00.000000Z,6.0853,6.0857,6.0849,
2013-11-30T22:00:00.000000Z,6.08565,6.086,6.0853,
2013-12-01T22:00:00.000000Z,6.0870000000000015,6.0885,6.0855,
2013-12-02T22:00:00.000000Z,6.0842,6.0847,6.0837,
2013-12-03T22:00:00.000000Z,6.083500000000001,6.085,6.0820000000000025,
2013-12-04T22:00:00.000000Z,6.0756999999999985,6.0767,6.0747,
2013-12-05T22:00:00.000000Z,6.0677,6.0683,6.0671,
2013-12-07T22:00:00.000000Z,6.06565,6.0664,6.0649,
2013-12-08T22:00:00.000000Z,6.06465,6.0651,6.0642,
2013-12-09T22:00:00.000000Z,6.0718999999999985,6.0729,6.0709,
2013-12-10T22:00:00.000000Z,6.0776,6.0786,6.0766,
2013-12-11T22:00:00.000000Z,6.07615,6.0765,6.0758,
2013-12-12T22:00:00.000000Z,6.0739,6.0749,6.0729,
2013-12-14T22:00:00.000000Z,6.0725000000000025,6.074,6.0710000000000015,
2013-12-15T22:00:00.000000Z,6.0695999999999986,6.0706,6.0686,
2013-12-16T22:00:00.000000Z,6.07075,6.0712,6.0703,
2013-12-17T22:00:00.000000Z,6.0743,6.0747,6.0739,
2013-12-18T22:00:00.000000Z,6.07185,6.0721,6.0716,
2013-12-19T22:00:00.000000Z,6.0686,6.0697,6.0675,
2013-12-21T22:00:00.000000Z,6.06955,6.07,6.0691,
2013-12-22T22:00:00.000000Z,6.0705,6.0708,6.0702,
2013-12-23T22:00:00.000000Z,6.07255,6.073,6.0721,
2013-12-24T22:00:00.000000Z,6.0726999999999975,6.0737,6.0717,
2013-12-25T22:00:00.000000Z,6.07015,6.0704,6.0699,
2013-12-26T22:00:00.000000Z,6.0715,6.0722,6.0708,
2013-12-28T22:00:00.000000Z,6.07085,6.0714,6.0703,
2013-12-29T22:00:00.000000Z,6.0561,6.0564,6.0558,
2013-12-30T22:00:00.000000Z,6.0569000000000015,6.0579,6.0559,
2013-12-31T22:00:00.000000Z,6.0455000000000005,6.0465,6.0445,
2014-01-01T22:00:00.000000Z,6.0488,6.0498,6.0478,
2014-01-02T22:00:00.000000Z,6.04775,6.0496,6.0459,
2014-01-04T22:00:00.000000Z,6.047350000000002,6.0477,6.0470000000000015,
2014-01-05T22:00:00.000000Z,6.042749999999999,6.0429999999999975,6.0425,
2014-01-06T22:00:00.000000Z,6.03355,6.034,6.0331,
2014-01-07T22:00:00.000000Z,6.0389,6.0399,6.0379,
2014-01-08T22:00:00.000000Z,6.0373,6.0376,6.037000000000001,
2014-01-09T22:00:00.000000Z,6.0332,6.0336,6.0328,
2014-01-11T22:00:00.000000Z,6.0291,6.0294,6.0288,
2014-01-12T22:00:00.000000Z,6.02345,6.0239,6.023,
2014-01-13T22:00:00.000000Z,6.02085,6.0212,6.0205,
2014-01-14T22:00:00.000000Z,6.0246,6.0249,6.0243,
2014-01-15T22:00:00.000000Z,6.02305,6.0233,6.0228,
2014-01-16T22:00:00.000000Z,6.0228,6.0231,6.0225,
2014-01-18T22:00:00.000000Z,6.0238,6.0241,6.0235,
2014-01-19T22:00:00.000000Z,6.0223,6.0233,6.0213,
2014-01-20T22:00:00.000000Z,6.02835,6.0287,6.028,
2014-01-21T22:00:00.000000Z,6.0375999999999985,6.0379,6.0373,
2014-01-22T22:00:00.000000Z,6.0358,6.0368,6.0348,
2014-01-23T22:00:00.000000Z,6.0409500000000005,6.0428,6.0391,
2014-01-25T22:00:00.000000Z,6.0409500000000005,6.0412,6.0407,
2014-01-26T22:00:00.000000Z,6.0334,6.0344,6.0324,
2014-01-27T22:00:00.000000Z,6.03125,6.032,6.0305,
2014-01-28T22:00:00.000000Z,6.03445,6.0347,6.0342,
2014-01-29T22:00:00.000000Z,6.0342,6.0346,6.0338,
2014-01-30T22:00:00.000000Z,6.0354,6.0360000000000005,6.0348,
2014-02-01T22:00:00.000000Z,6.0335,6.035,6.032,
2014-02-02T22:00:00.000000Z,6.03095,6.0313,6.0306,
2014-02-03T22:00:00.000000Z,6.02685,6.0273,6.0264,
2014-02-04T22:00:00.000000Z,6.02745,6.0278,6.0271,
2014-02-05T22:00:00.000000Z,6.0318000000000005,6.0328,6.0308,
2014-02-06T22:00:00.000000Z,6.02735,6.0278,6.0269,
2014-02-08T22:00:00.000000Z,6.0329999999999995,6.0345,6.0315,
2014-02-09T22:00:00.000000Z,6.0383999999999975,6.0394,6.0374,
2014-02-10T22:00:00.000000Z,6.03965,6.0404,6.0389,
2014-02-11T22:00:00.000000Z,6.0419,6.0429,6.0409,
2014-02-12T22:00:00.000000Z,6.03895,6.0392,6.0387,
2014-02-13T22:00:00.000000Z,6.03515,6.0356,6.0347,
2014-02-15T22:00:00.000000Z,6.035500000000001,6.0365,6.0345,
2014-02-16T22:00:00.000000Z,6.0379000000000005,6.0389,6.0369,
2014-02-17T22:00:00.000000Z,6.0436,6.0446,6.0426,
2014-02-18T22:00:00.000000Z,6.0577000000000005,6.0587,6.0567,
2014-02-19T22:00:00.000000Z,6.0871999999999975,6.0882,6.0862,
2014-02-20T22:00:00.000000Z,6.0912,6.0931,6.0893,
2014-02-22T22:00:00.000000Z,6.0951,6.0961,6.0941,
2014-02-23T22:00:00.000000Z,6.1145,6.1160000000000005,6.113,
2014-02-24T22:00:00.000000Z,6.1256,6.1266,6.1246,
2014-02-25T22:00:00.000000Z,6.11165,6.112,6.1113,
2014-02-26T22:00:00.000000Z,6.1284,6.1287,6.1281,
2014-02-27T22:00:00.000000Z,6.1197,6.12,6.1194,
2014-03-01T22:00:00.000000Z,6.1263000000000005,6.1273,6.1253,
2014-03-02T22:00:00.000000Z,6.1288,6.1298,6.1278,
2014-03-03T22:00:00.000000Z,6.1305999999999985,6.1316,6.1296,
2014-03-04T22:00:00.000000Z,6.11205,6.1123,6.1118,
2014-03-05T22:00:00.000000Z,6.0983,6.0987,6.0979,
2014-03-06T22:00:00.000000Z,6.1099999999999985,6.1105,6.1095,
2014-03-08T22:00:00.000000Z,6.1278000000000015,6.1288,6.1268,
2014-03-09T21:00:00.000000Z,6.12845,6.1287,6.1282,
2014-03-10T21:00:00.000000Z,6.1418,6.1421,6.1415,
2014-03-11T21:00:00.000000Z,6.1375,6.1378,6.1372,
2014-03-12T21:00:00.000000Z,6.1495,6.151,6.148,
2014-03-13T21:00:00.000000Z,6.15395,6.1547,6.1532,
2014-03-15T21:00:00.000000Z,6.159,6.16,6.158,
2014-03-16T21:00:00.000000Z,6.1741,6.1746,6.1736,
2014-03-17T21:00:00.000000Z,6.195,6.1960000000000015,6.194,
2014-03-18T21:00:00.000000Z,6.206200000000001,6.2064,6.206,
2014-03-19T21:00:00.000000Z,6.2045,6.2049,6.2041,
2014-03-20T21:00:00.000000Z,6.1965,6.198,6.195,
2014-03-22T21:00:00.000000Z,6.1996,6.2,6.1992,
2014-03-23T21:00:00.000000Z,6.17855,6.1789999999999985,6.1781,
2014-03-24T21:00:00.000000Z,6.19655,6.197,6.1961,
2014-03-25T21:00:00.000000Z,6.20625,6.2067,6.2058,
2014-03-26T21:00:00.000000Z,6.20685,6.2072,6.2065,
2014-03-27T21:00:00.000000Z,6.20325,6.204,6.2025,
2014-03-29T21:00:00.000000Z,6.2174000000000005,6.2178,6.2170000000000005,
2014-03-30T21:00:00.000000Z,6.2028,6.2038,6.2018,
2014-03-31T21:00:00.000000Z,6.1988,6.1993,6.1983,
2014-04-01T21:00:00.000000Z,6.20965,6.2104,6.2089,
2014-04-02T21:00:00.000000Z,6.2185000000000015,6.22,6.2170000000000005,
2014-04-03T21:00:00.000000Z,6.216,6.2175,6.2145,
2014-04-05T21:00:00.000000Z,6.21395,6.2143,6.2136,
2014-04-06T21:00:00.000000Z,6.2090999999999985,6.2094,6.2088,
2014-04-07T21:00:00.000000Z,6.1952,6.1955,6.1949,
2014-04-08T21:00:00.000000Z,6.2053,6.2057,6.2049,
2014-04-09T21:00:00.000000Z,6.2131,6.2134,6.2128,
2014-04-10T21:00:00.000000Z,6.21,6.211,6.209,
2014-04-12T21:00:00.000000Z,6.2142,6.2145,6.2139,
2014-04-13T21:00:00.000000Z,6.22635,6.2266,6.2261,
2014-04-14T21:00:00.000000Z,6.2265,6.2275,6.2255,
2014-04-15T21:00:00.000000Z,6.21965,6.2199,6.2194,
2014-04-16T21:00:00.000000Z,6.2227,6.2231,6.2223,
2014-04-17T21:00:00.000000Z,6.2238500000000005,6.2255,6.2222,
2014-04-19T21:00:00.000000Z,6.2275,6.2285,6.2265,
2014-04-20T21:00:00.000000Z,6.2349,6.2358,6.234,
2014-04-21T21:00:00.000000Z,6.2447,6.2457,6.2437,
2014-04-22T21:00:00.000000Z,6.24325,6.2437,6.2428,
2014-04-23T21:00:00.000000Z,6.2592,6.2597,6.2587,
2014-04-24T21:00:00.000000Z,6.2577,6.2582,6.2572,
2014-04-26T21:00:00.000000Z,6.2541,6.2544,6.2538,
2014-04-27T21:00:00.000000Z,6.2537,6.254,6.2534,
2014-04-28T21:00:00.000000Z,6.2683,6.2688,6.2678,
2014-04-29T21:00:00.000000Z,6.2562000000000015,6.2570000000000014,6.2554,
2014-04-30T21:00:00.000000Z,6.25635,6.2567,6.256,
2014-05-01T21:00:00.000000Z,6.2545,6.255,6.254,
2014-05-03T21:00:00.000000Z,6.2471999999999985,6.2475,6.2469,
2014-05-04T21:00:00.000000Z,6.2348,6.2352,6.2344,
2014-05-05T21:00:00.000000Z,6.2282,6.2286,6.2278,
2014-05-06T21:00:00.000000Z,6.232,6.2323,6.2317,
2014-05-07T21:00:00.000000Z,6.2299,6.2302,6.2296,
2014-05-08T21:00:00.000000Z,6.2351,6.237,6.2332,
2014-05-10T21:00:00.000000Z,6.2362,6.2365,6.2359,
2014-05-11T21:00:00.000000Z,6.2433999999999985,6.2437,6.2431,
2014-05-12T21:00:00.000000Z,6.23,6.2315,6.2285,
2014-05-13T21:00:00.000000Z,6.2272,6.2277,6.2267,
2014-05-14T21:00:00.000000Z,6.2321,6.2325,6.2317,
2014-05-15T21:00:00.000000Z,6.23265,6.2333,6.232,
2014-05-17T21:00:00.000000Z,6.2391000000000005,6.2401,6.2381,
2014-05-18T21:00:00.000000Z,6.2376000000000005,6.2379,6.2373,
2014-05-19T21:00:00.000000Z,6.2367,6.2377,6.2357,
2014-05-20T21:00:00.000000Z,6.2327,6.2337,6.2317,
2014-05-21T21:00:00.000000Z,6.2357999999999985,6.2368,6.2348,
2014-05-22T21:00:00.000000Z,6.23475,6.2355,6.234,
2014-05-24T21:00:00.000000Z,6.2366,6.2371,6.2361,
2014-05-25T21:00:00.000000Z,6.2415,6.2419,6.2411,
2014-05-26T21:00:00.000000Z,6.263,6.2639999999999985,6.2620000000000005,
2014-05-27T21:00:00.000000Z,6.25665,6.257999999999999,6.2553,
2014-05-28T21:00:00.000000Z,6.2473,6.2477,6.2469,
2014-05-29T21:00:00.000000Z,6.2475000000000005,6.2485,6.2465,
2014-05-31T21:00:00.000000Z,6.24915,6.2496,6.2487,
2014-06-01T21:00:00.000000Z,6.2491,6.2501,6.2481,
2014-06-02T21:00:00.000000Z,6.2565,6.2568,6.2562,
2014-06-03T21:00:00.000000Z,6.25725,6.2576,6.2569,
2014-06-04T21:00:00.000000Z,6.2511,6.2514,6.2508,
2014-06-05T21:00:00.000000Z,6.2447,6.2455,6.2439,
2014-06-07T21:00:00.000000Z,6.234,6.2355,6.2325,
2014-06-08T21:00:00.000000Z,6.22565,6.226,6.2253,
2014-06-09T21:00:00.000000Z,6.224,6.2245,6.2235,
2014-06-10T21:00:00.000000Z,6.222,6.2225,6.2215,
2014-06-11T21:00:00.000000Z,6.2090999999999985,6.2101,6.2081,
2014-06-12T21:00:00.000000Z,6.2121,6.2124,6.2118,
2014-06-14T21:00:00.000000Z,6.211500000000001,6.2120000000000015,6.211,
2014-06-15T21:00:00.000000Z,6.2304999999999975,6.2315,6.2295,
2014-06-16T21:00:00.000000Z,6.23209,6.23214,6.2320400000000005,
2014-06-17T21:00:00.000000Z,6.225669999999999,6.22572,6.2256199999999975,
2014-06-18T21:00:00.000000Z,6.22958,6.22963,6.2295300000000005,
2014-06-19T21:00:00.000000Z,6.2279300000000015,6.2279800000000005,6.22788,
2014-06-21T21:00:00.000000Z,6.22795,6.228,6.2279,
2014-06-22T21:00:00.000000Z,6.22339,6.22344,6.22334,
2014-06-23T21:00:00.000000Z,6.23264,6.23269,6.23259,
2014-06-24T21:00:00.000000Z,6.22802,6.22807,6.22797,
2014-06-25T21:00:00.000000Z,6.2248,6.22485,6.22475,
2014-06-26T21:00:00.000000Z,6.21505,6.2151,6.215,
2014-06-28T21:00:00.000000Z,6.21529,6.21534,6.2152400000000005,
2014-06-29T21:00:00.000000Z,6.205380000000001,6.2054300000000016,6.20533,
2014-06-30T21:00:00.000000Z,6.2037900000000015,6.2038400000000005,6.20374,
2014-07-01T21:00:00.000000Z,6.21558,6.21563,6.21553,
2014-07-02T21:00:00.000000Z,6.21128,6.21133,6.2112300000000005,
2014-07-03T21:00:00.000000Z,6.20611,6.20616,6.20606,
2014-07-05T21:00:00.000000Z,6.20536,6.20541,6.20531,
2014-07-06T21:00:00.000000Z,6.202459999999999,6.20251,6.20241,
2014-07-07T21:00:00.000000Z,6.20365,6.2037,6.2036,
2014-07-08T21:00:00.000000Z,6.19611,6.19616,6.19606,
2014-07-09T21:00:00.000000Z,6.203169999999997,6.20322,6.2031199999999975,
2014-07-10T21:00:00.000000Z,6.20394,6.20399,6.20389,
2014-07-12T21:00:00.000000Z,6.20443,6.20448,6.2043800000000005,
2014-07-13T21:00:00.000000Z,6.20873,6.20878,6.20868,
2014-07-14T21:00:00.000000Z,6.2155000000000005,6.21555,6.21545,
2014-07-15T21:00:00.000000Z,6.20817,6.20822,6.20812,
2014-07-16T21:00:00.000000Z,6.20676,6.20681,6.20671,
2014-07-17T21:00:00.000000Z,6.20676,6.20681,6.20671,
2014-07-20T21:00:00.000000Z,6.20515,6.20555,6.20475,
2014-07-21T21:00:00.000000Z,6.20315,6.2034,6.2029,
2014-07-22T21:00:00.000000Z,6.19187,6.1927900000000005,6.19095,
2014-07-23T21:00:00.000000Z,6.191255,6.19165,6.19086,
2014-07-24T21:00:00.000000Z,6.18877,6.1900900000000005,6.18745,
2014-07-27T21:00:00.000000Z,6.1812900000000015,6.18163,6.18095,
2014-07-28T21:00:00.000000Z,6.1811050000000005,6.18181,6.1804,
2014-07-29T21:00:00.000000Z,6.173005,6.17346,6.17255,
2014-07-30T21:00:00.000000Z,6.180275,6.1809,6.17965,
2014-07-31T21:00:00.000000Z,6.174010000000001,6.1750300000000005,6.17299,
2014-08-03T21:00:00.000000Z,6.173995,6.17425,6.17374,
2014-08-04T21:00:00.000000Z,6.169315,6.16979,6.16884,
2014-08-05T21:00:00.000000Z,6.160645,6.16097,6.16032,
2014-08-06T21:00:00.000000Z,6.1665899999999985,6.16705,6.16613,
2014-08-07T21:00:00.000000Z,6.155005,6.15736,6.15265,
2014-08-10T21:00:00.000000Z,6.15385,6.15425,6.15345,
2014-08-11T21:00:00.000000Z,6.159890000000001,6.16014,6.15964,
2014-08-12T21:00:00.000000Z,6.158785,6.15915,6.15842,
2014-08-13T21:00:00.000000Z,6.15185,6.1522,6.1515,
2014-08-14T21:00:00.000000Z,6.14676,6.15176,6.14176,
2014-08-17T21:00:00.000000Z,6.14104,6.14135,6.1407300000000005,
2014-08-18T21:00:00.000000Z,6.144685000000001,6.14559,6.1437800000000005,
2014-08-19T21:00:00.000000Z,6.14467,6.14508,6.14426,
2014-08-20T21:00:00.000000Z,6.1543100000000015,6.15489,6.15373,
2014-08-21T21:00:00.000000Z,6.1570800000000006,6.15955,6.15461,
2014-08-24T21:00:00.000000Z,6.1549,6.15535,6.15445,
2014-08-25T21:00:00.000000Z,6.150595,6.15095,6.15024,
2014-08-26T21:00:00.000000Z,6.14386,6.14427,6.14345,
2014-08-27T21:00:00.000000Z,6.150165,6.15075,6.14958,
2014-08-28T21:00:00.000000Z,6.149279999999999,6.15171,6.14685,
2014-08-31T21:00:00.000000Z,6.145855,6.14635,6.14536,
2014-09-01T21:00:00.000000Z,6.1523,6.1532,6.1514,
2014-09-02T21:00:00.000000Z,6.1448800000000015,6.14541,6.14435,
2014-09-03T21:00:00.000000Z,6.14677,6.14715,6.14639,
2014-09-04T21:00:00.000000Z,6.141489999999999,6.14432,6.13866,
2014-09-07T21:00:00.000000Z,6.13976,6.14007,6.13945,
2014-09-08T21:00:00.000000Z,6.138525,6.13906,6.13799,
2014-09-09T21:00:00.000000Z,6.13326,6.13387,6.13265,
2014-09-10T21:00:00.000000Z,6.1368199999999975,6.13716,6.1364800000000015,
2014-09-11T21:00:00.000000Z,6.1406199999999975,6.14336,6.13788,
2014-09-14T21:00:00.000000Z,6.1700550000000005,6.17085,6.16926,
2014-09-15T21:00:00.000000Z,6.15597,6.15634,6.1556,
2014-09-16T21:00:00.000000Z,6.1580150000000025,6.15854,6.15749,
2014-09-17T21:00:00.000000Z,6.145785,6.14622,6.14535,
2014-09-18T21:00:00.000000Z,6.14419,6.14481,6.14357,
2014-09-21T21:00:00.000000Z,6.1531400000000005,6.15364,6.15264,
2014-09-22T21:00:00.000000Z,6.142115,6.143,6.14123,
2014-09-23T21:00:00.000000Z,6.139309999999997,6.1398699999999975,6.13875,
2014-09-24T21:00:00.000000Z,6.1473900000000015,6.1482,6.14658,
2014-09-25T21:00:00.000000Z,6.144245,6.1468,6.1416900000000005,
2014-09-28T21:00:00.000000Z,6.1788500000000015,6.17985,6.17785,
2014-09-29T21:00:00.000000Z,6.1791300000000025,6.17942,6.17884,
2014-09-30T21:00:00.000000Z,6.17047,6.17085,6.17009,
2014-10-01T21:00:00.000000Z,6.1607449999999995,6.162000000000001,6.15949,
2014-10-02T21:00:00.000000Z,6.167495,6.1703199999999985,6.16467,
2014-10-05T21:00:00.000000Z,6.15254,6.1540300000000006,6.15105,
2014-10-06T21:00:00.000000Z,6.14708,6.14745,6.14671,
2014-10-07T21:00:00.000000Z,6.1385450000000015,6.13961,6.13748,
2014-10-08T21:00:00.000000Z,6.139025,6.13949,6.13856,
2014-10-09T21:00:00.000000Z,6.14124,6.14228,6.1402,
2014-10-12T21:00:00.000000Z,6.135785,6.1363400000000015,6.13523,
2014-10-13T21:00:00.000000Z,6.1414849999999985,6.14251,6.14046,
2014-10-14T21:00:00.000000Z,6.1348699999999985,6.1357,6.13404,
2014-10-15T21:00:00.000000Z,6.14255,6.14329,6.14181,
2014-10-16T21:00:00.000000Z,6.14135,6.14245,6.14025,
2014-10-19T21:00:00.000000Z,6.1330550000000015,6.1338300000000014,6.1322800000000015,
2014-10-20T21:00:00.000000Z,6.12754,6.12791,6.12717,
2014-10-21T21:00:00.000000Z,6.124569999999999,6.12518,6.12396,
2014-10-22T21:00:00.000000Z,6.1253150000000005,6.12587,6.12476,
2014-10-23T21:00:00.000000Z,6.1238449999999975,6.12504,6.12265,
2014-10-26T21:00:00.000000Z,6.1197750000000015,6.12014,6.11941,
2014-10-27T21:00:00.000000Z,6.114175,6.11499,6.11336,
2014-10-28T21:00:00.000000Z,6.1170399999999985,6.11761,6.11647,
2014-10-29T21:00:00.000000Z,6.11744,6.11831,6.1165699999999985,
2014-10-30T21:00:00.000000Z,6.127945000000001,6.1295800000000025,6.12631,
2014-11-02T22:00:00.000000Z,6.13006,6.13061,6.12951,
2014-11-03T22:00:00.000000Z,6.1179950000000005,6.1185300000000025,6.11746,
2014-11-04T22:00:00.000000Z,6.12092,6.12161,6.12023,
2014-11-05T22:00:00.000000Z,6.12301,6.12486,6.12116,
2014-11-06T22:00:00.000000Z,6.1355,6.13809,6.13291,
2014-11-09T22:00:00.000000Z,6.1241150000000015,6.1247,6.1235300000000015,
2014-11-10T22:00:00.000000Z,6.1284199999999975,6.12997,6.1268699999999985,
2014-11-11T22:00:00.000000Z,6.1322449999999975,6.13278,6.13171,
2014-11-12T22:00:00.000000Z,6.1296599999999986,6.13035,6.12897,
2014-11-13T22:00:00.000000Z,6.130125,6.131,6.12925,
2014-11-16T22:00:00.000000Z,6.1261,6.12675,6.12545,
2014-11-17T22:00:00.000000Z,6.11786,6.11868,6.11704,
2014-11-18T22:00:00.000000Z,6.12519,6.12603,6.12435,
2014-11-19T22:00:00.000000Z,6.12566,6.1264,6.12492,
2014-11-20T22:00:00.000000Z,6.13441,6.13638,6.13244,
2014-11-23T22:00:00.000000Z,6.1593,6.1599,6.1587,
2014-11-24T22:00:00.000000Z,6.146635,6.14736,6.14591,
2014-11-25T22:00:00.000000Z,6.14942,6.15069,6.14815,
2014-11-26T22:00:00.000000Z,6.14691,6.14767,6.14615,
2014-11-27T22:00:00.000000Z,6.160355,6.16292,6.15779,
2014-11-30T22:00:00.000000Z,6.15808,6.15872,6.15744,
2014-12-01T22:00:00.000000Z,6.15667,6.15715,6.1561900000000005,
2014-12-02T22:00:00.000000Z,6.147405000000001,6.14798,6.1468300000000005,
2014-12-03T22:00:00.000000Z,6.15188,6.15245,6.15131,
2014-12-04T22:00:00.000000Z,6.1594,6.16162,6.15718,
2014-12-07T22:00:00.000000Z,6.173155,6.1740900000000005,6.1722199999999985,
2014-12-08T22:00:00.000000Z,6.1876250000000015,6.1883,6.18695,
2014-12-09T22:00:00.000000Z,6.1798350000000015,6.18125,6.17842,
2014-12-10T22:00:00.000000Z,6.19632,6.197,6.19564,
2014-12-11T22:00:00.000000Z,6.1954150000000014,6.1966800000000015,6.19415,
2014-12-14T22:00:00.000000Z,6.1991200000000015,6.20005,6.19819,
2014-12-15T22:00:00.000000Z,6.192805,6.19352,6.19209,
2014-12-16T22:00:00.000000Z,6.2020550000000005,6.20357,6.20054,
2014-12-17T22:00:00.000000Z,6.220715,6.22133,6.2201,
2014-12-18T22:00:00.000000Z,6.223825,6.2251,6.22255,
2014-12-21T22:00:00.000000Z,6.2195649999999985,6.2210199999999976,6.21811,
2014-12-22T22:00:00.000000Z,6.231145,6.23219,6.2301,
2014-12-23T22:00:00.000000Z,6.22547,6.22611,6.22483,
2014-12-25T22:00:00.000000Z,6.217650000000001,6.21975,6.21555,
2014-12-28T22:00:00.000000Z,6.2335600000000015,6.23459,6.2325300000000015,
2014-12-29T22:00:00.000000Z,6.2169050000000015,6.21752,6.21629,
2014-12-30T22:00:00.000000Z,6.21927,6.21977,6.21877,
2015-01-01T22:00:00.000000Z,6.22792,6.23015,6.22569,
2015-01-04T22:00:00.000000Z,6.2277400000000025,6.22843,6.22705,
2015-01-05T22:00:00.000000Z,6.2123550000000005,6.21333,6.21138,
2015-01-06T22:00:00.000000Z,6.216085,6.21694,6.21523,
2015-01-07T22:00:00.000000Z,6.2182049999999975,6.21884,6.2175699999999985,
2015-01-08T22:00:00.000000Z,6.205329999999997,6.2069199999999976,6.20374,
2015-01-11T22:00:00.000000Z,6.19717,6.1977400000000005,6.1966,
2015-01-12T22:00:00.000000Z,6.1963849999999985,6.19696,6.19581,
2015-01-13T22:00:00.000000Z,6.19422,6.19492,6.19352,
2015-01-14T22:00:00.000000Z,6.21049,6.21146,6.20952,
2015-01-15T22:00:00.000000Z,6.2384949999999995,6.24051,6.23648,
2015-01-18T22:00:00.000000Z,6.223965,6.2245,6.2234300000000005,
2015-01-19T22:00:00.000000Z,6.2212049999999985,6.22244,6.21997,
2015-01-20T22:00:00.000000Z,6.21678,6.21774,6.21582,
2015-01-21T22:00:00.000000Z,6.221155,6.22179,6.22052,
2015-01-22T22:00:00.000000Z,6.252265,6.25575,6.24878,
2015-01-25T22:00:00.000000Z,6.2551000000000005,6.25582,6.25438,
2015-01-26T22:00:00.000000Z,6.2432250000000025,6.24437,6.2420800000000005,
2015-01-27T22:00:00.000000Z,6.25896,6.26003,6.25789,
2015-01-28T22:00:00.000000Z,6.261595,6.26225,6.26094,
2015-01-29T22:00:00.000000Z,6.28351,6.28585,6.28117,
2015-02-01T22:00:00.000000Z,6.2671600000000005,6.26781,6.26651,
2015-02-02T22:00:00.000000Z,6.256829999999999,6.257999999999999,6.25566,
2015-02-03T22:00:00.000000Z,6.256429999999997,6.25714,6.2557199999999975,
2015-02-04T22:00:00.000000Z,6.242625,6.24335,6.2419,
2015-02-05T22:00:00.000000Z,6.24798,6.24984,6.24612,
2015-02-08T22:00:00.000000Z,6.2538750000000025,6.2544900000000005,6.25326,
2015-02-09T22:00:00.000000Z,6.25666,6.25732,6.256,
2015-02-10T22:00:00.000000Z,6.24655,6.24745,6.24565,
2015-02-11T22:00:00.000000Z,6.240705,6.24124,6.24017,
2015-02-12T22:00:00.000000Z,6.2431,6.24805,6.23815,
2015-02-15T22:00:00.000000Z,6.266355,6.2682699999999985,6.2644400000000005,
2015-02-16T22:00:00.000000Z,6.2762,6.2771300000000005,6.27527,
2015-02-17T22:00:00.000000Z,6.27382,6.2745,6.27314,
2015-02-18T22:00:00.000000Z,6.2777949999999985,6.2783,6.27729,
2015-02-19T22:00:00.000000Z,6.277955,6.28085,6.27506,
2015-02-22T22:00:00.000000Z,6.273065000000001,6.27374,6.2723900000000015,
2015-02-23T22:00:00.000000Z,6.263145,6.2639999999999985,6.26229,
2015-02-24T22:00:00.000000Z,6.27102,6.27196,6.27008,
2015-02-25T22:00:00.000000Z,6.278645,6.27937,6.27792,
2015-02-26T22:00:00.000000Z,6.287155,6.29066,6.28365,
2015-03-01T22:00:00.000000Z,6.290484999999999,6.29115,6.28982,
2015-03-02T22:00:00.000000Z,6.28647,6.28776,6.28518,
2015-03-03T22:00:00.000000Z,6.287875,6.28894,6.28681,
2015-03-04T22:00:00.000000Z,6.274545,6.27612,6.27297,
2015-03-05T22:00:00.000000Z,6.2842150000000006,6.2858800000000015,6.28255,
2015-03-08T21:00:00.000000Z,6.273130000000003,6.27378,6.2724800000000025,
2015-03-09T21:00:00.000000Z,6.28365,6.28426,6.28304,
2015-03-10T21:00:00.000000Z,6.2782800000000005,6.27923,6.27733,
2015-03-11T21:00:00.000000Z,6.27577,6.27692,6.27462,
2015-03-12T21:00:00.000000Z,6.2857249999999985,6.28749,6.28396,
2015-03-15T21:00:00.000000Z,6.270009999999999,6.27082,6.2692,
2015-03-16T21:00:00.000000Z,6.248145,6.24875,6.24754,
2015-03-17T21:00:00.000000Z,6.22337,6.2247900000000005,6.22195,
2015-03-18T21:00:00.000000Z,6.21635,6.21705,6.21565,
2015-03-19T21:00:00.000000Z,6.203405,6.20493,6.20188,
2015-03-22T21:00:00.000000Z,6.20488,6.20565,6.20411,
2015-03-23T21:00:00.000000Z,6.2106049999999975,6.21156,6.20965,
2015-03-24T21:00:00.000000Z,6.211575,6.21256,6.21059,
2015-03-25T21:00:00.000000Z,6.216284999999999,6.21707,6.2155,
2015-03-26T21:00:00.000000Z,6.21195,6.21405,6.20985,
2015-03-29T21:00:00.000000Z,6.2082700000000015,6.20919,6.20735,
2015-03-30T21:00:00.000000Z,6.205605,6.20643,6.20478,
2015-03-31T21:00:00.000000Z,6.2049449999999995,6.20713,6.20276,
2015-04-01T21:00:00.000000Z,6.20003,6.2011,6.19896,
2015-04-02T21:00:00.000000Z,6.1961999999999975,6.19835,6.19405,
2015-04-05T21:00:00.000000Z,6.1962100000000015,6.19714,6.19528,
2015-04-06T21:00:00.000000Z,6.200475,6.20115,6.1998,
2015-04-07T21:00:00.000000Z,6.2067700000000015,6.20729,6.20625,
2015-04-08T21:00:00.000000Z,6.218725,6.21959,6.21786,
2015-04-09T21:00:00.000000Z,6.218245,6.2194,6.21709,
2015-04-12T21:00:00.000000Z,6.2256800000000005,6.2266900000000005,6.22467,
2015-04-13T21:00:00.000000Z,6.21467,6.21558,6.21376,
2015-04-14T21:00:00.000000Z,6.2008300000000025,6.20146,6.2002,
2015-04-15T21:00:00.000000Z,6.18841,6.18928,6.18754,
2015-04-16T21:00:00.000000Z,6.1947550000000025,6.19776,6.19175,
2015-04-19T21:00:00.000000Z,6.1961200000000005,6.19711,6.1951300000000025,
2015-04-20T21:00:00.000000Z,6.197175,6.19795,6.1964,
2015-04-21T21:00:00.000000Z,6.194635,6.19515,6.19412,
2015-04-22T21:00:00.000000Z,6.190965,6.19192,6.19001,
2015-04-23T21:00:00.000000Z,6.1964799999999975,6.19945,6.19351,
2015-04-26T21:00:00.000000Z,6.21745,6.2182900000000005,6.21661,
2015-04-27T21:00:00.000000Z,6.2045200000000005,6.2052,6.2038400000000005,
2015-04-28T21:00:00.000000Z,6.20165,6.20255,6.20075,
2015-04-29T21:00:00.000000Z,6.208120000000001,6.20886,6.2073800000000015,
2015-04-30T21:00:00.000000Z,6.213025,6.215,6.21105,
2015-05-03T21:00:00.000000Z,6.2117949999999995,6.21244,6.21115,
2015-05-04T21:00:00.000000Z,6.206809999999999,6.2074099999999985,6.20621,
2015-05-05T21:00:00.000000Z,6.20233,6.20291,6.20175,
2015-05-06T21:00:00.000000Z,6.212615000000001,6.21344,6.2117900000000015,
2015-05-07T21:00:00.000000Z,6.2082099999999985,6.21017,6.20625,
2015-05-10T21:00:00.000000Z,6.213115,6.2140900000000014,6.21214,
2015-05-11T21:00:00.000000Z,6.2089,6.20966,6.20814,
2015-05-12T21:00:00.000000Z,6.20043,6.20111,6.19975,
2015-05-13T21:00:00.000000Z,6.204415,6.20545,6.20338,
2015-05-14T21:00:00.000000Z,6.202555,6.2043599999999985,6.20075,
2015-05-17T21:00:00.000000Z,6.205965,6.20664,6.20529,
2015-05-18T21:00:00.000000Z,6.20939,6.21004,6.20874,
2015-05-19T21:00:00.000000Z,6.20584,6.2065800000000015,6.2051,
2015-05-20T21:00:00.000000Z,6.19689,6.19762,6.19616,
2015-05-21T21:00:00.000000Z,6.2011,6.20309,6.19911,
2015-05-24T21:00:00.000000Z,6.202110000000001,6.20339,6.2008300000000025,
2015-05-25T21:00:00.000000Z,6.209365,6.20991,6.2088199999999985,
2015-05-26T21:00:00.000000Z,6.204935000000001,6.20563,6.20424,
2015-05-27T21:00:00.000000Z,6.203855000000001,6.20453,6.2031800000000015,
2015-05-28T21:00:00.000000Z,6.201944999999999,6.20295,6.20094,
2015-05-31T21:00:00.000000Z,6.20528,6.20593,6.20463,
2015-06-01T21:00:00.000000Z,6.200815,6.2013300000000005,6.2003,
2015-06-02T21:00:00.000000Z,6.199269999999999,6.19983,6.19871,
2015-06-03T21:00:00.000000Z,6.204935,6.20581,6.20406,
2015-06-04T21:00:00.000000Z,6.211725,6.21355,6.2099,
2015-06-07T21:00:00.000000Z,6.2087900000000005,6.20927,6.20831,
2015-06-08T21:00:00.000000Z,6.21169,6.21232,6.21106,
2015-06-09T21:00:00.000000Z,6.20834,6.20913,6.20755,
2015-06-10T21:00:00.000000Z,6.212059999999999,6.2126199999999985,6.2115,
2015-06-11T21:00:00.000000Z,6.215835,6.21812,6.21355,
2015-06-14T21:00:00.000000Z,6.212735000000001,6.2134300000000025,6.21204,
2015-06-15T21:00:00.000000Z,6.208985,6.20962,6.20835,
2015-06-16T21:00:00.000000Z,6.2038100000000025,6.20458,6.2030400000000006,
2015-06-17T21:00:00.000000Z,6.2033749999999985,6.20408,6.20267,
2015-06-18T21:00:00.000000Z,6.2073849999999995,6.20836,6.20641,
2015-06-21T21:00:00.000000Z,6.2033000000000005,6.20413,6.20247,
2015-06-22T21:00:00.000000Z,6.20027,6.20092,6.19962,
2015-06-23T21:00:00.000000Z,6.20138,6.20213,6.20063,
2015-06-24T21:00:00.000000Z,6.20395,6.20452,6.20338,
2015-06-25T21:00:00.000000Z,6.20624,6.20674,6.2057400000000005,
2015-06-28T21:00:00.000000Z,6.2076400000000005,6.20857,6.20671,
2015-06-29T21:00:00.000000Z,6.20713,6.20781,6.20645,
2015-06-30T21:00:00.000000Z,6.2050199999999975,6.20579,6.20425,
2015-07-01T21:00:00.000000Z,6.20262,6.20337,6.20187,
2015-07-02T21:00:00.000000Z,6.206355,6.21127,6.20144,
2015-07-05T21:00:00.000000Z,6.21257,6.21349,6.21165,
2015-07-06T21:00:00.000000Z,6.2219099999999985,6.22253,6.22129,
2015-07-07T21:00:00.000000Z,6.22275,6.2234300000000005,6.22207,
2015-07-08T21:00:00.000000Z,6.2171650000000005,6.21796,6.21637,
2015-07-09T21:00:00.000000Z,6.217129999999999,6.22036,6.2139,
2015-07-12T21:00:00.000000Z,6.2164850000000005,6.21711,6.21586,
2015-07-13T21:00:00.000000Z,6.21419,6.21459,6.21379,
2015-07-14T21:00:00.000000Z,6.215299999999999,6.2160699999999975,6.21453,
2015-07-15T21:00:00.000000Z,6.213655,6.21436,6.21295,
2015-07-16T21:00:00.000000Z,6.212675,6.2141,6.21125,
2015-07-19T21:00:00.000000Z,6.214035,6.21462,6.21345,
2015-07-20T21:00:00.000000Z,6.20955,6.21017,6.2089300000000005,
2015-07-21T21:00:00.000000Z,6.21213,6.21322,6.2110400000000014,
2015-07-22T21:00:00.000000Z,6.2138399999999985,6.21479,6.21289,
2015-07-23T21:00:00.000000Z,6.22766,6.22944,6.22588,
2015-07-26T21:00:00.000000Z,6.21974,6.22045,6.21903,40064.0
2015-07-27T21:00:00.000000Z,6.2172199999999975,6.21792,6.21652,35040.0
2015-07-28T21:00:00.000000Z,6.21772,6.21795,6.21749,25456.0
2015-07-29T21:00:00.000000Z,6.220703125,6.22265625,6.21875,23552.0
2015-07-30T21:00:00.000000Z,6.220703125,6.22265625,6.21875,32544.0
2015-08-02T21:00:00.000000Z,6.220703125,6.22265625,6.21875,18864.0
2015-08-03T21:00:00.000000Z,6.21875,6.21875,6.21875,38112.0
2015-08-04T21:00:00.000000Z,6.21875,6.21875,6.21875,29424.0
2015-08-05T21:00:00.000000Z,6.21875,6.21875,6.21875,14560.0
2015-08-06T21:00:00.000000Z,6.21875,6.21875,6.21875,28768.0
2015-08-09T21:00:00.000000Z,6.21484375,6.21484375,6.21484375,18144.0
2015-08-10T21:00:00.000000Z,6.359375,6.359375,6.359375,inf
2015-08-11T21:00:00.000000Z,6.515625,6.515625,6.515625,50176.0
2015-08-12T21:00:00.000000Z,6.462890625,6.46484375,6.4609375,inf
2015-08-13T21:00:00.000000Z,6.439453125,6.44140625,6.4375,60768.0
2015-08-16T21:00:00.000000Z,6.443359375,6.4453125,6.44140625,inf
2015-08-17T21:00:00.000000Z,6.44140625,6.44140625,6.44140625,inf
2015-08-18T21:00:00.000000Z,6.458984375,6.4609375,6.45703125,inf
2015-08-19T21:00:00.000000Z,,6.453125,6.44921875,1455.0
2015-08-20T21:00:00.000000Z,,6.44921875,6.44921875,inf
